"Year","Doctype","Publisher","Venue","Title","DOI","Citations","Altmetric","Decision","PubPeer Users"
"2011","article","Public Library of Science (PLoS)","PLOS ONE","Age Related Changes in NAD+ Metabolism Oxidative Stress and Sirt1 Activity in Wistar Rats","10.1371/journal.pone.0019194","564","80","2024-11-13 retracted","Elisabeth M Bik, Edentulina Martensi, Mycosphaerella Arachidis, Encoelia Furfuracea, Mastigona Mutabile, Pittosporum Tenuifolium, Nocardioides Hwasunensis"
"2006","article","Public Library of Science (PLoS)","PLOS Pathogens","RETRACTED > Identification of a Novel Gammaretrovirus in Prostate Tumors of Patients Homozygous for R462Q RNASEL Variant","10.1371/journal.ppat.0020025","498","130","2012-09-18 retracted","Guillaume Cabanac"
"2015","article","Public Library of Science (PLoS)","PLOS ONE","RETRACTED > Standardised Mindfulness-Based Interventions in Healthcare: An Overview of Systematic Reviews and Meta-Analyses of RCTs","10.1371/journal.pone.0124344","496","243","2019-04-12 retracted","Orthosia Calycina"
"2011","article","Public Library of Science (PLoS)","PLOS ONE","Passive Immunization Reduces Behavioral and Neuropathological Deficits in an Alpha-Synuclein Transgenic Model of Lewy Body Disease","10.1371/journal.pone.0019338","409","50","2024-11-13 retracted","Elisabeth M Bik, Aneurus Inconstans, Dysdera Arabisenen, Encoelia Furfuracea, Matthew Schrag, Illex Illecebrosus"
"2021","article","Public Library of Science (PLoS)","PLOS ONE","RETRACTED > Application of local fully Convolutional Neural Network combined with YOLO v5 algorithm in small target detection of remote sensing image","10.1371/journal.pone.0259283","406","0","2023-09-07 retracted","Hoya Camphorifolia, Rhipidura Albiventris"
"2010","article","Public Library of Science (PLoS)","PLOS ONE","Selective Molecular Alterations in the Autophagy Pathway in Patients with Lewy Body Disease and in Models of α-Synucleinopathy","10.1371/journal.pone.0009313","357","31","2024-11-13 retracted","Elisabeth M Bik, Actinopolyspora Biskrensis, Encoelia Furfuracea"
"2013","article","Public Library of Science (PLoS)","PLOS ONE","Resveratrol Inhibits Invasion and Metastasis of Colorectal Cancer Cells via MALAT1 Mediated Wnt/β-Catenin Signal Pathway","10.1371/journal.pone.0078700","356","4","2025-07-14 retracted","Hoya Camphorifolia, Actinopolyspora Biskrensis, Yersinia Wautersii, Qi Li"
"2016","article","Public Library of Science (PLoS)","PLOS ONE","RETRACTED > The Circular RNA Cdr1as Act as an Oncogene in Hepatocellular Carcinoma through Targeting miR-7 Expression","10.1371/journal.pone.0158347","331","4","2023-03-29 retracted","Hoya Camphorifolia"
"2010","article","Public Library of Science (PLoS)","PLOS Biology","RETRACTED > IL-6 and IL-10 Anti-Inflammatory Activity Links Exercise to Hypothalamic Insulin and Leptin Sensitivity through IKKβ and ER Stress Inhibition","10.1371/journal.pbio.1000465","291","21","2023-04-04 retracted","Unregistered Submission, Actinopolyspora Biskrensis, Hortia Oreadica, Kyklioacalles Astragali, Puffinus Colstoni, Gerris Caucasicus, Baumanella Alameda"
"2009","article","Public Library of Science (PLoS)","PLOS Pathogens","RETRACTED > Innate Immune Sensing of Modified Vaccinia Virus Ankara (MVA) Is Mediated by TLR2-TLR6, MDA-5 and the NALP3 Inflammasome","10.1371/journal.ppat.1000480","276","10","2022-01-25 retracted","Bryum Arachnoideum"
"2021","article","Public Library of Science (PLoS)","PLOS ONE","RETRACTED > The anti-vaccination infodemic on social media: A behavioral analysis","10.1371/journal.pone.0247642","270","699","2022-12-22 retracted","Gerris Caucasicus"
"2008","article","Public Library of Science (PLoS)","PLOS ONE","Mechanisms of Hybrid Oligomer Formation in the Pathogenesis of Combined Alzheimer's and Parkinson's Diseases","10.1371/journal.pone.0003135","263","14","2025-03-18 retracted","Elisabeth M Bik"
"2008","article","Public Library of Science (PLoS)","PLOS ONE","Breast Tumor Cells with PI3K Mutation or HER2 Amplification Are Selectively Addicted to Akt Signaling","10.1371/journal.pone.0003065","261","12","2026-01-21 retracted","Jamides Zebra, Austrostipa Dongicola"
"2013","article","Public Library of Science (PLoS)","PLOS ONE","RETRACTED > Overexpression of YAP and TAZ Is an Independent Predictor of Prognosis in Colorectal Cancer and Related to the Proliferation and Metastasis of Colon Cancer Cells","10.1371/journal.pone.0065539","251","0","2023-02-07 retracted","Elisabeth M Bik, Qing Zhu, Lijuan Wang"
"2020","article","Public Library of Science (PLoS)","PLOS ONE","Vitamin D sufficiency, a serum 25-hydroxyvitamin D at least 30 ng/mL reduced risk for adverse clinical outcomes in patients with COVID-19 infection","10.1371/journal.pone.0239799","243","1421","2024-06-06 retracted","Nicholas J. L. Brown, Actinopolyspora Biskrensis, Tagiades Flesus, Charadra Pata, Alexander Magazinov, Aquipuribacter Hungaricus"
"2011","article","Public Library of Science (PLoS)","PLOS Biology","RETRACTED > Gut Microbiota Is a Key Modulator of Insulin Resistance in TLR 2 Knockout Mice","10.1371/journal.pbio.1001212","240","72","2016-05-23 retracted","Paul S Brookes, Unregistered Submission, Peer 1, Peer 2, Peer 6, Peer 7, Calotis Cuneifolia"
"2016","article","Public Library of Science (PLoS)","PLOS ONE","Responses of Rapid Viscoanalyzer Profile and Other Rice Grain Qualities to Exogenously Applied Plant Growth Regulators under High Day and High Night Temperatures","10.1371/journal.pone.0159590","236","1","2024-09-18 retracted","Hoya Camphorifolia"
"2005","article","Public Library of Science (PLoS)","PLOS Biology","RETRACTED > Neutralizing Aptamers from Whole-Cell SELEX Inhibit the RET Receptor Tyrosine Kinase","10.1371/journal.pbio.0030123","230","25","2015-07-17 retracted","Peer 1"
"2020","article","Public Library of Science (PLoS)","PLOS ONE","ACC-deaminase producing plant growth promoting rhizobacteria and biochar mitigate adverse effects of drought stress on maize growth","10.1371/journal.pone.0230615","219","1","2022-11-16 retracted","–"
"2017","article","Public Library of Science (PLoS)","PLOS Biology","RETRACTED > Brain–Computer Interface–Based Communication in the Completely Locked-In State","10.1371/journal.pbio.1002593","214","2183","2019-12-16 retracted","Martin Spüler, Xenorhina Fuscigula, Astroloma Tectum, Potentilla Humifusa, Akanthomyces Koratensis"
"2010","article","Public Library of Science (PLoS)","PLOS Neglected Tropical Diseases","Coxiella burnetii in Humans and Ticks in Rural Senegal","10.1371/journal.pntd.0000654","211","5","2026-04-09 retracted","Elisabeth M Bik, Thomas Kesteman"
"2015","article","Public Library of Science (PLoS)","PLOS ONE","Berberine Inhibits Invasion and Metastasis of Colorectal Cancer Cells via COX-2/PGE2 Mediated JAK2/STAT3 Signaling Pathway","10.1371/journal.pone.0123478","183","2","2025-07-14 retracted","Hoya Camphorifolia, Actinopolyspora Biskrensis, Qi Li"
"2020","article","Public Library of Science (PLoS)","PLOS ONE","RETRACTED > Terminal drought and heat stress alter physiological and biochemical attributes in flag leaf of bread wheat","10.1371/journal.pone.0232974","183","0","2023-04-19 retracted","Gerris Caucasicus"
"2011","article","Public Library of Science (PLoS)","PLOS ONE","RETRACTED > Anti-Tumor Activity of a Novel Compound-CDF Is Mediated by Regulating miR-21, miR-200, and PTEN in Pancreatic Cancer","10.1371/journal.pone.0017850","181","11","2018-10-02 retracted","Unregistered Submission, Aphis Rumicis, Aplastodiscus Eugenioi"
"2007","article","Public Library of Science (PLoS)","PLOS Genetics","DNA Damage, Homology-Directed Repair, and DNA Methylation","10.1371/journal.pgen.0030110","179","15","2025-10-27 retracted","Peer 1, Peer 2, Unregistered Submission, Actinopolyspora Biskrensis, Lysobacter Firmicutimachus"
"2013","article","Public Library of Science (PLoS)","PLOS ONE","RETRACTED > MicroRNA-10b Promotes Nucleus Pulposus Cell Proliferation through RhoC-Akt Pathway by Targeting HOXD10 in Intervetebral Disc Degeneration","10.1371/journal.pone.0083080","174","0","2023-03-29 retracted","Hoya Camphorifolia"
"2015","article","Public Library of Science (PLoS)","PLOS ONE","In Vitro and In Vivo Plant Growth Promoting Activities and DNA Fingerprinting of Antagonistic Endophytic Actinomycetes Associates with Medicinal Plants","10.1371/journal.pone.0139468","171","1","2026-01-26 retracted","Actinopolyspora Biskrensis, Bhim Pratap Singh"
"2010","article","Public Library of Science (PLoS)","PLOS ONE","RETRACTED > Vimentin Is a Novel Anti-Cancer Therapeutic Target; Insights from In Vitro and In Vivo Mice Xenograft Studies","10.1371/journal.pone.0010105","166","7","2019-03-21 retracted","Tabebuia Rosea, Hoya Camphorifolia, Hemitripterus Bolini"
"2018","article","Public Library of Science (PLoS)","PLOS ONE","Fine-granularity inference and estimations to network traffic for SDN","10.1371/journal.pone.0194302","158","0","2025-04-23 retracted","Hoya Camphorifolia, Rhipidura Albiventris"
"2010","article","Public Library of Science (PLoS)","PLOS Neglected Tropical Diseases","Tick-Borne Rickettsioses, Neglected Emerging Diseases in Rural Senegal","10.1371/journal.pntd.0000821","154","0","2026-05-26 retracted","Elisabeth M Bik"
"2013","article","Public Library of Science (PLoS)","PLOS ONE","TOM40 Mediates Mitochondrial Dysfunction Induced by α-Synuclein Accumulation in Parkinson’s Disease","10.1371/journal.pone.0062277","153","12","2025-03-03 retracted","Dysdera Arabisenen"
"2017","article","Public Library of Science (PLoS)","PLOS ONE","Long Non-Coding RNA HOTAIR Regulates the Proliferation, Self-Renewal Capacity, Tumor Formation and Migration of the Cancer Stem-Like Cell (CSC) Subpopulation Enriched from Breast Cancer Cells","10.1371/journal.pone.0170860","141","3","2024-03-26 retracted","Hoya Camphorifolia, Mycosphaerella Arachidis"
"2020","article","Public Library of Science (PLoS)","PLOS ONE","Biogenic green synthesis of MgO nanoparticles using Saussurea costus biomasses for a comprehensive detection of their antimicrobial, cytotoxicity against MCF-7 breast cancer cells and photocatalysis potentials","10.1371/journal.pone.0237567","141","3","2026-06-22 retracted","Elisabeth M Bik, Maha F El-Tohamy"
"2013","article","Public Library of Science (PLoS)","PLOS ONE","Tim-3 Expression in Cervical Cancer Promotes Tumor Metastasis","10.1371/journal.pone.0053834","140","9","2024-07-25 retracted","Hoya Camphorifolia, Lotus Azoricus"
"2019","article","Public Library of Science (PLoS)","PLOS ONE","Fecal microbiota transplantation for treatment of recurrent C. difficile infection: An updated randomized controlled trial meta-analysis","10.1371/journal.pone.0210016","139","394","2024-12-13 retracted","Hoya Camphorifolia"
"2013","article","Public Library of Science (PLoS)","PLOS ONE","Specific Transfection of Inflamed Brain by Macrophages: A New Therapeutic Strategy for Neurodegenerative Diseases","10.1371/journal.pone.0061852","139","34","2024-12-17 retracted","Hoya Camphorifolia, Banksia Aquilonia"
"2013","article","Public Library of Science (PLoS)","PLOS ONE","RETRACTED > In Vivo Antioxidant and Antiulcer Activity of Parkia speciosa Ethanolic Leaf Extract against Ethanol-Induced Gastric Ulcer in Rats","10.1371/journal.pone.0064751","139","2","2023-11-10 retracted","Hoya Camphorifolia, Mycosphaerella Arachidis, Illex Illecebrosus"
"2014","article","Public Library of Science (PLoS)","PLOS ONE","GDNF-Transfected Macrophages Produce Potent Neuroprotective Effects in Parkinson's Disease Mouse Model","10.1371/journal.pone.0106867","138","86","2024-12-17 retracted","Hoya Camphorifolia, Oxyethira Obtatus"
"2016","article","Public Library of Science (PLoS)","PLOS Biology","RETRACTED > Exosomes Mediate LTB4 Release during Neutrophil Chemotaxis","10.1371/journal.pbio.1002336","136","25","2021-07-07 retracted","Fleutiauxellus Curatus, Delevea Bertrandi"
"2016","article","Public Library of Science (PLoS)","PLOS ONE","RETRACTED > Curcumin Suppresses Proliferation and Migration of MDA-MB-231 Breast Cancer Cells through Autophagy-Dependent Akt Degradation","10.1371/journal.pone.0146553","134","14","2023-03-15 retracted","Aneurus Inconstans, Changhua Wang"
"2010","article","Public Library of Science (PLoS)","PLOS ONE","RETRACTED > Upregulation of PTEN in Glioma Cells by Cord Blood Mesenchymal Stem Cells Inhibits Migration via Downregulation of the PI3K/Akt Pathway","10.1371/journal.pone.0010350","133","5","2020-03-30 retracted","Lotus Azoricus, Nesocolletes Fulvescens, Leptogenys Diminuta"
"2006","article","Public Library of Science (PLoS)","PLOS Biology","RETRACTED > The RNA-Binding Protein KSRP Promotes Decay of β-Catenin mRNA and Is Inactivated by PI3K-AKT Signaling","10.1371/journal.pbio.0050005","130","9","2015-11-16 retracted","Unregistered Submission, Peer 2"
"2024","article","Public Library of Science (PLoS)","PLOS ONE","Improved Support Vector Machine based on CNN-SVD for vision-threatening diabetic retinopathy detection and classification","10.1371/journal.pone.0295951","130","0","2025-09-22 retracted","Hoya Camphorifolia"
"2021","article","Public Library of Science (PLoS)","PLOS Pathogens","Inhibition of anti-viral stress granule formation by coronavirus endoribonuclease nsp15 ensures efficient virus replication","10.1371/journal.ppat.1008690","129","12","2026-04-08 retracted","–"
"2015","article","Public Library of Science (PLoS)","PLOS ONE","Optimum 3D Matrix Stiffness for Maintenance of Cancer Stem Cells Is Dependent on Tissue Origin of Cancer Cells","10.1371/journal.pone.0132377","129","4","2026-05-28 retracted","Hoya Camphorifolia, Reese Richardson"
"2014","article","Public Library of Science (PLoS)","PLOS ONE","RETRACTED > TiO2 Nanoparticles Induced Hippocampal Neuroinflammation in Mice","10.1371/journal.pone.0092230","127","0","2024-01-11 retracted","Hoya Camphorifolia"
"2009","article","Public Library of Science (PLoS)","PLOS ONE","RETRACTED > Soybean Trihelix Transcription Factors GmGT-2A and GmGT-2B Improve Plant Tolerance to Abiotic Stresses in Transgenic Arabidopsis","10.1371/journal.pone.0006898","127","0","2023-10-09 retracted","Elisabeth M Bik, Hoya Camphorifolia, Actinopolyspora Biskrensis, Jin-Song Zhang"
"2013","article","Public Library of Science (PLoS)","PLOS ONE","RETRACTED > Identification and Characterization of Cells with Cancer Stem Cell Properties in Human Primary Lung Cancer Cell Lines","10.1371/journal.pone.0057020","125","5","2020-04-29 retracted","Eutetrapha Ocelota, Actinocorallia Glomerata"
"2022","article","Public Library of Science (PLoS)","PLOS ONE","RETRACTED: Green synthesis of SiO2 nanoparticles from Rhus coriaria L. extract: Comparison with chemically synthesized SiO2 nanoparticles","10.1371/journal.pone.0268184","125","1","2026-04-09 retracted","Reese Richardson"
"2011","article","Public Library of Science (PLoS)","PLOS ONE","Hydrogen Sulfide Attenuated Tumor Necrosis Factor-α-Induced Inflammatory Signaling and Dysfunction in Vascular Endothelial Cells","10.1371/journal.pone.0019766","123","4","2024-10-01 retracted","Hoya Camphorifolia, Lecithocera Eumenopis"
"2009","article","Public Library of Science (PLoS)","PLOS Genetics","RETRACTED > p63 and p73 Transcriptionally Regulate Genes Involved in DNA Repair","10.1371/journal.pgen.1000680","122","23","2023-03-27 retracted","Elisabeth M Bik, Actinopolyspora Biskrensis, Herbertus Alpinus, Ministeria Vibrans, Elsa R Flores"
"2008","article","Public Library of Science (PLoS)","PLOS ONE","RETRACTED > DJ-1 Modulates α-Synuclein Aggregation State in a Cellular Model of Oxidative Stress: Relevance for Parkinson's Disease and Involvement of HSP70","10.1371/journal.pone.0001884","118","1","2020-01-24 retracted","Peer 1, Tiwaripotamon Vietnamicum"
"2011","article","Public Library of Science (PLoS)","PLOS ONE","RETRACTED > Up-Regulation of Sonic Hedgehog Contributes to TGF-β1-Induced Epithelial to Mesenchymal Transition in NSCLC Cells","10.1371/journal.pone.0016068","117","2","2018-10-02 retracted","Unregistered Submission, Aphis Rumicis, Aplastodiscus Eugenioi"
"2009","article","Public Library of Science (PLoS)","PLOS ONE","Disruption of Growth Hormone Receptor Prevents Calorie Restriction from Improving Insulin Action and Longevity","10.1371/journal.pone.0004567","117","1","2024-03-28 retracted","Actinopolyspora Biskrensis"
"2021","article","Public Library of Science (PLoS)","PLOS ONE","Detecting phishing websites using machine learning technique","10.1371/journal.pone.0258361","116","0","2025-04-23 retracted","Hoya Camphorifolia"
"2013","article","Public Library of Science (PLoS)","PLOS ONE","RETRACTED > Novel Mechanism of Inhibition of Dendritic Cells Maturation by Mesenchymal Stem Cells via Interleukin-10 and the JAK1/STAT3 Signaling Pathway","10.1371/journal.pone.0055487","115","5","2018-03-14 retracted","Anoplus Plantaris, Bacillus Mannanilyticus"
"2023","article","Public Library of Science (PLoS)","PLOS ONE","RETRACTED: Country-level institutional quality and financial system efficiency: An international evidence","10.1371/journal.pone.0290511","113","0","2025-10-09 retracted","Hoya Camphorifolia"
"2014","article","Public Library of Science (PLoS)","PLOS ONE","Long Noncoding RNA-EBIC Promotes Tumor Cell Invasion by Binding to EZH2 and Repressing E-Cadherin in Cervical Cancer","10.1371/journal.pone.0100340","111","4","2025-01-30 retracted","Peer 1, Hoya Camphorifolia, Elisabeth Bik"
"2013","article","Public Library of Science (PLoS)","PLOS ONE","RETRACTED > Nanosized TiO2-Induced Reproductive System Dysfunction and Its Mechanism in Female Mice","10.1371/journal.pone.0059378","111","1","2024-01-11 retracted","Hoya Camphorifolia"
"2016","article","Public Library of Science (PLoS)","PLOS ONE","Magnetic Properties of Polyvinyl Alcohol and Doxorubicine Loaded Iron Oxide Nanoparticles for Anticancer Drug Delivery Applications","10.1371/journal.pone.0158084","110","1","2025-12-02 retracted","Elisabeth M Bik, Hoya Camphorifolia"
"2021","article","Public Library of Science (PLoS)","PLOS ONE","An assessment of students’ emotional intelligence, learning outcomes, and academic efficacy: A correlational study in higher education","10.1371/journal.pone.0255428","106","1","2025-10-09 retracted","Hoya Camphorifolia"
"2010","article","Public Library of Science (PLoS)","PLOS ONE","Protective Role of Taurine against Arsenic-Induced Mitochondria-Dependent Hepatic Apoptosis via the Inhibition of PKCδ-JNK Pathway","10.1371/journal.pone.0012602","106","0","2025-05-12 retracted","Hoya Camphorifolia"
"2013","article","Public Library of Science (PLoS)","PLOS ONE","RETRACTED > Apple Peel Polyphenols and Their Beneficial Actions on Oxidative Stress and Inflammation","10.1371/journal.pone.0053725","105","29","2022-04-14 retracted","Elisabeth M Bik"
"2010","article","Public Library of Science (PLoS)","PLOS ONE","RETRACTED > Identification of Histone Deacetylase 3 as a Biomarker for Tumor Recurrence Following Liver Transplantation in HBV-Associated Hepatocellular Carcinoma","10.1371/journal.pone.0014460","105","0","2019-07-31 retracted","Mastacembelus Micropectus"
"2015","article","Public Library of Science (PLoS)","PLOS ONE","RETRACTED > Antisecretory, Gastroprotective, Antioxidant and Anti-Helicobcter Pylori Activity of Zerumbone from Zingiber Zerumbet (L.) Smith","10.1371/journal.pone.0121060","104","1","2023-11-10 retracted","Hoya Camphorifolia, Mycosphaerella Arachidis, Illex Illecebrosus"
"2019","article","Public Library of Science (PLoS)","PLOS ONE","Association between emotional intelligence and academic success among undergraduates: A cross-sectional study in KUST, Pakistan","10.1371/journal.pone.0219468","104","0","2025-04-14 retracted","Hoya Camphorifolia"
"2013","article","Public Library of Science (PLoS)","PLOS ONE","Enhanced Immune Response and Protective Effects of Nano-chitosan-based DNA Vaccine Encoding T Cell Epitopes of Esat-6 and FL against Mycobacterium Tuberculosis Infection","10.1371/journal.pone.0061135","103","4","2024-05-08 retracted","Elisabeth M Bik, Hoya Camphorifolia, Yingwei Wang"
"2011","article","Public Library of Science (PLoS)","PLOS ONE","RETRACTED > Lycopene Inhibits NF-kB-Mediated IL-8 Expression and Changes Redox and PPARγ Signalling in Cigarette Smoke–Stimulated Macrophages","10.1371/journal.pone.0019652","103","2","2014-07-08 retracted","Unregistered Submission, Peer 1"
"2022","article","Public Library of Science (PLoS)","PLOS Biology","Sheltering of deleterious mutations explains the stepwise extension of recombination suppression on sex chromosomes and other supergenes","10.1371/journal.pbio.3001698","102","39","2025-03-27 retracted","Gerris Caucasicus"
"2012","article","Public Library of Science (PLoS)","PLOS ONE","Cytomegalovirus and Herpes Simplex Virus Effect on the Prognosis of Mechanically Ventilated Patients Suspected to Have Ventilator-Associated Pneumonia","10.1371/journal.pone.0051340","102","15","2024-10-14 retracted","Elisabeth M Bik, Hoya Camphorifolia"
"2013","article","Public Library of Science (PLoS)","PLOS ONE","Advanced Glycation End Products Induce Peroxisome Proliferator-Activated Receptor γ Down-Regulation-Related Inflammatory Signals in Human Chondrocytes via Toll-Like Receptor-4 and Receptor for Advanced Glycation End Products","10.1371/journal.pone.0066611","102","2","2024-05-01 retracted","Elisabeth M Bik, Hoya Camphorifolia, Shing Hwa Liu"
"2015","article","Public Library of Science (PLoS)","PLOS ONE","Tanshinone IIA Inhibits HIF-1α and VEGF Expression in Breast Cancer Cells via mTOR/p70S6K/RPS6/4E-BP1 Signaling Pathway","10.1371/journal.pone.0117440","102","1","2025-03-21 retracted","Elisabeth M Bik, Hoya Camphorifolia, Ning Gao"
"2020","article","Public Library of Science (PLoS)","PLOS ONE","Facile, one-pot biosynthesis and characterization of iron, copper and silver nanoparticles using Syzygium cumini leaf extract: As an effective antimicrobial and aflatoxin B1 adsorption agents","10.1371/journal.pone.0234964","102","1","2025-08-06 retracted","–"
"2015","article","Public Library of Science (PLoS)","PLOS Pathogens","RETRACTED > BRCA1 Regulates IFI16 Mediated Nuclear Innate Sensing of Herpes Viral DNA and Subsequent Induction of the Innate Inflammasome and Interferon-β Responses","10.1371/journal.ppat.1005030","100","4","2022-10-19 retracted","Elisabeth M Bik, Asterolasia Muricata"
"2011","article","Public Library of Science (PLoS)","PLOS Pathogens","RETRACTED > Bacteria-Induced Dscam Isoforms of the Crustacean, Pacifastacus leniusculus","10.1371/journal.ppat.1002062","99","11","2016-05-04 retracted","Elisabeth M Bik, Peer 1"
"2011","article","Public Library of Science (PLoS)","PLOS ONE","RETRACTED > MMP-2 siRNA Inhibits Radiation-Enhanced Invasiveness in Glioma Cells","10.1371/journal.pone.0020614","99","3","2020-01-29 retracted","Hoya Camphorifolia, Lotus Azoricus, Hydrophis Spiralis"
"2013","article","Public Library of Science (PLoS)","PLOS Pathogens","RETRACTED > A Toxin-Antitoxin Module ofSalmonella Promotes Virulence in Mice","10.1371/journal.ppat.1003827","98","119","2020-10-21 retracted","Elisabeth M Bik, Actinopolyspora Biskrensis, Stéphane Méresse, Anoplonida Inermis, Hymenoscyphus Occultus, Aphodius Scrofa, Scytalopus Diamantinensis, Selaginella Articulata"
"2013","article","Public Library of Science (PLoS)","PLOS ONE","RETRACTED > Protein Tyrosine Phosphatase 1B and Insulin Resistance: Role of Endoplasmic Reticulum Stress/Reactive Oxygen Species/Nuclear Factor Kappa B Axis","10.1371/journal.pone.0077228","96","1","2022-08-04 retracted","Gerris Caucasicus, Eupteryx Cypria"
"2011","article","Public Library of Science (PLoS)","PLOS ONE","RETRACTED > Silymarin Targets β-Catenin Signaling in Blocking Migration/Invasion of Human Melanoma Cells","10.1371/journal.pone.0023000","96","0","2018-12-31 retracted","Actinopolyspora Biskrensis"
"2013","article","Public Library of Science (PLoS)","PLOS ONE","RETRACTED > Suppression of Neuroinflammatory and Apoptotic Signaling Cascade by Curcumin Alone and in Combination with Piperine in Rat Model of Olfactory Bulbectomy Induced Depression","10.1371/journal.pone.0061052","95","3","2019-04-15 retracted","Monacha Parumcincta"
"2013","article","Public Library of Science (PLoS)","PLOS ONE","Celastrol Inhibits Lipopolysaccharide-Stimulated Rheumatoid Fibroblast-Like Synoviocyte Invasion through Suppression of TLR4/NF-κB-Mediated Matrix Metalloproteinase-9 Expression","10.1371/journal.pone.0068905","95","3","2025-03-12 retracted","Hoya Camphorifolia"
"2012","article","Public Library of Science (PLoS)","PLOS ONE","Leptin Induces Cyclin D1 Expression and Proliferation of Human Nucleus Pulposus Cells via JAK/STAT, PI3K/Akt and MEK/ERK Pathways","10.1371/journal.pone.0053176","95","1","2023-03-29 retracted","Hoya Camphorifolia"
"2021","article","Public Library of Science (PLoS)","PLOS ONE","RETRACTED > Exogenous salicylic acid-induced drought stress tolerance in wheat (Triticum aestivum L.) grown under hydroponic culture","10.1371/journal.pone.0260556","95","0","2023-04-19 retracted","Gerris Caucasicus, Desmococcus Antarctica"
"2011","article","Public Library of Science (PLoS)","PLOS ONE","RETRACTED > Prostate Cancer Cell Lines under Hypoxia Exhibit Greater Stem-Like Properties","10.1371/journal.pone.0029170","93","9","2020-05-08 retracted","Stahnkeus Deserticola, Myxobolus Tasikkenyirensis"
"2012","article","Public Library of Science (PLoS)","PLOS ONE","Molecular Detection of Eukaryotes in a Single Human Stool Sample from Senegal","10.1371/journal.pone.0040888","92","13","2026-04-07 retracted","Elisabeth M Bik, Peronospora Silvatica"
"2012","article","Public Library of Science (PLoS)","PLOS ONE","Angiogenesis Impairment in Diabetes: Role of Methylglyoxal-Induced Receptor for Advanced Glycation Endproducts, Autophagy and Vascular Endothelial Growth Factor Receptor 2","10.1371/journal.pone.0046720","92","3","2026-02-19 retracted","Hoya Camphorifolia"
"2011","article","Public Library of Science (PLoS)","PLOS Computational Biology","Identification of Potent EGFR Inhibitors from TCM Database@Taiwan","10.1371/journal.pcbi.1002189","92","1","2026-06-09 retracted","–"
"2012","article","Public Library of Science (PLoS)","PLOS ONE","RETRACTED > Butyrate Attenuates Lipopolysaccharide-Induced Inflammation in Intestinal Cells and Crohn's Mucosa through Modulation of Antioxidant Defense Machinery","10.1371/journal.pone.0032841","91","17","2019-10-30 retracted","Leucanella Acutissima, Tricheilostoma Bicolor, Pharus Legumen"
"2013","article","Public Library of Science (PLoS)","PLOS ONE","Identification of the Sites of Tau Hyperphosphorylation and Activation of Tau Kinases in Synucleinopathies and Alzheimer’s Diseases","10.1371/journal.pone.0075025","91","16","2025-06-06 retracted","Hoya Camphorifolia, Actinopolyspora Biskrensis, Deborah C. Mash"
"2009","article","Public Library of Science (PLoS)","PLOS ONE","Blocking TLR2 Activity Attenuates Pulmonary Metastases of Tumor","10.1371/journal.pone.0006520","90","1","2025-06-18 retracted","Elisabeth M Bik, Peer 1, Hoya Camphorifolia"
"2010","article","Public Library of Science (PLoS)","PLOS ONE","Properly Folded Bacterially Expressed H1N1 Hemagglutinin Globular Head and Ectodomain Vaccines Protect Ferrets against H1N1 Pandemic Influenza Virus","10.1371/journal.pone.0011548","89","9","2024-03-01 retracted","Hoya Camphorifolia"
"2013","article","Public Library of Science (PLoS)","PLOS ONE","Plant and Fungal Diversity in Gut Microbiota as Revealed by Molecular and Culture Investigations","10.1371/journal.pone.0059474","88","13","2026-04-13 retracted","Elisabeth M Bik, Hoya Camphorifolia, Peronospora Silvatica"
"2009","article","Public Library of Science (PLoS)","PLOS ONE","RETRACTED > Tbx1 Regulates the BMP-Smad1 Pathway in a Transcription Independent Manner","10.1371/journal.pone.0006049","88","8","2020-03-19 retracted","Tricheilostoma Bicolor, Antonio Baldini, Pemphredon Foxii, Bassariscus Sumichrasti"
"2014","article","Public Library of Science (PLoS)","PLOS ONE","RETRACTED > Notch-1 Signaling Promotes the Malignant Features of Human Breast Cancer through NF-κB Activation","10.1371/journal.pone.0095912","88","0","2023-03-23 retracted","Hoya Camphorifolia, Lotus Azoricus"
"2022","article","Public Library of Science (PLoS)","PLOS ONE","Pre-infection 25-hydroxyvitamin D3 levels and association with severity of COVID-19 illness","10.1371/journal.pone.0263069","87","4127","2025-09-08 retracted","Indigofera Tanganyikensis, Hoya Camphorifolia, Sargassum Mangarevense"
"2013","article","Public Library of Science (PLoS)","PLOS Pathogens","RETRACTED > A Human Torque Teno Virus Encodes a MicroRNA That Inhibits Interferon Signaling","10.1371/journal.ppat.1003818","86","31","2021-06-01 retracted","Christopher S. Sullivan, Peer 1, Upogebia Miyakei"
"2014","article","Public Library of Science (PLoS)","PLOS ONE","Eukaryote Culturomics of the Gut Reveals New Species","10.1371/journal.pone.0106994","86","12","2026-04-06 retracted","Elisabeth M Bik, Peronospora Silvatica"
"2009","article","Public Library of Science (PLoS)","PLOS ONE","RETRACTED > Analysis of Mycobacterium tuberculosis-Specific CD8 T-Cells in Patients with Active Tuberculosis and in Individuals with Latent Infection","10.1371/journal.pone.0005528","86","10","2019-09-19 retracted","Peer 1, Acroporium Pungens"
"2015","article","Public Library of Science (PLoS)","PLOS ONE","Rapamycin and Chloroquine: The In Vitro and In Vivo Effects of Autophagy-Modifying Drugs Show Promising Results in Valosin Containing Protein Multisystem Proteinopathy","10.1371/journal.pone.0122888","86","10","2026-05-20 retracted","Hoya Camphorifolia"
"2013","article","Public Library of Science (PLoS)","PLOS ONE","Enriched Environment Prevents Hypobaric Hypoxia Induced Memory Impairment and Neurodegeneration: Role of BDNF/PI3K/GSK3β Pathway Coupled with CREB Activation","10.1371/journal.pone.0062235","86","2","2025-01-09 retracted","Elisabeth M Bik"
"2011","article","Public Library of Science (PLoS)","PLOS ONE","RETRACTED > Expression of DNMT1 and DNMT3a Are Regulated by GLI1 in Human Pancreatic Cancer","10.1371/journal.pone.0027684","86","1","2023-11-09 retracted","Hoya Camphorifolia, Actinopolyspora Biskrensis"
"2013","article","Public Library of Science (PLoS)","PLOS ONE","Differential Expression of the RANKL/RANK/OPG System Is Associated with Bone Metastasis in Human Non-Small Cell Lung Cancer","10.1371/journal.pone.0058361","86","1","2024-11-13 retracted","Elisabeth M Bik, Encoelia Furfuracea"
"2013","article","Public Library of Science (PLoS)","PLOS ONE","Integrative Analyses Identify Osteopontin, LAMB3 and ITGB1 as Critical Pro-Metastatic Genes for Lung Cancer","10.1371/journal.pone.0055714","86","0","2025-03-04 retracted","Elisabeth M Bik, Hoya Camphorifolia"
"2013","article","Public Library of Science (PLoS)","PLOS ONE","RETRACTED > miR-221 Promotes Tumorigenesis in Human Triple Negative Breast Cancer Cells","10.1371/journal.pone.0062170","85","33","2017-04-10 retracted","Elisabeth M Bik, Peer 1, Peer 2"
"2022","article","Public Library of Science (PLoS)","PLOS ONE","RETRACTED: Investigation of the effectiveness of CFRP strengthening of concrete made with recycled waste PET fine plastic aggregate","10.1371/journal.pone.0269664","85","4","2026-04-06 retracted","Elisabeth M Bik"
"2011","article","Public Library of Science (PLoS)","PLOS ONE","RETRACTED > A Functional Nuclear Epidermal Growth Factor Receptor, Src and Stat3 Heteromeric Complex in Pancreatic Cancer Cells","10.1371/journal.pone.0019605","85","3","2019-02-20 retracted","Hypericum Grandifolium, Malus Transitoria"
"2015","article","Public Library of Science (PLoS)","PLOS ONE","Genistein Improves 3-NPA-Induced Memory Impairment in Ovariectomized Rats: Impact of Its Antioxidant, Anti-Inflammatory and Acetylcholinesterase Modulatory Properties","10.1371/journal.pone.0117223","85","3","2025-11-05 retracted","Hoya Camphorifolia, Dysdera Arabisenen"
"2014","article","Public Library of Science (PLoS)","PLOS ONE","miR-150-5p Inhibits Hepatoma Cell Migration and Invasion by Targeting MMP14","10.1371/journal.pone.0115577","85","3","2025-12-17 retracted","Elisabeth M Bik"
"2021","article","Public Library of Science (PLoS)","PLOS ONE","Molecular docking and dynamics simulation study of bioactive compounds from Ficus carica L. with important anticancer drug targets","10.1371/journal.pone.0254035","85","1","2026-02-23 retracted","Hoya Camphorifolia"
"2012","article","Public Library of Science (PLoS)","PLOS ONE","RETRACTED > Propofol Prevents Autophagic Cell Death following Oxygen and Glucose Deprivation in PC12 Cells and Cerebral Ischemia-Reperfusion Injury in Rats","10.1371/journal.pone.0035324","85","1","2022-09-28 retracted","Condylocarpon Amazonicum, Hoya Camphorifolia, Derong Cui"
"2011","article","Public Library of Science (PLoS)","PLOS Computational Biology","Two Birds with One Stone? Possible Dual-Targeting H1N1 Inhibitors from Traditional Chinese Medicine","10.1371/journal.pcbi.1002315","85","1","2026-06-09 retracted","–"
"2013","article","Public Library of Science (PLoS)","PLOS ONE","RETRACTED > High Mobility Group Box-1 Promotes the Proliferation and Migration of Hepatic Stellate Cells via TLR4-Dependent Signal Pathways of PI3K/Akt and JNK","10.1371/journal.pone.0064373","85","0","2019-05-09 retracted","Elisabeth M Bik, Melectoides Bellus"
"2014","article","Public Library of Science (PLoS)","PLOS Genetics","RETRACTED > 24-Hour Rhythms of DNA Methylation and Their Relation with Rhythms of RNA Expression in the Human Dorsolateral Prefrontal Cortex","10.1371/journal.pgen.1004792","84","24","2021-11-04 retracted","Acanthosaura Armata, Phylica Empetroides"
"2017","article","Public Library of Science (PLoS)","PLOS ONE","Determination and production of antimicrobial compounds by Aspergillus clavatonanicus strain MJ31, an endophytic fungus from Mirabilis jalapa L. using UPLC-ESI-MS/MS and TD-GC-MS analysis","10.1371/journal.pone.0186234","84","4","2022-05-26 retracted","–"
"2010","article","Public Library of Science (PLoS)","PLOS ONE","Downregulation of uPAR and Cathepsin B Induces Apoptosis via Regulation of Bcl-2 and Bax and Inhibition of the PI3K/Akt Pathway in Gliomas","10.1371/journal.pone.0013731","83","5","2020-01-29 retracted","Hoya Camphorifolia, Lotus Azoricus, Hydrophis Spiralis"
"2014","article","Public Library of Science (PLoS)","PLOS ONE","RETRACTED > MicroRNA-424 Is Down-Regulated in Hepatocellular Carcinoma and Suppresses Cell Migration and Invasion through c-Myb","10.1371/journal.pone.0091661","83","0","2022-08-31 retracted","Elisabeth M Bik, Hoya Camphorifolia, Actinopolyspora Biskrensis, Campanula Pseudostenocodon, Phanerotoma Behriae"
"2013","article","Public Library of Science (PLoS)","PLOS ONE","Thyroid Ultrasound Findings in Children from Three Japanese Prefectures: Aomori, Yamanashi and Nagasaki","10.1371/journal.pone.0083220","82","142","2024-07-29 retracted","Gerris Caucasicus"
"2013","article","Public Library of Science (PLoS)","PLOS ONE","Ubiquitination Increases Parkin Activity to Promote Autophagic α-Synuclein Clearance","10.1371/journal.pone.0083914","82","46","2025-05-12 retracted","Elisabeth M Bik, Hoya Camphorifolia, Dysdera Arabisenen, Tenthredo Granatensis, Stereopsis Humphreyi, Illex Illecebrosus"
"2018","article","Public Library of Science (PLoS)","PLOS ONE","RETRACTED > The Arctic charr (Salvelinus alpinus) genome and transcriptome assembly","10.1371/journal.pone.0204076","82","31","2021-02-09 retracted","Penicillium Jamesonlandense"
"2010","article","Public Library of Science (PLoS)","PLOS ONE","Cord Blood Stem Cell-Mediated Induction of Apoptosis in Glioma Downregulates X-Linked Inhibitor of Apoptosis Protein (XIAP)","10.1371/journal.pone.0011813","82","3","2025-07-11 retracted","Hoya Camphorifolia, Lotus Azoricus, Gerris Pingreensis"
"2011","article","Public Library of Science (PLoS)","PLOS ONE","Boswellic Acid Suppresses Growth and Metastasis of Human Pancreatic Tumors in an Orthotopic Nude Mouse Model through Modulation of Multiple Targets","10.1371/journal.pone.0026943","81","16","2022-09-28 retracted","Hoya Camphorifolia"
"2016","article","Public Library of Science (PLoS)","PLOS ONE","Protective Effects of Essential Oils as Natural Antioxidants against Hepatotoxicity Induced by Cyclophosphamide in Mice","10.1371/journal.pone.0165667","81","2","2026-03-10 retracted","Elisabeth M Bik, Hoya Camphorifolia, Actinopolyspora Biskrensis, Parabagrotis Sulinaris, Salah A. Sheweita"
"2019","article","Public Library of Science (PLoS)","PLOS ONE","Impact of miR-223-3p and miR-2909 on inflammatory factors IL-6, IL-1ß, and TNF-α, and the TLR4/TLR2/NF-κB/STAT3 signaling pathway induced by lipopolysaccharide in human adipose stem cells","10.1371/journal.pone.0212063","81","1","2026-01-21 retracted","Illex Illecebrosus, Reese Richardson"
"2011","article","Public Library of Science (PLoS)","PLOS ONE","RETRACTED > A Scoring Model Based on Neutrophil to Lymphocyte Ratio Predicts Recurrence of HBV-Associated Hepatocellular Carcinoma after Liver Transplantation","10.1371/journal.pone.0025295","81","1","2019-07-23 retracted","Hibbertia Pedunculata"
"2017","article","Public Library of Science (PLoS)","PLOS ONE","RETRACTED > Specific blockade of Rictor-mTOR association inhibits mTORC2 activity and is cytotoxic in glioblastoma","10.1371/journal.pone.0176599","80","15","2023-09-08 retracted","Hoya Camphorifolia, Actinopolyspora Biskrensis"
"2011","article","Public Library of Science (PLoS)","PLOS ONE","RETRACTED > Green Tea Catechins Reduce Invasive Potential of Human Melanoma Cells by Targeting COX-2, PGE2 Receptors and Epithelial-to-Mesenchymal Transition","10.1371/journal.pone.0025224","80","1","2018-12-31 retracted","Elisabeth M Bik, Actinopolyspora Biskrensis"
"2015","article","Public Library of Science (PLoS)","PLOS ONE","Effects of Iron Overload on the Bone Marrow Microenvironment in Mice","10.1371/journal.pone.0120219","80","0","2026-01-20 retracted","Hoya Camphorifolia, Actinopolyspora Biskrensis"
"2011","article","Public Library of Science (PLoS)","PLOS ONE","RETRACTED > Resveratrol and Black Tea Polyphenol Combination Synergistically Suppress Mouse Skin Tumors Growth by Inhibition of Activated MAPKs and p53","10.1371/journal.pone.0023395","79","25","2019-04-19 retracted","Hoya Camphorifolia, Vitis X, Neoconocephalus Caudellianus"
"2008","article","Public Library of Science (PLoS)","PLOS ONE","An Integrated Approach to the Prediction of Chemotherapeutic Response in Patients with Breast Cancer","10.1371/journal.pone.0001908","79","20","2011-09-02 retracted","–"
"2012","article","Public Library of Science (PLoS)","PLOS ONE","Thioredoxin Glutathione Reductase as a Novel Drug Target: Evidence from Schistosoma japonicum","10.1371/journal.pone.0031456","79","4","2026-03-31 retracted","Hoya Camphorifolia, Rhodeus Suigensis"
"2010","article","Public Library of Science (PLoS)","PLOS ONE","RETRACTED > Novel Role of Phosphorylation-Dependent Interaction between FtsZ and FipA in Mycobacterial Cell Division","10.1371/journal.pone.0008590","79","1","2022-02-24 retracted","Elisabeth M Bik, Peer 1, Indigofera Thomsonii"
"2014","article","Public Library of Science (PLoS)","PLOS ONE","Response of Breast Cancer Cells and Cancer Stem Cells to Metformin and Hyperthermia Alone or Combined","10.1371/journal.pone.0087979","79","1","2025-05-05 retracted","Actinopolyspora Biskrensis, Heon Joo Park"
"2013","article","Public Library of Science (PLoS)","PLOS ONE","RETRACTED > miR-122 Regulates Tumorigenesis in Hepatocellular Carcinoma by Targeting AKT3","10.1371/journal.pone.0079655","78","10","2017-09-08 retracted","Trionymus Bambusae"
"2014","article","Public Library of Science (PLoS)","PLOS ONE","miR-34a Modulates Angiotensin II-Induced Myocardial Hypertrophy by Direct Inhibition of ATG9A Expression and Autophagic Activity","10.1371/journal.pone.0094382","78","3","2025-02-19 retracted","Elisabeth M Bik"
"2014","article","Public Library of Science (PLoS)","PLOS ONE","RETRACTED > Diallyl Disulfide Suppresses SRC/Ras/ERK Signaling-Mediated Proliferation and Metastasis in Human Breast Cancer by Up-Regulating miR-34a","10.1371/journal.pone.0112720","78","1","2023-12-12 retracted","Hoya Camphorifolia, Actinopolyspora Biskrensis"
"2013","article","Public Library of Science (PLoS)","PLOS ONE","RETRACTED > Genome-Wide Analysis of the Dof Transcription Factor Gene Family Reveals Soybean-Specific Duplicable and Functional Characteristics","10.1371/journal.pone.0076809","77","0","2016-11-17 retracted","Partula Suturalis"
"2011","article","Public Library of Science (PLoS)","PLOS Biology","RETRACTED > A Chaperonin Subunit with Unique Structures Is Essential for Folding of a Specific Substrate","10.1371/journal.pbio.1001040","76","25","2022-11-04 retracted","Elisabeth M Bik, Yamadazyma Phyllophila"
"2014","article","Public Library of Science (PLoS)","PLOS ONE","RETRACTED > Plasma D-Dimer Levels Are Associated with Stroke Subtypes and Infarction Volume in Patients with Acute Ischemic Stroke","10.1371/journal.pone.0086465","76","9","2022-03-30 retracted","Hoya Camphorifolia"
"2010","article","Public Library of Science (PLoS)","PLOS ONE","RETRACTED > Bcl-2 Regulates HIF-1α Protein Stabilization in Hypoxic Melanoma Cells via the Molecular Chaperone HSP90","10.1371/journal.pone.0011772","76","1","2022-05-03 retracted","Unregistered Submission, Peer 2, Mesodinium Pupula, Silene Aegyptiaca, Vicia Minutiflora"
"2011","article","Public Library of Science (PLoS)","PLOS Pathogens","Fatal Prion Disease in a Mouse Model of Genetic E200K Creutzfeldt-Jakob Disease","10.1371/journal.ppat.1002350","75","19","2024-12-11 retracted","Leonid Schneider, Elisabeth M Bik, Peer 1, Peer 2, Unregistered Submission, Peer 3, Peer 5, Peer 7, Peer 9, Peer 10, Orchestes Quercus, Ruth Gabizon, Fraxinus Rufescens, Maarten Van Kampen, Hymenochaete Innexa"
"2016","article","Public Library of Science (PLoS)","PLOS ONE","Entrapment of H1N1 Influenza Virus Derived Conserved Peptides in PLGA Nanoparticles Enhances T Cell Response and Vaccine Efficacy in Pigs","10.1371/journal.pone.0151922","75","10","2024-07-16 retracted","Hoya Camphorifolia"
"2014","article","Public Library of Science (PLoS)","PLOS ONE","Role of Metformin in Suppressing 1,2-Dimethylhydrazine-Induced Colon Cancer in Diabetic and Non-Diabetic Mice: Effect on Tumor Angiogenesis and Cell Proliferation","10.1371/journal.pone.0100562","75","2","2025-07-11 retracted","Hoya Camphorifolia"
"2015","article","Public Library of Science (PLoS)","PLOS ONE","RETRACTED > Biochanin A Gastroprotective Effects in Ethanol-Induced Gastric Mucosal Ulceration in Rats","10.1371/journal.pone.0121529","75","1","2023-11-10 retracted","Hoya Camphorifolia, Mycosphaerella Arachidis"
"2011","article","Public Library of Science (PLoS)","PLOS ONE","Silencing GADD153/CHOP Gene Expression Protects against Alzheimer's Disease-Like Pathology Induced by 27-Hydroxycholesterol in Rabbit Hippocampus","10.1371/journal.pone.0026420","75","0","2024-07-19 retracted","Hoya Camphorifolia, Actinopolyspora Biskrensis"
"2014","article","Public Library of Science (PLoS)","PLOS ONE","RETRACTED > Macrophage Colony-Stimulating Factor Augments Tie2-Expressing Monocyte Differentiation, Angiogenic Function, and Recruitment in a Mouse Model of Breast Cancer","10.1371/journal.pone.0098623","74","3","2020-06-17 retracted","Elisabeth M Bik, Africonus Crotchii"
"2013","article","Public Library of Science (PLoS)","PLOS ONE","RETRACTED > Activation of TGF-β1 Promoter by Hepatitis C Virus-Induced AP-1 and Sp1: Role of TGF-β1 in Hepatic Stellate Cell Activation and Invasion","10.1371/journal.pone.0056367","74","1","2019-04-30 retracted","Asphondylia Resinosa, Myzostoma Susanae"
"2013","article","Public Library of Science (PLoS)","PLOS ONE","The Significance of Notch1 Compared with Notch3 in High Metastasis and Poor Overall Survival in Hepatocellular Carcinoma","10.1371/journal.pone.0057382","74","0","2024-04-02 retracted","Hoya Camphorifolia, Mycosphaerella Arachidis"
"2021","article","Public Library of Science (PLoS)","PLOS ONE","Pooled prevalence and determinants of modern contraceptive utilization in East Africa: A Multi-country Analysis of recent Demographic and Health Surveys","10.1371/journal.pone.0247992","74","0","2026-03-10 retracted","Hoya Camphorifolia"
"2014","article","Public Library of Science (PLoS)","PLOS ONE","RETRACTED > Panepoxydone Targets NF-kB and FOXM1 to Inhibit Proliferation, Induce Apoptosis and Reverse Epithelial to Mesenchymal Transition in Breast Cancer","10.1371/journal.pone.0098370","74","0","2023-12-29 retracted","Elisabeth M Bik, Hoya Camphorifolia"
"2008","article","Public Library of Science (PLoS)","PLOS ONE","RETRACTED > High-Affinity Naloxone Binding to Filamin A Prevents Mu Opioid Receptor–Gs Coupling Underlying Opioid Tolerance and Dependence","10.1371/journal.pone.0001554","73","35","2022-03-30 retracted","Elisabeth M Bik, Actinopolyspora Biskrensis, Pseudomonas Clemancea, Gnamptonyx Innexa, Aneurus Macrotylus"
"2020","article","Public Library of Science (PLoS)","PLOS ONE","A deep facial recognition system using computational intelligent algorithms","10.1371/journal.pone.0242269","73","17","2026-02-12 retracted","Hoya Camphorifolia, Alexander Magazinov"
"2014","article","Public Library of Science (PLoS)","PLOS ONE","RETRACTED > S100A8 Contributes to Drug Resistance by Promoting Autophagy in Leukemia Cells","10.1371/journal.pone.0097242","73","13","2020-08-05 retracted","Bacillus Mannanilyticus, Minghua Yang, Hydrangea Yayeyamensis"
"2017","article","Public Library of Science (PLoS)","PLOS Neglected Tropical Diseases","RETRACTED > Melioidosis: Clinical impact and public health threat in the tropics","10.1371/journal.pntd.0004738","73","5","2020-07-01 retracted","Ocybadistes Flavovittata"
"2018","article","Public Library of Science (PLoS)","PLOS ONE","A novel image encryption scheme based on quantum dynamical spinning and rotations","10.1371/journal.pone.0206460","73","0","2025-12-17 retracted","Hoya Camphorifolia"
"2010","article","Public Library of Science (PLoS)","PLOS ONE","Alterations in mGluR5 Expression and Signaling in Lewy Body Disease and in Transgenic Models of Alpha-Synucleinopathy – Implications for Excitotoxicity","10.1371/journal.pone.0014020","72","2","2024-11-14 retracted","Elisabeth M Bik, Encoelia Furfuracea, Gerris Pingreensis"
"2012","article","Public Library of Science (PLoS)","PLOS ONE","RETRACTED > Rapamycin Inhibits Proliferation of Hemangioma Endothelial Cells by Reducing HIF-1-Dependent Expression of VEGF","10.1371/journal.pone.0042913","72","1","2020-07-21 retracted","Prosymna Meleagris"
"2010","article","Public Library of Science (PLoS)","PLOS ONE","Epigenetic Silencing of Peroxisome Proliferator-Activated Receptor γ Is a Biomarker for Colorectal Cancer Progression and Adverse Patients' Outcome","10.1371/journal.pone.0014229","72","1","2019-12-27 retracted","Peer 1, Koelpinia Macrantha, Actinopolyspora Biskrensis, Lepidotrigla Abyssalis"
"2022","article","Public Library of Science (PLoS)","PLOS ONE","RETRACTED > Effect of zinc nanoparticles seed priming and foliar application on the growth and physio-biochemical indices of spinach (Spinacia oleracea L.) under salt stress","10.1371/journal.pone.0263194","72","0","2022-08-17 retracted","Desmococcus Antarctica"
"2022","article","Public Library of Science (PLoS)","PLOS ONE","The combination of organic and inorganic fertilizers influence the weed growth, productivity and soil fertility of monsoon rice","10.1371/journal.pone.0262586","71","5","2025-05-07 retracted","Hoya Camphorifolia"
"2013","article","Public Library of Science (PLoS)","PLOS ONE","RETRACTED > Conversion of Human Umbilical Cord Mesenchymal Stem Cells in Wharton’s Jelly to Dopamine Neurons Mediated by the Lmx1a and Neurturin In Vitro: Potential Therapeutic Application for Parkinson’s Disease in a Rhesus Monkey Model","10.1371/journal.pone.0064000","71","5","2020-11-02 retracted","Elisabeth M Bik, Peer 1"
"2015","article","Public Library of Science (PLoS)","PLOS ONE","Chicory (Cichorium intybus L.) Root Extract Regulates the Oxidative Status and Antioxidant Gene Transcripts in CCl4-Induced Hepatotoxicity","10.1371/journal.pone.0121549","70","211","2017-03-06 retracted","–"
"2014","article","Public Library of Science (PLoS)","PLOS ONE","Road Traffic Deaths and Injuries Are Under-Reported in Ethiopia: A Capture-Recapture Method","10.1371/journal.pone.0103001","70","27","2026-01-22 retracted","Hoya Camphorifolia"
"2013","article","Public Library of Science (PLoS)","PLOS ONE","RETRACTED > Frondoside A Suppressive Effects on Lung Cancer Survival, Tumor Growth, Angiogenesis, Invasion, and Metastasis","10.1371/journal.pone.0053087","70","16","2023-09-08 retracted","Hoya Camphorifolia"
"2011","article","Public Library of Science (PLoS)","PLOS Neglected Tropical Diseases","Tropheryma whipplei: A Common Bacterium in Rural Senegal","10.1371/journal.pntd.0001403","70","11","2025-06-26 retracted","Elisabeth M Bik, Encoelia Furfuracea, Gerris Pingreensis, Peronospora Silvatica"
"2020","article","Public Library of Science (PLoS)","PLOS ONE","Adherence towards COVID-19 mitigation measures and its associated factors among Gondar City residents: A community-based cross-sectional study in Northwest Ethiopia","10.1371/journal.pone.0244265","70","4","2026-04-13 retracted","Hoya Camphorifolia"
"2020","article","Public Library of Science (PLoS)","PLOS ONE","Social and economic factors responsible for environmental performance: A global analysis","10.1371/journal.pone.0237597","70","2","2024-11-11 retracted","Hoya Camphorifolia"
"2019","article","Public Library of Science (PLoS)","PLOS ONE","RETRACTED > Effects of curcumin on glycemic control and lipid profile in prediabetes and type 2 diabetes mellitus: A systematic review and meta-analysis","10.1371/journal.pone.0215840","70","1","2020-05-22 retracted","Rathbunaster Californicus"
"2012","article","Public Library of Science (PLoS)","PLOS ONE","RETRACTED > Acute Toxicity and Gastroprotection Studies of a New Schiff Base Derived Copper (II) Complex against Ethanol-Induced Acute Gastric Lesions in Rats","10.1371/journal.pone.0051537","70","0","2023-11-10 retracted","Hoya Camphorifolia, Mycosphaerella Arachidis"
"2014","article","Public Library of Science (PLoS)","PLOS ONE","RETRACTED > Hypoxia-Inducible MiR-210 Is an Independent Prognostic Factor and Contributes to Metastasis in Colorectal Cancer","10.1371/journal.pone.0090952","70","0","2020-12-17 retracted","Hoya Camphorifolia, Actinopolyspora Biskrensis, Ocybadistes Walkeri, Podandrogyne Mathewsii"
"2013","article","Public Library of Science (PLoS)","PLOS ONE","RETRACTED > The Interplays between Autophagy and Apoptosis Induced by Enterovirus 71","10.1371/journal.pone.0056966","69","7","2021-02-09 retracted","Elisabeth M Bik, Zhendong Zhao, Penicillium Jamesonlandense"
"2016","article","Public Library of Science (PLoS)","PLOS ONE","RETRACTED > Sensitive Visual Detection of AHPND Bacteria Using Loop-Mediated Isothermal Amplification Combined with DNA-Functionalized Gold Nanoparticles as Probes","10.1371/journal.pone.0151769","69","7","2023-02-24 retracted","Elisabeth M Bik, Hoya Camphorifolia, Wansika Kiatpathomchai, W. Kiatpathomchai"
"2015","article","Public Library of Science (PLoS)","PLOS ONE","RETRACTED > Cell Surface GRP78 Accelerated Breast Cancer Cell Proliferation and Migration by Activating STAT3","10.1371/journal.pone.0125634","69","0","2023-04-11 retracted","Hoya Camphorifolia, Aneurus Inconstans, Rhipidura Albiventris, Changhua Wang"
"2014","article","Public Library of Science (PLoS)","PLOS ONE","RETRACTED > MicroRNA-137 Upregulation Increases Bladder Cancer Cell Proliferation and Invasion by Targeting PAQR3","10.1371/journal.pone.0109734","68","10","2022-06-08 retracted","Hoya Camphorifolia"
"2014","article","Public Library of Science (PLoS)","PLOS ONE","Decreased miR-204 in H. pylori-Associated Gastric Cancer Promotes Cancer Cell Proliferation and Invasion by Targeting SOX4","10.1371/journal.pone.0101457","68","0","2020-10-22 retracted","Meriania Tomentosa, Orthosiphon Rubicundus"
"2011","article","Public Library of Science (PLoS)","PLOS ONE","RETRACTED > Upregulation of HYAL1 Expression in Breast Cancer Promoted Tumor Cell Proliferation, Migration, Invasion and Angiogenesis","10.1371/journal.pone.0022836","67","9","2022-11-07 retracted","Gerris Caucasicus"
"2014","article","Public Library of Science (PLoS)","PLOS ONE","2, 3, 7, 8-Tetrachlorodibenzo-P-Dioxin (TCDD) Induces Premature Senescence in Human and Rodent Neuronal Cells via ROS-Dependent Mechanisms","10.1371/journal.pone.0089811","67","3","2026-03-23 retracted","Hoya Camphorifolia, Illex Illecebrosus, Reese Richardson, Chunhua Wan"
"2022","article","Public Library of Science (PLoS)","PLOS ONE","RETRACTED > The impact of PEG-induced drought stress on seed germination and seedling growth of different bread wheat (Triticum aestivum L.) genotypes","10.1371/journal.pone.0262937","67","1","2022-09-14 retracted","Gyponana Brevita"
"2013","article","Public Library of Science (PLoS)","PLOS ONE","RETRACTED > MiR-30a-5p Antisense Oligonucleotide Suppresses Glioma Cell Growth by Targeting SEPT7","10.1371/journal.pone.0055008","67","1","2020-01-23 retracted","Elisabeth M Bik, Aegus Kurosawai"
"2018","article","Public Library of Science (PLoS)","PLOS ONE","Relationship between perceived occupational stress and psychological well-being among secondary school heads in Khyber Pakhtunkhwa, Pakistan","10.1371/journal.pone.0208143","67","0","2025-04-14 retracted","Hoya Camphorifolia"
"2021","article","Public Library of Science (PLoS)","PLOS ONE","Moringa leaf extract improves biochemical attributes, yield and grain quality of rice (Oryza sativa L.) under drought stress","10.1371/journal.pone.0254452","65","5","2022-08-03 retracted","–"
"2015","article","Public Library of Science (PLoS)","PLOS ONE","RETRACTED > Computational Characterization of Exogenous MicroRNAs that Can Be Transferred into Human Circulation","10.1371/journal.pone.0140587","65","3","2022-05-09 retracted","Reaumuria Trigyna"
"2020","article","Public Library of Science (PLoS)","PLOS ONE","Machine learning-based e-commerce platform repurchase customer prediction model","10.1371/journal.pone.0243105","65","3","2025-04-09 retracted","Hoya Camphorifolia"
"2014","article","Public Library of Science (PLoS)","PLOS ONE","BMP9 Inhibits Proliferation and Metastasis of HER2-Positive SK-BR-3 Breast Cancer Cells through ERK1/2 and PI3K/AKT Pathways","10.1371/journal.pone.0096816","65","0","2025-03-03 retracted","Elisabeth M Bik, Yan Zhang, Boechera Fecunda"
"2014","article","Public Library of Science (PLoS)","PLOS ONE","RETRACTED > MicroRNA-217 Regulates WASF3 Expression and Suppresses Tumor Growth and Metastasis in Osteosarcoma","10.1371/journal.pone.0109138","64","29","2022-06-08 retracted","Elisabeth M Bik, Hoya Camphorifolia, Campanula Pseudostenocodon"
"2015","article","Public Library of Science (PLoS)","PLOS ONE","RETRACTED > Fructose Mediated Non-Alcoholic Fatty Liver Is Attenuated by HO-1-SIRT1 Module in Murine Hepatocytes and Mice Fed a High Fructose Diet","10.1371/journal.pone.0128648","64","23","2021-11-04 retracted","Hoya Camphorifolia, Apareia Labialis, Phylica Empetroides"
"2015","article","Public Library of Science (PLoS)","PLOS ONE","RETRACTED > MicroRNA-153 Inhibits Osteosarcoma Cells Proliferation and Invasion by Targeting TGF-β2","10.1371/journal.pone.0119225","64","14","2022-06-08 retracted","Hoya Camphorifolia"
"2014","article","Public Library of Science (PLoS)","PLOS ONE","Cyclophilin A (CypA) Interacts with NF-κB Subunit, p65/RelA, and Contributes to NF-κB Activation Signaling","10.1371/journal.pone.0096211","64","3","2025-12-17 retracted","Elisabeth M Bik, Hoya Camphorifolia, Illex Illecebrosus, Kazunari K. Yokoyama"
"2012","article","Public Library of Science (PLoS)","PLOS ONE","RETRACTED > P38 and ERK1/2 MAPKs Act in Opposition to Regulate BMP9-Induced Osteogenic Differentiation of Mesenchymal Progenitor Cells","10.1371/journal.pone.0043383","64","2","2018-11-02 retracted","Helichrysum Abbayesii"
"2017","article","Public Library of Science (PLoS)","PLOS ONE","RETRACTED > Long non-coding RNA FTH1P3 facilitates uveal melanoma cell growth and invasion through miR-224-5p","10.1371/journal.pone.0184746","64","1","2023-03-29 retracted","Hoya Camphorifolia, Guillaume Cabanac"
"2011","article","Public Library of Science (PLoS)","PLOS ONE","Berberine Chloride Mediates Its Anti-Leishmanial Activity via Differential Regulation of the Mitogen Activated Protein Kinase Pathway in Macrophages","10.1371/journal.pone.0018467","64","1","2026-01-20 retracted","Hoya Camphorifolia, Curvularia Ellisii"
"2015","article","Public Library of Science (PLoS)","PLOS ONE","MiR-506 Is Down-Regulated in Clear Cell Renal Cell Carcinoma and Inhibits Cell Growth and Metastasis via Targeting FLOT1","10.1371/journal.pone.0120258","64","1","2026-03-30 retracted","Hoya Camphorifolia"
"2016","article","Public Library of Science (PLoS)","PLOS Genetics","The PU.1-Modulated MicroRNA-22 Is a Regulator of Monocyte/Macrophage Differentiation and Acute Myeloid Leukemia","10.1371/journal.pgen.1006259","64","1","2026-07-09 retracted","Hoya Camphorifolia"
"2015","article","Public Library of Science (PLoS)","PLOS ONE","SALL4 as an Epithelial-Mesenchymal Transition and Drug Resistance Inducer through the Regulation of c-Myc in Endometrial Cancer","10.1371/journal.pone.0138515","64","0","2024-02-13 retracted","Hoya Camphorifolia, Actinopolyspora Biskrensis"
"2010","article","Public Library of Science (PLoS)","PLOS ONE","RETRACTED > HOXB13, a Target of DNMT3B, Is Methylated at an Upstream CpG Island, and Functions as a Tumor Suppressor in Primary Colorectal Tumors","10.1371/journal.pone.0010338","63","23","2022-10-19 retracted","Hoya Camphorifolia"
"2007","article","Public Library of Science (PLoS)","PLOS Biology","RETRACTED > PER-TIM Interactions with the Photoreceptor Cryptochrome Mediate Circadian Temperature Responses in Drosophila","10.1371/journal.pbio.0050146","63","11","2016-02-25 retracted","Peer 1"
"2013","article","Public Library of Science (PLoS)","PLOS ONE","RETRACTED > IL-26 Promotes the Proliferation and Survival of Human Gastric Cancer Cells by Regulating the Balance of STAT1 and STAT3 Activation","10.1371/journal.pone.0063588","63","7","2022-09-15 retracted","Elisabeth M Bik, Peer 1"
"2013","article","Public Library of Science (PLoS)","PLOS ONE","Gadd153 and NF-κB Crosstalk Regulates 27-Hydroxycholesterol-Induced Increase in BACE1 and β-Amyloid Production in Human Neuroblastoma SH-SY5Y Cells","10.1371/journal.pone.0070773","63","0","2024-07-18 retracted","Hoya Camphorifolia, Actinopolyspora Biskrensis, Matthew Schrag"
"2009","article","Public Library of Science (PLoS)","PLOS ONE","RETRACTED > Differential SELEX in Human Glioma Cell Lines","10.1371/journal.pone.0007971","62","9","2020-02-12 retracted","Arenaria Neelgherrensis, Pseudoxenomystax Albescens"
"2018","article","Public Library of Science (PLoS)","PLOS Genetics","Genome-wide identification of RETINOBLASTOMA RELATED 1 binding sites in Arabidopsis reveals novel DNA damage regulators","10.1371/journal.pgen.1007797","62","9","2026-01-20 retracted","–"
"2012","article","Public Library of Science (PLoS)","PLOS Neglected Tropical Diseases","Oral Administration of GW788388, an Inhibitor of Transforming Growth Factor Beta Signaling, Prevents Heart Fibrosis in Chagas Disease","10.1371/journal.pntd.0001696","62","4","2024-07-23 retracted","Elisabeth M Bik"
"2012","article","Public Library of Science (PLoS)","PLOS ONE","Rickettsia Species in African Anopheles Mosquitoes","10.1371/journal.pone.0048254","62","2","2026-05-06 retracted","Elisabeth M Bik, Hoya Camphorifolia"
"2013","article","Public Library of Science (PLoS)","PLOS ONE","RETRACTED > Molecular Mechanisms of Nanosized Titanium Dioxide–Induced Pulmonary Injury in Mice","10.1371/journal.pone.0055563","62","1","2024-01-11 retracted","Hoya Camphorifolia"
"2011","article","Public Library of Science (PLoS)","PLOS Pathogens","Aerosols Transmit Prions to Immunocompetent and Immunodeficient Mice","10.1371/journal.ppat.1001257","61","130","2024-07-18 retracted","Peer 1, Peer 3, Unregistered Submission, Peer 6, Peer 7, Condylocarpon Amazonicum, Matthew Schrag, Paroctopus Digueti"
"2014","article","Public Library of Science (PLoS)","PLOS ONE","RETRACTED > MicroRNA-503 Acts as a Tumor Suppressor in Osteosarcoma by Targeting L1CAM","10.1371/journal.pone.0114585","61","27","2022-06-08 retracted","Elisabeth M Bik, Hoya Camphorifolia"
"2022","article","Public Library of Science (PLoS)","PLOS ONE","Nutritional status, antioxidant activity and total phenolic content of different fruits and vegetables’ peels","10.1371/journal.pone.0265566","61","22","2024-12-18 retracted","Gerris Caucasicus"
"2013","article","Public Library of Science (PLoS)","PLOS ONE","Mitochondrial Dysfunction Promotes Breast Cancer Cell Migration and Invasion through HIF1α Accumulation via Increased Production of Reactive Oxygen Species","10.1371/journal.pone.0069485","61","9","2018-10-02 retracted","Elisabeth M Bik, Unregistered Submission, Peer 1, Peer 2, Aphis Rumicis, Aplastodiscus Eugenioi PMC: Morten Oksvold"
"2015","article","Public Library of Science (PLoS)","PLOS ONE","RETRACTED > Secreted Frizzled-Related Protein 4 Inhibits Glioma Stem-Like Cells by Reversing Epithelial to Mesenchymal Transition, Inducing Apoptosis and Decreasing Cancer Stem Cell Properties","10.1371/journal.pone.0127517","61","3","2022-05-05 retracted","Ribes Fasciculatum"
"2014","article","Public Library of Science (PLoS)","PLOS ONE","Synthesis, Characterization and In Vitro Study of Biocompatible Cinnamaldehyde Functionalized Magnetite Nanoparticles (CPGF Nps) For Hyperthermia and Drug Delivery Applications in Breast Cancer","10.1371/journal.pone.0107315","61","0","2023-01-10 retracted","Hoya Camphorifolia, Salsola Zygophylla, Thallarcha Lechrioleuca, Ruchika Kaul-Ghanekar"
"2021","article","Public Library of Science (PLoS)","PLOS ONE","Sodium nitroprusside application improves morphological and physiological attributes of soybean (Glycine max L.) under salinity stress","10.1371/journal.pone.0248207","61","0","2022-08-03 retracted","–"
"2012","article","Public Library of Science (PLoS)","PLOS ONE","MiR-145 Regulates Epithelial to Mesenchymal Transition of Breast Cancer Cells by Targeting Oct4","10.1371/journal.pone.0045965","61","0","2013-05-20 retracted","–"
"2013","article","Public Library of Science (PLoS)","PLOS ONE","RETRACTED > Inhibition of the Receptor Tyrosine Kinase ROR1 by Anti-ROR1 Monoclonal Antibodies and siRNA Induced Apoptosis of Melanoma Cells","10.1371/journal.pone.0061167","60","16","2022-05-05 retracted","Elisabeth M Bik, Actinopolyspora Biskrensis, Mohammad Hojjat-Farsangi"
"2013","article","Public Library of Science (PLoS)","PLOS ONE","RETRACTED > Detection of Histone Acetylation Levels in the Dorsal Hippocampus Reveals Early Tagging on Specific Residues of H2B and H4 Histones in Response to Learning","10.1371/journal.pone.0057816","60","6","2023-12-22 retracted","Bacteroides Xylanolyticus, Blechnum Dissectum, Heliotropium Polyphyllum"
"2011","article","Public Library of Science (PLoS)","PLOS Pathogens","RETRACTED > Epstein-Barr Virus Nuclear Antigen 3C Stabilizes Gemin3 to Block p53-mediated Apoptosis","10.1371/journal.ppat.1002418","60","5","2021-04-30 retracted","Elisabeth M Bik, Neomitranthes Cordifolia"
"2013","article","Public Library of Science (PLoS)","PLOS ONE","RETRACTED > Newcastle Disease Virus Fusion Protein Is the Major Contributor to Protective Immunity of Genotype-Matched Vaccine","10.1371/journal.pone.0074022","60","5","2020-12-14 retracted","Elisabeth M Bik"
"2011","article","Public Library of Science (PLoS)","PLOS ONE","Synergistic Antitumor Effects of Novel HDAC Inhibitors and Paclitaxel In Vitro and In Vivo","10.1371/journal.pone.0029085","60","4","2026-03-16 retracted","Hoya Camphorifolia, Glycosmis Lucida"
"2012","article","Public Library of Science (PLoS)","PLOS ONE","RETRACTED > MicroRNA-330 Is an Oncogenic Factor in Glioblastoma Cells by Regulating SH3GL2 Gene","10.1371/journal.pone.0046010","60","1","2024-01-24 retracted","Hoya Camphorifolia, Actinopolyspora Biskrensis, Yunhui Liu"
"2014","article","Public Library of Science (PLoS)","PLOS ONE","RETRACTED > Raf Kinase Inhibitor Protein (RKIP) Blocks Signal Transducer and Activator of Transcription 3 (STAT3) Activation in Breast and Prostate Cancer","10.1371/journal.pone.0092478","59","14","2021-06-10 retracted","Elisabeth M Bik, Unregistered Submission, Hoya Camphorifolia, Rhagoletis Tabellaria"
"2022","article","Public Library of Science (PLoS)","PLOS ONE","RETRACTED > Combined application of zinc and iron-lysine and its effects on morpho-physiological traits, antioxidant capacity and chromium uptake in rapeseed (Brassica napus L.)","10.1371/journal.pone.0262140","59","5","2022-08-03 retracted","Hoya Camphorifolia, Gerris Caucasicus, Desmococcus Antarctica"
"2013","article","Public Library of Science (PLoS)","PLOS ONE","High Glucose Induced Oxidative Stress and Apoptosis in Cardiac Microvascular Endothelial Cells Are Regulated by FoxO3a","10.1371/journal.pone.0079739","59","3","2026-03-03 retracted","Hoya Camphorifolia, Mycosphaerella Arachidis"
"2015","article","Public Library of Science (PLoS)","PLOS ONE","RETRACTED > miR-381 Regulates Neural Stem Cell Proliferation and Differentiation via Regulating Hes1 Expression","10.1371/journal.pone.0138973","59","3","2023-03-29 retracted","Hoya Camphorifolia"
"2016","article","Public Library of Science (PLoS)","PLOS ONE","Neuroprotective Role of Intermittent Hypobaric Hypoxia in Unpredictable Chronic Mild Stress Induced Depression in Rats","10.1371/journal.pone.0149309","59","1","2025-02-07 retracted","Hoya Camphorifolia, Actinopolyspora Biskrensis"
"2015","article","Public Library of Science (PLoS)","PLOS ONE","RETRACTED > MicroRNA-214 Suppresses Oncogenesis and Exerts Impact on Prognosis by Targeting PDRG1 in Bladder Cancer","10.1371/journal.pone.0118086","59","0","2020-12-17 retracted","Hoya Camphorifolia, Actinopolyspora Biskrensis, Podandrogyne Mathewsii"
"2012","article","Public Library of Science (PLoS)","PLOS ONE","Molecular and Cellular Mechanisms of Cigarette Smoke-Induced Myocardial Injury: Prevention by Vitamin C","10.1371/journal.pone.0044151","58","11","2026-01-06 retracted","Miersia Chilensis, Deverra Burchellii, Haloferula Chungangensis"
"2012","article","Public Library of Science (PLoS)","PLOS ONE","In Vitro Study of Novel Collagenase (XIAFLEX®) on Dupuytren's Disease Fibroblasts Displays Unique Drug Related Properties","10.1371/journal.pone.0031430","58","11","2025-12-19 retracted","Epistaurus Meridionalis, Anagyrus Dactylopii"
"2015","article","Public Library of Science (PLoS)","PLOS ONE","RETRACTED > MicroRNA-377 Suppresses Cell Proliferation and Invasion by Inhibiting TIAM1 Expression in Hepatocellular Carcinoma","10.1371/journal.pone.0117714","58","7","2022-03-24 retracted","Elisabeth M Bik, Hoya Camphorifolia"
"2015","article","Public Library of Science (PLoS)","PLOS ONE","RETRACTED > MicroRNA let-7c Inhibits Cell Proliferation and Induces Cell Cycle Arrest by Targeting CDC25A in Human Hepatocellular Carcinoma","10.1371/journal.pone.0124266","58","1","2023-01-06 retracted","Indigofera Tanganyikensis, Hoya Camphorifolia, Xiuming Zhu"
"2021","article","Public Library of Science (PLoS)","PLOS ONE","Metformin attenuates osteoclast-mediated abnormal subchondral bone remodeling and alleviates osteoarthritis via AMPK/NF-κB/ERK signaling pathway","10.1371/journal.pone.0261127","58","0","2026-01-08 retracted","Hoya Camphorifolia"
"2013","article","Public Library of Science (PLoS)","PLOS ONE","Role of DNA Methylation in Cell Cycle Arrest Induced by Cr (VI) in Two Cell Lines","10.1371/journal.pone.0071031","58","0","2025-10-07 retracted","Elisabeth M Bik, Hoya Camphorifolia"
"2014","article","Public Library of Science (PLoS)","PLOS ONE","RETRACTED > MicroRNA-33b Suppresses Migration and Invasion by Targeting c-Myc in Osteosarcoma Cells","10.1371/journal.pone.0115300","57","27","2022-06-08 retracted","Elisabeth M Bik, Campanula Pseudostenocodon"
"2009","article","Public Library of Science (PLoS)","PLOS ONE","RETRACTED > Naloxone's Pentapeptide Binding Site on Filamin A Blocks Mu Opioid Receptor–Gs Coupling and CREB Activation of Acute Morphine","10.1371/journal.pone.0004282","57","19","2022-03-30 retracted","Acroria Chloegrapha, Tetramorium Humbloti"
"2008","article","Public Library of Science (PLoS)","PLOS ONE","RETRACTED > Antibiotics Threaten Wildlife: Circulating Quinolone Residues and Disease in Avian Scavengers","10.1371/journal.pone.0001444","57","16","2012-10-22 retracted","Peer 1, Garra Festai"
"2012","article","Public Library of Science (PLoS)","PLOS ONE","RETRACTED > EGFR Inhibition in Glioma Cells Modulates Rho Signaling to Inhibit Cell Motility and Invasion and Cooperates with Temozolomide to Reduce Cell Growth","10.1371/journal.pone.0038770","57","9","2019-09-03 retracted","Callosobruchus Nigripennis, Caledargiolestes Uniseries, Actinoptychus Sinensis, Sympherobius Elegans"
"2012","article","Public Library of Science (PLoS)","PLOS ONE","Carbapenem Resistance and Acinetobacter baumannii in Senegal: The Paradigm of a Common Phenomenon in Natural Reservoirs","10.1371/journal.pone.0039495","57","5","2025-05-09 retracted","Elisabeth M Bik, Encoelia Furfuracea, Nesobasis Malcolmi"
"2023","article","Public Library of Science (PLoS)","PLOS ONE","RETRACTED: Experimental study on the properties of ultra-high-strength geopolymer concrete with polypropylene fibers and nano-silica","10.1371/journal.pone.0282435","57","2","2026-04-06 retracted","Elisabeth M Bik"
"2013","article","Public Library of Science (PLoS)","PLOS ONE","RETRACTED > Recombinant Human Adenovirus-p53 Injection Induced Apoptosis in Hepatocellular Carcinoma Cell Lines Mediated by p53-Fbxw7 Pathway, Which Controls c-Myc and Cyclin E","10.1371/journal.pone.0068574","57","0","2020-03-27 retracted","Condylocarpon Amazonicum, Archaeopotamobius Sibiriensis"
"2014","article","Public Library of Science (PLoS)","PLOS ONE","RETRACTED > MicroRNA-410 Suppresses Migration and Invasion by Targeting MDM2 in Gastric Cancer","10.1371/journal.pone.0104510","56","26","2022-06-08 retracted","Elisabeth M Bik, Tabebuia Rosea, Hoya Camphorifolia"
"2014","article","Public Library of Science (PLoS)","PLOS ONE","RETRACTED > Transdermal Delivery of Insulin by Amidated Pectin Hydrogel Matrix Patch in Streptozotocin-Induced Diabetic Rats: Effects on Some Selected Metabolic Parameters","10.1371/journal.pone.0101461","56","8","2021-02-11 retracted","Elisabeth M Bik, Peer 1, Triodia Vella"
"2013","article","Public Library of Science (PLoS)","PLOS ONE","RETRACTED > Aquaporin-4 Inhibition Mediates Piroxicam-Induced Neuroprotection against Focal Cerebral Ischemia/Reperfusion Injury in Rodents","10.1371/journal.pone.0073481","56","8","2020-06-11 retracted","Axonopus Anceps, Pallab Bhattacharya, Monsonia Brevirostrata, Inocybe Fibrosoides"
"2015","article","Public Library of Science (PLoS)","PLOS ONE","Therapeutic Potential of Date Palm Pollen for Testicular Dysfunction Induced by Thyroid Disorders in Male Rats","10.1371/journal.pone.0139493","56","7","2026-05-05 retracted","Hoya Camphorifolia, Sholto David"
"2014","article","Public Library of Science (PLoS)","PLOS ONE","RETRACTED > Tetrandrine Suppresses Lipopolysaccharide-Induced Microglial Activation by Inhibiting NF-κB and ERK Signaling Pathways in BV2 Cells","10.1371/journal.pone.0102522","56","1","2019-10-31 retracted","Elisabeth M Bik, Peer 1"
"2021","article","Public Library of Science (PLoS)","PLOS ONE","Blood biomarker discovery for autism spectrum disorder: A proteomic analysis","10.1371/journal.pone.0246581","55","93","2024-03-28 retracted","Hoya Camphorifolia"
"2015","article","Public Library of Science (PLoS)","PLOS ONE","RETRACTED > miR-599 Inhibits Vascular Smooth Muscle Cells Proliferation and Migration by Targeting TGFB2","10.1371/journal.pone.0141512","55","5","2023-03-29 retracted","Hoya Camphorifolia"
"2014","article","Public Library of Science (PLoS)","PLOS ONE","RETRACTED > MicroRNA-10a Is Down-Regulated by DNA Methylation and Functions as a Tumor Suppressor in Gastric Cancer Cells","10.1371/journal.pone.0088057","55","1","2023-03-29 retracted","Hoya Camphorifolia"
"2013","article","Public Library of Science (PLoS)","PLOS ONE","Eucommia ulmoides Oliver Extract, Aucubin, and Geniposide Enhance Lysosomal Activity to Regulate ER Stress and Hepatic Lipid Accumulation","10.1371/journal.pone.0081349","55","0","2025-07-11 retracted","Hoya Camphorifolia, Catocala Insolabilis, Han-Jung Chae"
"2014","article","Public Library of Science (PLoS)","PLOS ONE","RETRACTED > Reversal Effect of ST6GAL 1 on Multidrug Resistance in Human Leukemia by Regulating the PI3K/Akt Pathway and the Expression of P-gp and MRP1","10.1371/journal.pone.0085113","54","11","2019-10-17 retracted","Elisabeth M Bik, Peer 1, Peer 2, Hoya Camphorifolia, Actinopolyspora Biskrensis, Bacillus Mannanilyticus"
"2012","article","Public Library of Science (PLoS)","PLOS ONE","RETRACTED > IL-21 Regulates the Differentiation of a Human γδ T Cell Subset Equipped with B Cell Helper Activity","10.1371/journal.pone.0041940","54","7","2019-09-24 retracted","Unregistered Submission, Peer 1, Dendropanax Capillaris"
"2014","article","Public Library of Science (PLoS)","PLOS ONE","RETRACTED > The Tumor Suppressor Role of miR-124 in Osteosarcoma","10.1371/journal.pone.0091566","54","5","2019-03-13 retracted","Elisabeth M Bik, Hoya Camphorifolia, Gossypium Aridum, Campanula Pseudostenocodon"
"2014","article","Public Library of Science (PLoS)","PLOS ONE","RETRACTED > MicroRNA-493 Suppresses Tumor Growth, Invasion and Metastasis of Lung Cancer by Regulating E2F1","10.1371/journal.pone.0102602","54","1","2019-12-31 retracted","Elisabeth M Bik, Peer 1, Erethistoides Sicula"
"2013","article","Public Library of Science (PLoS)","PLOS ONE","FoxO3a Modulates Hypoxia Stress Induced Oxidative Stress and Apoptosis in Cardiac Microvascular Endothelial Cells","10.1371/journal.pone.0080342","54","0","2026-03-04 retracted","Hoya Camphorifolia, Mycosphaerella Arachidis"
"2015","article","Public Library of Science (PLoS)","PLOS ONE","RETRACTED > Isolation and Characterization of a “phiKMV-Like” Bacteriophage and Its Therapeutic Effect on Mink Hemorrhagic Pneumonia","10.1371/journal.pone.0116571","53","9","2022-01-20 retracted","Actinopolyspora Biskrensis"
"2016","article","Public Library of Science (PLoS)","PLOS ONE","Identification of Differentially Expressed Genes Related to Dehydration Resistance in a Highly Drought-Tolerant Pear, Pyrus betulaefolia, as through RNA-Seq","10.1371/journal.pone.0149352","53","2","2024-05-22 retracted","Hoya Camphorifolia"
"2012","article","Public Library of Science (PLoS)","PLOS ONE","Human Epididymis Protein-4 (HE-4): A Novel Cross-Class Protease Inhibitor","10.1371/journal.pone.0047672","53","1","2024-06-11 retracted","Elisabeth M Bik, Peer 1, Unregistered Submission, Peer 2, Peer 3, Hoya Camphorifolia"
"2012","article","Public Library of Science (PLoS)","PLOS ONE","The Gene Expression Analysis of Blood Reveals S100A11 and AQP9 as Potential Biomarkers of Infective Endocarditis","10.1371/journal.pone.0031490","53","1","2026-04-21 retracted","Elisabeth M Bik, Hoya Camphorifolia"
"2014","article","Public Library of Science (PLoS)","PLOS ONE","RETRACTED > Anti-Ulcerogenic Effect of Methanolic Extracts from Enicosanthellum pulchrum (King) Heusden against Ethanol-Induced Acute Gastric Lesion in Animal Models","10.1371/journal.pone.0111925","53","0","2023-11-10 retracted","Hoya Camphorifolia, Mycosphaerella Arachidis"
"2014","article","Public Library of Science (PLoS)","PLOS ONE","RETRACTED > Plasma D-Dimer Predicts Short-Term Poor Outcome after Acute Ischemic Stroke","10.1371/journal.pone.0089756","53","0","2022-03-30 retracted","Hoya Camphorifolia"
"2014","article","Public Library of Science (PLoS)","PLOS ONE","RETRACTED > Anti-Wrinkle Effect of Magnesium Lithospermate B from Salvia miltiorrhiza BUNGE: Inhibition of MMPs via NF-kB Signaling","10.1371/journal.pone.0102689","53","0","2019-04-30 retracted","Elisabeth M Bik, Myzostoma Susanae"
"2013","article","Public Library of Science (PLoS)","PLOS ONE","Casticin Potentiates TRAIL-Induced Apoptosis of Gastric Cancer Cells through Endoplasmic Reticulum Stress","10.1371/journal.pone.0058855","53","0","2025-04-15 retracted","Elisabeth M Bik, Actinopolyspora Biskrensis"
"2010","article","Public Library of Science (PLoS)","PLOS Pathogens","Oxidation of Helix-3 Methionines Precedes the Formation of PK Resistant PrPSc","10.1371/journal.ppat.1000977","52","20","2024-12-11 retracted","Peer 1, Peer 2, Peer 3, Peer 4, Peer 5, Actinopolyspora Biskrensis, Ruth Gabizon, Maarten Van Kampen"
"2013","article","Public Library of Science (PLoS)","PLOS ONE","RETRACTED > Overexpression of the Insulin Receptor Isoform A Promotes Endometrial Carcinoma Cell Growth","10.1371/journal.pone.0069001","52","18","2021-11-23 retracted","Elisabeth M Bik, Hoya Camphorifolia"
"2013","article","Public Library of Science (PLoS)","PLOS ONE","RETRACTED > Zoledronic Acid Restores Doxorubicin Chemosensitivity and Immunogenic Cell Death in Multidrug-Resistant Human Cancer Cells","10.1371/journal.pone.0060975","52","8","2020-12-15 retracted","Elisabeth M Bik, Actinopolyspora Biskrensis, Chiara Riganti"
"2008","article","Public Library of Science (PLoS)","PLOS ONE","RETRACTED > Central Exercise Action Increases the AMPK and mTOR Response to Leptin","10.1371/journal.pone.0003856","52","6","2018-01-02 retracted","Unregistered Submission, Gerygone Fusca"
"2013","article","Public Library of Science (PLoS)","PLOS ONE","RETRACTED > miR-23a Targets Interferon Regulatory Factor 1 and Modulates Cellular Proliferation and Paclitaxel-Induced Apoptosis in Gastric Adenocarcinoma Cells","10.1371/journal.pone.0064707","52","5","2020-05-29 retracted","Elisabeth M Bik, Hoya Camphorifolia, Actinopolyspora Biskrensis"
"2010","article","Public Library of Science (PLoS)","PLOS ONE","Suppression of uPAR Retards Radiation-Induced Invasion and Migration Mediated by Integrin β1/FAK Signaling in Medulloblastoma","10.1371/journal.pone.0013006","52","2","2025-07-15 retracted","Elisabeth M Bik, Lotus Azoricus"
"2020","article","Public Library of Science (PLoS)","PLOS ONE","Effect of harvest season on the nutritional value of bee pollen protein","10.1371/journal.pone.0241393","52","1","2022-11-16 retracted","–"
"2009","article","Public Library of Science (PLoS)","PLOS ONE","Dominant Negative Mutants of Bacillus thuringiensis Cry1Ab Toxin Function as Anti-Toxins: Demonstration of the Role of Oligomerization in Toxicity","10.1371/journal.pone.0005545","52","0","2026-03-25 retracted","Hoya Camphorifolia"
"2011","article","Public Library of Science (PLoS)","PLOS ONE","RETRACTED > Comparative Expression Profile of miRNA and mRNA in Primary Peripheral Blood Mononuclear Cells Infected with Human Immunodeficiency Virus (HIV-1)","10.1371/journal.pone.0022730","51","24","2012-08-29 retracted","Gerris Caucasicus"
"2014","article","Public Library of Science (PLoS)","PLOS ONE","Demineralized Bone Matrix Combined Bone Marrow Mesenchymal Stem Cells, Bone Morphogenetic Protein-2 and Transforming Growth Factor-β3 Gene Promoted Pig Cartilage Defect Repair","10.1371/journal.pone.0116061","51","8","2026-04-24 retracted","Hoya Camphorifolia, Aneurus Inconstans"
"2017","article","Public Library of Science (PLoS)","PLOS ONE","Role of glycogen synthase kinase-3β and PPAR-γ on epithelial-to-mesenchymal transition in DSS-induced colorectal fibrosis","10.1371/journal.pone.0171093","51","7","2026-01-05 retracted","Viola Sheltonii, Eremias Lalezharica, Proctophyllodes Rubeculinus, Polyporus Varius, Pilosocereus Machrisii, Cleretum Herrei, Pseudomyrmex Depressus, Aphistogoniulus Cowani, Roberta Sferra, Madascincus Igneocaudatus, Utricularia Kamienskii, Micropontica Closta, Phyllagathis Fengii, Megadromus Wallacei, Memnoniella Putrefolia, Ecclisocosmoecus Spinosus"
"2021","article","Public Library of Science (PLoS)","PLOS ONE","Dynamic linkages between renewable energy, carbon emissions and economic growth through nonlinear ARDL approach: Evidence from Iran","10.1371/journal.pone.0253464","51","5","2026-04-13 retracted","Hoya Camphorifolia"
"2021","article","Public Library of Science (PLoS)","PLOS ONE","RETRACTED > Fourier Transform Infrared Spectroscopy vibrational bands study of Spinacia oleracea and Trigonella corniculata under biochar amendment in naturally contaminated soil","10.1371/journal.pone.0253390","51","5","2022-08-03 retracted","Gerris Caucasicus"
"2018","article","Public Library of Science (PLoS)","PLOS Genetics","miR-3607-3p suppresses non-small cell lung cancer (NSCLC) by targeting TGFBR1 and CCNE2","10.1371/journal.pgen.1007790","51","2","2024-05-07 retracted","Hoya Camphorifolia, Actinopolyspora Biskrensis"
"2022","article","Public Library of Science (PLoS)","PLOS ONE","RETRACTED > Effect of different soil amendments on soil buffering capacity","10.1371/journal.pone.0263456","51","1","2022-09-30 retracted","Gerris Caucasicus"
"2015","article","Public Library of Science (PLoS)","PLOS ONE","RETRACTED > Involvement of the JNK/FOXO3a/Bim Pathway in Neuronal Apoptosis after Hypoxic–Ischemic Brain Damage in Neonatal Rats","10.1371/journal.pone.0132998","51","0","2020-05-06 retracted","Elisabeth M Bik, Hoya Camphorifolia, DeZhi Mu, Deyuan Li, Pleione Bulbocodioides"
"2015","article","Public Library of Science (PLoS)","PLOS ONE","RETRACTED > Up-Regulation of MiR-300 Promotes Proliferation and Invasion of Osteosarcoma by Targeting BRD7","10.1371/journal.pone.0127682","50","13","2022-06-08 retracted","Hoya Camphorifolia"
"2008","article","Public Library of Science (PLoS)","PLOS Pathogens","The Uptake of Apoptotic Cells Drives Coxiella burnetii Replication and Macrophage Polarization: A Model for Q Fever Endocarditis","10.1371/journal.ppat.1000066","50","7","2026-05-12 retracted","Elisabeth M Bik"
"2015","article","Public Library of Science (PLoS)","PLOS Neglected Tropical Diseases","Mansonella, including a Potential New Species, as Common Parasites in Children in Gabon","10.1371/journal.pntd.0004155","50","6","2026-04-07 retracted","Elisabeth M Bik"
"2020","article","Public Library of Science (PLoS)","PLOS ONE","RETRACTED > Plant-growth-promoting Bacillus and Paenibacillus species improve the nutritional status of Triticum aestivum L.","10.1371/journal.pone.0241130","50","4","2023-11-16 retracted","Hoya Camphorifolia, Echinopericlimenes Hertwigi, Desmococcus Antarctica"
"2010","article","Public Library of Science (PLoS)","PLOS ONE","RETRACTED > Regulation of Proapoptotic Mammalian ste20–Like Kinase MST2 by the IGF1-Akt Pathway","10.1371/journal.pone.0009616","50","1","2023-07-25 retracted","Peer 1, Hoya Camphorifolia, Diasporus Quidditus"
"2013","article","Public Library of Science (PLoS)","PLOS ONE","RETRACTED > Neurotoxicity Induced by Bupivacaine via T-Type Calcium Channels in SH-SY5Y Cells","10.1371/journal.pone.0062942","50","1","2020-08-25 retracted","Elisabeth M Bik, Actinopolyspora Biskrensis, Cicindela Batesi, Xianjie Wen, Coniochaeta Malacotricha, Stenogrammitis Myosuroides"
"2013","article","Public Library of Science (PLoS)","PLOS ONE","RETRACTED > Artificial Liver Support System Combined with Liver Transplantation in the Treatment of Patients with Acute-on-Chronic Liver Failure","10.1371/journal.pone.0058738","50","1","2019-08-27 retracted","Dysteria Lanceolata"
"2022","article","Public Library of Science (PLoS)","PLOS ONE","Dynamics of natural product Lupenone as a potential fusion inhibitor against the spike complex of novel Semliki Forest Virus","10.1371/journal.pone.0263853","50","1","2025-11-10 retracted","Chamaedorea Vulgata"
"2012","article","Public Library of Science (PLoS)","PLOS ONE","RETRACTED > Downgrading MELD Improves the Outcomes after Liver Transplantation in Patients with Acute-on-Chronic Hepatitis B Liver Failure","10.1371/journal.pone.0030322","50","0","2019-07-25 retracted","Vibrio Salilacus"
"2014","article","Public Library of Science (PLoS)","PLOS ONE","RETRACTED > SOX2 Enhances the Migration and Invasion of Ovarian Cancer Cells via Src Kinase","10.1371/journal.pone.0099594","50","0","2023-11-28 retracted","Elisabeth M Bik, Hoya Camphorifolia, Youji Feng, Amos Bairoch, René Aquarius"
"2010","article","Public Library of Science (PLoS)","PLOS ONE","Endothelin-1 Inhibits Prolyl Hydroxylase Domain 2 to Activate Hypoxia-Inducible Factor-1α in Melanoma Cells","10.1371/journal.pone.0011241","49","17","2024-12-05 retracted","Unregistered Submission, Peer 1, Annona Hypoglauca, Hoya Camphorifolia, Laurencia Snackeyi"
"2017","article","Public Library of Science (PLoS)","PLOS ONE","RETRACTED > Zinc sulfate contributes to promote telomere length extension via increasing telomerase gene expression, telomerase activity and change in the TERT gene promoter CpG island methylation status of human adipose-derived mesenchymal stem cells","10.1371/journal.pone.0188052","49","13","2023-10-26 retracted","Actinopolyspora Biskrensis"
"2012","article","Public Library of Science (PLoS)","PLOS ONE","RETRACTED > Carboxyamidotriazole-Orotate Inhibits the Growth of Imatinib-Resistant Chronic Myeloid Leukaemia Cells and Modulates Exosomes-Stimulated Angiogenesis","10.1371/journal.pone.0042310","49","10","2019-10-16 retracted","Peer 1, Peer 2, Potentilla Humifusa"
"2015","article","Public Library of Science (PLoS)","PLOS ONE","RETRACTED > miR-203 Acts as a Tumor Suppressor Gene in Osteosarcoma by Regulating RAB22A","10.1371/journal.pone.0132225","49","7","2023-03-29 retracted","Hoya Camphorifolia"
"2011","article","Public Library of Science (PLoS)","PLOS ONE","RETRACTED > Grape Seed Proanthocyanidins Inhibit Melanoma Cell Invasiveness by Reduction of PGE2 Synthesis and Reversal of Epithelial-to-Mesenchymal Transition","10.1371/journal.pone.0021539","49","2","2018-12-31 retracted","Elisabeth M Bik"
"2013","article","Public Library of Science (PLoS)","PLOS ONE","3, 3′-diindolylmethane Enhances the Effectiveness of Herceptin against HER-2/Neu-Expressing Breast Cancer Cells","10.1371/journal.pone.0054657","49","1","2026-04-08 retracted","Hoya Camphorifolia, Guillaume Cabanac"
"2022","article","Public Library of Science (PLoS)","PLOS ONE","Food security management in developing countries: Influence of economic factors on their food availability and access","10.1371/journal.pone.0271696","49","1","2025-08-14 retracted","Hoya Camphorifolia"
"2021","article","Public Library of Science (PLoS)","PLOS ONE","RETRACTED > Ethnomedicinal and folklore inventory of wild plants used by rural communities of valley Samahni, District Bhimber Azad Jammu and Kashmir, Pakistan","10.1371/journal.pone.0243151","49","1","2023-09-05 retracted","Guillaume Cabanac"
"2013","article","Public Library of Science (PLoS)","PLOS ONE","RETRACTED > Vascular Endothelial Growth Factor Receptor-1 Activation Promotes Migration and Invasion of Breast Cancer Cells through Epithelial-Mesenchymal Transition","10.1371/journal.pone.0065217","49","1","2022-08-31 retracted","Elisabeth M Bik, Hoya Camphorifolia, Xinhan Zhao"
"2008","article","Public Library of Science (PLoS)","PLOS ONE","RETRACTED > Protein Isoaspartate Methyltransferase Prevents Apoptosis Induced by Oxidative Stress in Endothelial Cells: Role of Bcl-Xl Deamidation and Methylation","10.1371/journal.pone.0003258","49","0","2018-11-08 retracted","Mesodinium Pupula, Pteruthius Rufiventer"
"2023","article","Public Library of Science (PLoS)","PLOS ONE","Determining engineering properties of ultra-high-performance fiber-reinforced geopolymer concrete modified with different waste materials","10.1371/journal.pone.0285692","49","0","2026-04-06 retracted","Elisabeth M Bik, Guillaume Cabanac"
"2019","article","Public Library of Science (PLoS)","PLOS ONE","Specific clones of Trichomonas tenax are associated with periodontitis","10.1371/journal.pone.0213338","48","13","2024-10-14 retracted","Elisabeth M Bik, Hoya Camphorifolia, Mesembrina Resplendens, Oocystis Apiculata"
"2016","article","Public Library of Science (PLoS)","PLOS Genetics","RETRACTED > Maize opaque10 Encodes a Cereal-Specific Protein That Is Essential for the Proper Distribution of Zeins in Endosperm Protein Bodies","10.1371/journal.pgen.1006270","48","3","2022-11-16 retracted","Acallis Alticolalis, Tibouchina Pulchra, Idiomarina Woesei, Lymanopoda Confusa, Dorstenia Alta, Leucotrichia Pictipes, Hyloxalus Idiomelus, Antennarius Maculatus, Curtimorda Maculosa, Russula Fistulosa, Phoberus Squamiger, Onthophagus Rorarius"
"2014","article","Public Library of Science (PLoS)","PLOS ONE","RETRACTED > The Association of HMGB1 Gene with the Prognosis of HCC","10.1371/journal.pone.0089097","48","1","2023-04-11 retracted","Hoya Camphorifolia, Bacillus Mannanilyticus"
"2022","article","Public Library of Science (PLoS)","PLOS ONE","Controlling air pollution by lowering methane emissions, conserving natural resources, and slowing urbanization in a panel of selected Asian economies","10.1371/journal.pone.0271387","48","0","2024-10-14 retracted","Phanerotoma Behriae"
"2021","article","Public Library of Science (PLoS)","PLOS ONE","RETRACTED > The interactive effect of pH variation and cadmium stress on wheat (Triticum aestivum L.) growth, physiological and biochemical parameters","10.1371/journal.pone.0253798","48","0","2023-04-19 retracted","Gerris Caucasicus"
"2007","article","Public Library of Science (PLoS)","PLOS ONE","RETRACTED > The Role for HNF-1β-Targeted Collectrin in Maintenance of Primary Cilia and Cell Polarity in Collecting Duct Cells","10.1371/journal.pone.0000414","48","0","2023-05-18 retracted","Elisabeth M Bik, Hoya Camphorifolia"
"2011","article","Public Library of Science (PLoS)","PLOS ONE","Involvement of FOXO Transcription Factors, TRAIL-FasL/Fas, and Sirtuin Proteins Family in Canine Coronavirus Type II-Induced Apoptosis","10.1371/journal.pone.0027313","47","15","2025-05-06 retracted","Leonid Schneider, Elisabeth M Bik, Peer 1, Peer 3, Aneurus Inconstans, Illex Illecebrosus, Neophema Petrophila"
"2010","article","Public Library of Science (PLoS)","PLOS ONE","RETRACTED > Ubiquitin/SUMO Modification Regulates VHL Protein Stability and Nucleocytoplasmic Localization","10.1371/journal.pone.0012636","47","5","2022-03-04 retracted","Hoya Camphorifolia, Paspalum Laeve"
"2021","article","Public Library of Science (PLoS)","PLOS ONE","Modeling the mediating roles of self-directed learning and knowledge management processes between emotional intelligence and learning outcomes in higher education","10.1371/journal.pone.0255177","47","5","2025-10-09 retracted","Hoya Camphorifolia"
"2013","article","Public Library of Science (PLoS)","PLOS ONE","The PI3K/AKT/mTOR Signaling Pathway Is Overactivated in Primary Aldosteronism","10.1371/journal.pone.0062399","47","4","2025-11-03 retracted","Hoya Camphorifolia, Actinopolyspora Biskrensis"
"2015","article","Public Library of Science (PLoS)","PLOS ONE","RETRACTED > MiR-144 Inhibits Uveal Melanoma Cell Proliferation and Invasion by Regulating c-Met Expression","10.1371/journal.pone.0124428","47","4","2022-08-31 retracted","Elisabeth M Bik, Hoya Camphorifolia, Guillaume Cabanac"
"2013","article","Public Library of Science (PLoS)","PLOS ONE","A Bmi1-miRNAs Cross-Talk Modulates Chemotherapy Response to 5-Fluorouracil in Breast Cancer Cells","10.1371/journal.pone.0073268","47","0","2025-02-24 retracted","Hoya Camphorifolia, Actinopolyspora Biskrensis"
"2019","article","Public Library of Science (PLoS)","PLOS ONE","The effects of sildenafil in maternal and fetal outcomes in pregnancy: A systematic review and meta-analysis","10.1371/journal.pone.0219732","46","12","2024-09-06 retracted","Hoya Camphorifolia"
"2020","article","Public Library of Science (PLoS)","PLOS ONE","Clinical impact of monocyte distribution width and neutrophil-to-lymphocyte ratio for distinguishing COVID-19 and influenza from other upper respiratory tract infections: A pilot study","10.1371/journal.pone.0241262","46","10","2025-06-18 retracted","Hoya Camphorifolia"
"2010","article","Public Library of Science (PLoS)","PLOS ONE","MMP-9, uPAR and Cathepsin B Silencing Downregulate Integrins in Human Glioma Xenograft Cells In Vitro and In Vivo in Nude Mice","10.1371/journal.pone.0011583","46","6","2025-07-11 retracted","Hoya Camphorifolia, Lotus Azoricus, Krishna Kumar Veeravalli"
"2013","article","Public Library of Science (PLoS)","PLOS ONE","RETRACTED > Hypothermia Protects the Brain from Transient Global Ischemia/Reperfusion by Attenuating Endoplasmic Reticulum Response-Induced Apoptosis through CHOP","10.1371/journal.pone.0053431","46","1","2021-03-18 retracted","Elisabeth M Bik, Peer 1"
"2018","article","Public Library of Science (PLoS)","PLOS ONE","Tramadol-induced hepato- and nephrotoxicity in rats: Role of Curcumin and Gallic acid as antioxidants","10.1371/journal.pone.0202110","46","1","2026-04-13 retracted","Elisabeth M Bik, Parabagrotis Sulinaris"
"2011","article","Public Library of Science (PLoS)","PLOS ONE","RETRACTED > Simultaneous Inhibition of mTOR-Containing Complex 1 (mTORC1) and MNK Induces Apoptosis of Cutaneous T-Cell Lymphoma (CTCL) Cells","10.1371/journal.pone.0024849","46","1","2020-09-10 retracted","Actinopolyspora Biskrensis, Citrus Iyo, Mariusz A. Wasik, Porphyronota Maculatissima"
"2015","article","Public Library of Science (PLoS)","PLOS ONE","SATB1 Overexpression Regulates the Development and Progression in Bladder Cancer through EMT","10.1371/journal.pone.0117518","46","0","2024-04-02 retracted","Hoya Camphorifolia, Mycosphaerella Arachidis, Gerris Pingreensis"
"2020","article","Public Library of Science (PLoS)","PLOS ONE","The use of machine translation algorithm based on residual and LSTM neural network in translation teaching","10.1371/journal.pone.0240663","46","0","2025-04-09 retracted","Hoya Camphorifolia"
"2021","article","Public Library of Science (PLoS)","PLOS ONE","Food insecurity and mental health of women during COVID-19: Evidence from a developing country","10.1371/journal.pone.0255392","45","18","2026-05-21 retracted","Hoya Camphorifolia"
"2013","article","Public Library of Science (PLoS)","PLOS ONE","RETRACTED > ATP Mediates NADPH Oxidase/ROS Generation and COX-2/PGE2 Expression in A549 Cells: Role of P2 Receptor-Dependent STAT3 Activation","10.1371/journal.pone.0054125","45","8","2022-05-19 retracted","Elisabeth M Bik, Chuen-Mao Yang"
"2018","article","Public Library of Science (PLoS)","PLOS ONE","Selective inhibition of carbonic anhydrase IX over carbonic anhydrase XII in breast cancer cells using benzene sulfonamides: Disconnect between activity and growth inhibition","10.1371/journal.pone.0207417","45","5","2025-06-18 retracted","Actinopolyspora Biskrensis, Susan C. Frost"
"2013","article","Public Library of Science (PLoS)","PLOS ONE","RETRACTED > Mouse-Induced Pluripotent Stem Cells Differentiate into Odontoblast-Like Cells with Induction of Altered Adhesive and Migratory Phenotype of Integrin","10.1371/journal.pone.0080026","45","1","2019-10-21 retracted","Satrapodes Dosca"
"2014","article","Public Library of Science (PLoS)","PLOS ONE","RETRACTED > Silencing Alpha-Fetoprotein Inhibits VEGF and MMP-2/9 Production in Human Hepatocellular Carcinoma Cell","10.1371/journal.pone.0090660","45","1","2020-12-31 retracted","Elisabeth M Bik, Actinopolyspora Biskrensis, Fukomys Darlingi"
"2020","article","Public Library of Science (PLoS)","PLOS Genetics","DNA methylation-mediated repression of exosomal miR-652-5p expression promotes oesophageal squamous cell carcinoma aggressiveness by targeting PARG and VEGF pathways","10.1371/journal.pgen.1008592","45","0","2024-05-07 retracted","Hoya Camphorifolia"
"2014","article","Public Library of Science (PLoS)","PLOS ONE","The Complex Regulation of Tanshinone IIA in Rats with Hypertension-Induced Left Ventricular Hypertrophy","10.1371/journal.pone.0092216","45","0","2024-03-12 retracted","Elisabeth M Bik"
"2012","article","Public Library of Science (PLoS)","PLOS ONE","RETRACTED > Replication, Neurotropism, and Pathogenicity of Avian Paramyxovirus Serotypes 1–9 in Chickens and Ducks","10.1371/journal.pone.0034927","45","0","2020-12-14 retracted","Elisabeth M Bik"
"2016","article","Public Library of Science (PLoS)","PLOS ONE","RETRACTED > Sarcosine Up-Regulates Expression of Genes Involved in Cell Cycle Progression of Metastatic Models of Prostate Cancer","10.1371/journal.pone.0165830","44","10","2022-05-19 retracted","Elisabeth M Bik"
"2011","article","Public Library of Science (PLoS)","PLOS ONE","Activated K-ras and INK4a/Arf Deficiency Cooperate During the Development of Pancreatic Cancer by Activation of Notch and NF-κB Signaling Pathways","10.1371/journal.pone.0020537","44","8","2018-10-02 retracted","Unregistered Submission, Peer 1, Aphis Rumicis, Aplastodiscus Eugenioi"
"2012","article","Public Library of Science (PLoS)","PLOS ONE","RETRACTED > Salvage Liver Transplantation for Patients with Recurrent Hepatocellular Carcinoma after Curative Resection","10.1371/journal.pone.0041820","44","6","2019-07-23 retracted","Hibbertia Pedunculata"
"2011","article","Public Library of Science (PLoS)","PLOS ONE","A Short Caspase-3 Isoform Inhibits Chemotherapy-Induced Apoptosis by Blocking Apoptosome Assembly","10.1371/journal.pone.0029058","44","5","2024-06-27 retracted","Hoya Camphorifolia, Actinopolyspora Biskrensis, Illex Illecebrosus, Agaricus Gemlii, Romain Boidot"
"2016","article","Public Library of Science (PLoS)","PLOS ONE","RETRACTED > MiR-375 Is Epigenetically Downregulated by HPV-16 E6 Mediated DNMT1 Upregulation and Modulates EMT of Cervical Cancer Cells by Suppressing lncRNA MALAT1","10.1371/journal.pone.0163460","44","1","2019-10-15 retracted","Hoya Camphorifolia, Actinopolyspora Biskrensis, Leptopterna Amoena"
"2020","article","Public Library of Science (PLoS)","PLOS ONE","Risk management system and intelligent decision-making for prefabricated building project under deep learning modified teaching-learning-based optimization","10.1371/journal.pone.0235980","44","1","2025-03-05 retracted","Hoya Camphorifolia"
"2014","article","Public Library of Science (PLoS)","PLOS ONE","RETRACTED > Stiffening-Induced High Pulsatility Flow Activates Endothelial Inflammation via a TLR2/NF-κB Pathway","10.1371/journal.pone.0102195","44","1","2019-07-29 retracted","Elisabeth M Bik, Peer 1, Clematis Fremontii"
"2019","article","Public Library of Science (PLoS)","PLOS ONE","Analysis of survival for lung cancer resections cases with fuzzy and soft set theory in surgical decision making","10.1371/journal.pone.0218283","44","0","2026-04-24 retracted","Hoya Camphorifolia, Rhipidura Albiventris, José Carlos R. Alcantud"
"2024","article","Public Library of Science (PLoS)","PLOS ONE","Green R & D investment, ESG reporting, and corporate green innovation performance","10.1371/journal.pone.0299707","44","0","2025-09-04 retracted","Hoya Camphorifolia"
"2024","article","Public Library of Science (PLoS)","PLOS ONE","Application of multimedia technology to innovative vocational education on learning satisfaction in China","10.1371/journal.pone.0298861","44","0","2024-09-05 retracted","Hoya Camphorifolia"
"2013","article","Public Library of Science (PLoS)","PLOS ONE","RETRACTED > Silencing of APE1 Enhances Sensitivity of Human Hepatocellular Carcinoma Cells to Radiotherapy In Vitro and in a Xenograft Model","10.1371/journal.pone.0055313","44","0","2023-10-09 retracted","Elisabeth M Bik, Hoya Camphorifolia"
"2013","article","Public Library of Science (PLoS)","PLOS Pathogens","RETRACTED > Extreme Resistance as a Host Counter-counter Defense against Viral Suppression of RNA Silencing","10.1371/journal.ppat.1003435","43","23","2015-09-22 retracted","Leonid Schneider, Peer 1, Unregistered Submission, Peer 2, Peer 3, Peer 4, Peer 5, Peer 6, Peer 8"
"2013","article","Public Library of Science (PLoS)","PLOS ONE","Upregulation of SATB1 Is Associated with Prostate Cancer Aggressiveness and Disease Progression","10.1371/journal.pone.0053527","43","14","2026-03-12 retracted","Actinopolyspora Biskrensis"
"2013","article","Public Library of Science (PLoS)","PLOS ONE","Development and Validation of a Microarray for the Investigation of the CAZymes Encoded by the Human Gut Microbiome","10.1371/journal.pone.0084033","43","9","2024-10-14 retracted","Elisabeth M Bik, Hoya Camphorifolia, Ipomoea Simulans"
"2013","article","Public Library of Science (PLoS)","PLOS ONE","Role of Activated Rac1/Cdc42 in Mediating Endothelial Cell Proliferation and Tumor Angiogenesis in Breast Cancer","10.1371/journal.pone.0066275","43","5","2020-10-08 retracted","Elisabeth M Bik, Peer 1"
"2014","article","Public Library of Science (PLoS)","PLOS ONE","RETRACTED > Circulating MicroRNAs as a Novel Class of Diagnostic Biomarkers in Gastrointestinal Tumors Detection: A Meta-Analysis Based on 42 Articles","10.1371/journal.pone.0113401","43","2","2021-04-29 retracted","Melitaea Deserticola"
"2013","article","Public Library of Science (PLoS)","PLOS ONE","RETRACTED > Oncogenic Fibulin-5 Promotes Nasopharyngeal Carcinoma Cell Metastasis through the FLJ10540/AKT Pathway and Correlates with Poor Prognosis","10.1371/journal.pone.0084218","43","1","2020-01-09 retracted","Thermonectus Marmoratus"
"2008","article","Public Library of Science (PLoS)","PLOS ONE","RETRACTED > A Cross-Talk between TrkB and Ret Tyrosine Kinases Receptors Mediates Neuroblastoma Cells Differentiation","10.1371/journal.pone.0001643","43","1","2022-04-27 retracted","Peer 2, Hoya Camphorifolia, Arenaria Neelgherrensis, Sternarchogiton Labiatus"
"2014","article","Public Library of Science (PLoS)","PLOS ONE","RETRACTED > Gastroprotective Activity of Ethyl-4-[(3,5-di-tert-butyl-2-hydroxybenzylidene) Amino]benzoate against Ethanol-Induced Gastric Mucosal Ulcer in Rats","10.1371/journal.pone.0095908","43","1","2023-11-10 retracted","Hoya Camphorifolia, Mycosphaerella Arachidis"
"2015","article","Public Library of Science (PLoS)","PLOS ONE","RETRACTED > MiR-506 Suppresses Tumor Proliferation and Invasion by Targeting FOXQ1 in Nasopharyngeal Carcinoma","10.1371/journal.pone.0122851","43","1","2022-03-24 retracted","Hoya Camphorifolia"
"2016","article","Public Library of Science (PLoS)","PLOS ONE","Downregulation of FBP1 Promotes Tumor Metastasis and Indicates Poor Prognosis in Gastric Cancer via Regulating Epithelial-Mesenchymal Transition","10.1371/journal.pone.0167857","43","0","2026-01-05 retracted","Hoya Camphorifolia, Gerris Pingreensis, Reese Richardson"
"2022","article","Public Library of Science (PLoS)","PLOS ONE","RETRACTED > Influence of organic manures on soil nutrient content, microbial population, yield and quality parameters of pomegranate (Punica granatum L.) cv. Bhagwa","10.1371/journal.pone.0266675","43","0","2022-08-31 retracted","Hoya Camphorifolia, Desmococcus Antarctica"
"2012","article","Public Library of Science (PLoS)","PLOS ONE","Development and Evaluation of a Simple and Effective Prediction Approach for Identifying Those at High Risk of Dyslipidemia in Rural Adult Residents","10.1371/journal.pone.0043834","43","0","2021-04-16 retracted","–"
"2012","article","Public Library of Science (PLoS)","PLOS ONE","Pharmacological Inhibition of Microsomal Prostaglandin E Synthase-1 Suppresses Epidermal Growth Factor Receptor-Mediated Tumor Growth and Angiogenesis","10.1371/journal.pone.0040576","42","21","2026-06-30 retracted","Peer 1, Hoya Camphorifolia, Braunsapis Elizabethana"
"2012","article","Public Library of Science (PLoS)","PLOS ONE","Resistance to DDT and Pyrethroids and Increased kdr Mutation Frequency in An. gambiae after the Implementation of Permethrin-Treated Nets in Senegal","10.1371/journal.pone.0031943","42","11","2016-05-19 retracted","–"
"2014","article","Public Library of Science (PLoS)","PLOS ONE","RETRACTED > KCTD1 Suppresses Canonical Wnt Signaling Pathway by Enhancing β-catenin Degradation","10.1371/journal.pone.0094343","42","7","2022-05-12 retracted","Elisabeth M Bik"
"2020","article","Public Library of Science (PLoS)","PLOS ONE","Green fabricated zinc oxide nanoformulated media enhanced callus induction and regeneration dynamics of Panicum virgatum L.","10.1371/journal.pone.0230464","42","1","2026-03-23 retracted","Hoya Camphorifolia"
"2015","article","Public Library of Science (PLoS)","PLOS ONE","RETRACTED > The MicroRNA-217 Functions as a Potential Tumor Suppressor in Gastric Cancer by Targeting GPC5","10.1371/journal.pone.0125474","42","1","2023-03-29 retracted","Hoya Camphorifolia"
"2013","article","Public Library of Science (PLoS)","PLOS ONE","Effect of Adiponectin on Kidney Crystal Formation in Metabolic Syndrome Model Mice via Inhibition of Inflammation and Apoptosis","10.1371/journal.pone.0061343","42","1","2024-11-21 retracted","Elisabeth M Bik, Hoya Camphorifolia, Elisabeth M. Bik, Nemophila Phacelioides"
"2013","article","Public Library of Science (PLoS)","PLOS ONE","RETRACTED > MicroRNA-219-2-3p Functions as a Tumor Suppressor in Gastric Cancer and Is Regulated by DNA Methylation","10.1371/journal.pone.0060369","42","0","2023-03-29 retracted","Hoya Camphorifolia, Campanula Pseudostenocodon"
"2020","article","Public Library of Science (PLoS)","PLOS ONE","Theoretical investigations on the effect of absorbent type on carbon dioxide capture in hollow-fiber membrane contactors","10.1371/journal.pone.0236367","42","0","2026-06-03 retracted","Hoya Camphorifolia"
"2020","article","Public Library of Science (PLoS)","PLOS ONE","Applying Internet information technology combined with deep learning to tourism collaborative recommendation system","10.1371/journal.pone.0240656","42","0","2025-04-09 retracted","Hoya Camphorifolia"
"2010","article","Public Library of Science (PLoS)","PLOS ONE","Suppression of uPA and uPAR Attenuates Angiogenin Mediated Angiogenesis in Endothelial and Glioblastoma Cell Lines","10.1371/journal.pone.0012458","42","0","2025-08-14 retracted","Elisabeth M Bik, Hoya Camphorifolia"
"2016","article","Public Library of Science (PLoS)","PLOS ONE","RETRACTED > Arnica montana Stimulates Extracellular Matrix Gene Expression in a Macrophage Cell Line Differentiated to Wound-Healing Phenotype","10.1371/journal.pone.0166340","41","627","2019-06-20 retracted","Gibellula Clavulifera"
"2015","article","Public Library of Science (PLoS)","PLOS ONE","Individualized Homeopathic Treatment and Fluoxetine for Moderate to Severe Depression in Peri- and Postmenopausal Women (HOMDEP-MENOP Study): A Randomized, Double-Dummy, Double-Blind, Placebo-Controlled Trial","10.1371/journal.pone.0118440","41","241","2020-04-23 retracted","Stumpffia Hara, Santalum Macgregorii"
"2021","article","Public Library of Science (PLoS)","PLOS ONE","Metagenomic analysis exploring taxonomic and functional diversity of bacterial communities of a Himalayan urban fresh water lake","10.1371/journal.pone.0248116","41","11","2022-10-21 retracted","–"
"2015","article","Public Library of Science (PLoS)","PLOS ONE","RETRACTED > The Downregulation of MiR-182 Is Associated with the Growth and Invasion of Osteosarcoma Cells through the Regulation of TIAM1 Expression","10.1371/journal.pone.0121175","41","7","2023-04-21 retracted","Hoya Camphorifolia"
"2011","article","Public Library of Science (PLoS)","PLOS ONE","RETRACTED > Plexin-B1 Activates NF-κB and IL-8 to Promote a Pro-Angiogenic Response in Endothelial Cells","10.1371/journal.pone.0025826","41","5","2019-09-26 retracted","Lepismium Cruciforme"
"2011","article","Public Library of Science (PLoS)","PLOS ONE","RETRACTED > Epithelial Membrane Protein-2 Promotes Endometrial Tumor Formation through Activation of FAK and Src","10.1371/journal.pone.0019945","41","4","2022-10-11 retracted","Unregistered Submission, Hoya Camphorifolia, Actinopolyspora Biskrensis, Myxine Jespersenae, Nitraria Praevisa"
"2014","article","Public Library of Science (PLoS)","PLOS ONE","Pemetrexed Induces S-Phase Arrest and Apoptosis via a Deregulated Activation of Akt Signaling Pathway","10.1371/journal.pone.0097888","41","3","2024-12-13 retracted","Hoya Camphorifolia"
"2014","article","Public Library of Science (PLoS)","PLOS ONE","Hypoxia Preconditioned Mesenchymal Stem Cells Prevent Cardiac Fibroblast Activation and Collagen Production via Leptin","10.1371/journal.pone.0103587","41","2","2022-12-21 retracted","Peer 1, Peer 2, Hoya Camphorifolia"
"2015","article","Public Library of Science (PLoS)","PLOS ONE","Recombinant Pvs48/45 Antigen Expressed in E. coli Generates Antibodies that Block Malaria Transmission in Anopheles albimanus Mosquitoes","10.1371/journal.pone.0119335","41","2","2025-01-15 retracted","Gerris Pingreensis"
"2014","article","Public Library of Science (PLoS)","PLOS ONE","RETRACTED > Sinomenine Sensitizes Multidrug-Resistant Colon Cancer Cells (Caco-2) to Doxorubicin by Downregulation of MDR-1 Expression","10.1371/journal.pone.0098560","41","1","2019-04-09 retracted","Peer 1, Peer 2, Pseudotrimezia Synandra"
"2013","article","Public Library of Science (PLoS)","PLOS ONE","Human Chorionic Gonadotropin β Induces Migration and Invasion via Activating ERK1/2 and MMP-2 in Human Prostate Cancer DU145 Cells","10.1371/journal.pone.0054592","41","1","2024-11-19 retracted","Peer 1, Hoya Camphorifolia, Wei Wu"
"2022","article","Public Library of Science (PLoS)","PLOS ONE","Nitrogen and potassium application effects on productivity, profitability and nutrient use efficiency of irrigated wheat (Triticum aestivum L.)","10.1371/journal.pone.0264210","41","0","2025-05-07 retracted","Hoya Camphorifolia, Desmococcus Antarctica"
"2013","article","Public Library of Science (PLoS)","PLOS ONE","Sensitive Detection of Pre-Existing BCR-ABL Kinase Domain Mutations in CD34+ Cells of Newly Diagnosed Chronic-Phase Chronic Myeloid Leukemia Patients Is Associated with Imatinib Resistance: Implications in the Post-Imatinib Era","10.1371/journal.pone.0055717","41","0","2024-04-03 retracted","Hoya Camphorifolia, Actinopolyspora Biskrensis, Zafar Iqbal"
"2010","article","Public Library of Science (PLoS)","PLOS ONE","Molecular Structure and Dimeric Organization of the Notch Extracellular Domain as Revealed by Electron Microscopy","10.1371/journal.pone.0010532","41","0","2025-10-27 retracted","Hoya Camphorifolia"
"2013","article","Public Library of Science (PLoS)","PLOS ONE","TNF-α Induces Cytosolic Phospholipase A2 Expression in Human Lung Epithelial Cells via JNK1/2- and p38 MAPK-Dependent AP-1 Activation","10.1371/journal.pone.0072783","41","0","2022-05-19 retracted","Elisabeth M Bik, Actinopolyspora Biskrensis, Chuen-Mao Yang"
"2014","article","Public Library of Science (PLoS)","PLOS ONE","Chemopreventive Evaluation of a Schiff Base Derived Copper (II) Complex against Azoxymethane-Induced Colorectal Cancer in Rats","10.1371/journal.pone.0091246","41","0","2025-07-28 retracted","Archasia Belfragei"
"2013","article","Public Library of Science (PLoS)","PLOS ONE","RETRACTED > miR-26a and its Target CKS2 Modulate Cell Growth and Tumorigenesis of Papillary Thyroid Carcinoma","10.1371/journal.pone.0067591","41","0","2021-04-13 retracted","Actinopolyspora Biskrensis, Pyrgus Communis"
"2024","article","Public Library of Science (PLoS)","PLOS ONE","RETRACTED: Multi-modal deep learning methods for classification of chest diseases using different medical imaging and cough sounds","10.1371/journal.pone.0296352","41","0","2026-06-23 retracted","–"
"2013","article","Public Library of Science (PLoS)","PLOS Genetics","RETRACTED > RNAi-Dependent and Independent Control of LINE1 Accumulation and Mobility in Mouse Embryonic Stem Cells","10.1371/journal.pgen.1003791","40","25","2015-09-03 retracted","Unregistered Submission, Peer 1, Peer 2, Peer 4"
"2011","article","Public Library of Science (PLoS)","PLOS ONE","RETRACTED > Antitumor Activity of Sorafenib in Human Cancer Cell Lines with Acquired Resistance to EGFR and VEGFR Tyrosine Kinase Inhibitors","10.1371/journal.pone.0028841","40","8","2024-01-25 retracted","Unregistered Submission, Indigofera Tanganyikensis, Hoya Camphorifolia, Crocus Pelistericus, Aspicarpa Salicifolia, Podandrogyne Mathewsii"
"2018","article","Public Library of Science (PLoS)","PLOS ONE","The prognostic value of prognostic nutritional index in hepatocellular carcinoma patients: A meta-analysis of observational studies","10.1371/journal.pone.0202987","40","8","2022-08-22 retracted","–"
"2009","article","Public Library of Science (PLoS)","PLOS ONE","RETRACTED > A Novel Triterpenoid Isolated from the Root Bark of Ailanthus excelsa Roxb (Tree of Heaven), AECHL-1 as a Potential Anti-Cancer Agent","10.1371/journal.pone.0005365","40","7","2020-03-27 retracted","Condylocarpon Amazonicum, Archaeopotamobius Sibiriensis"
"2015","article","Public Library of Science (PLoS)","PLOS ONE","Naringin Alleviates Diabetic Kidney Disease through Inhibiting Oxidative Stress and Inflammatory Reaction","10.1371/journal.pone.0143868","40","5","2018-02-01 retracted","–"
"2021","article","Public Library of Science (PLoS)","PLOS ONE","Anti-cancer effects of polyphenol-rich sugarcane extract","10.1371/journal.pone.0247492","40","4","2026-03-04 retracted","Hoya Camphorifolia, Cinara Pruiniviridis"
"2009","article","Public Library of Science (PLoS)","PLOS ONE","A Novel Copper Chelate Modulates Tumor Associated Macrophages to Promote Anti-Tumor Response of T Cells","10.1371/journal.pone.0007048","40","3","2023-05-25 retracted","Elisabeth M Bik, Hoya Camphorifolia, Salsola Zygophylla, Actinopolyspora Biskrensis, Melanopsis Parreyssii, Soumitra Kumar Choudhuri, Shilpak Chatterjee"
"2013","article","Public Library of Science (PLoS)","PLOS ONE","RETRACTED > IKBKE Phosphorylation and Inhibition of FOXO3a: A Mechanism of IKBKE Oncogenic Function","10.1371/journal.pone.0063636","40","2","2023-07-25 retracted","Peer 1, Hoya Camphorifolia, Diasporus Quidditus"
"2022","article","Public Library of Science (PLoS)","PLOS ONE","Melanin pigment of Streptomyces puniceus RHPR9 exhibits antibacterial, antioxidant and anticancer activities","10.1371/journal.pone.0266676","40","2","2022-08-03 retracted","–"
"2013","article","Public Library of Science (PLoS)","PLOS ONE","Synergistic Apoptosis of CML Cells by Buthionine Sulfoximine and Hydroxychavicol Correlates with Activation of AIF and GSH-ROS-JNK-ERK-iNOS Pathway","10.1371/journal.pone.0073672","40","0","2025-02-24 retracted","Hoya Camphorifolia, Hypoponera Sakalava, Orchestes Quercus, Illex Illecebrosus, Trishoplita Calcicola"
"2024","article","Public Library of Science (PLoS)","PLOS ONE","Anomaly detection in multivariate time series data using deep ensemble models","10.1371/journal.pone.0303890","40","0","2025-07-01 retracted","Hoya Camphorifolia, Cristian Consonni"
"2015","article","Public Library of Science (PLoS)","PLOS ONE","Enhanced IMP3 Expression Activates NF-кB Pathway and Promotes Renal Cell Carcinoma Progression","10.1371/journal.pone.0124338","40","0","2024-04-02 retracted","Hoya Camphorifolia, Aneurus Inconstans, Rhipidura Albiventris, Mycosphaerella Arachidis, Dendrophagus Crenatus, Hongquan Zhang, Huiying He"
"2014","article","Public Library of Science (PLoS)","PLOS ONE","RETRACTED > MicroRNA-143 Targets Syndecan-1 to Repress Cell Growth in Melanoma","10.1371/journal.pone.0094855","40","0","2018-10-10 retracted","Elisabeth M Bik, Scleria Tricristata"
"2014","article","Public Library of Science (PLoS)","PLOS ONE","RETRACTED > Immunoglobulin G Expression in Lung Cancer and Its Effects on Metastasis","10.1371/journal.pone.0097359","40","0","2020-01-24 retracted","Elisabeth M Bik"
"2012","article","Public Library of Science (PLoS)","PLOS ONE","Lysyl Oxidase Polymorphisms and Susceptibility to Osteosarcoma","10.1371/journal.pone.0041610","40","0","2022-09-29 retracted","–"
"2021","article","Public Library of Science (PLoS)","PLOS ONE","RETRACTED > Antimicrobial, antioxidant and cytotoxic properties of Chenopodium glaucum L.","10.1371/journal.pone.0255502","39","8","2022-08-03 retracted","Gerris Caucasicus"
"2014","article","Public Library of Science (PLoS)","PLOS ONE","RETRACTED > Baicalein Reduces the Invasion of Glioma Cells via Reducing the Activity of p38 Signaling Pathway","10.1371/journal.pone.0090318","39","7","2016-07-25 retracted","Peer 1"
"2018","article","Public Library of Science (PLoS)","PLOS Neglected Tropical Diseases","Body lice of homeless people reveal the presence of several emerging bacterial pathogens in northern Algeria","10.1371/journal.pntd.0006397","39","7","2026-05-05 retracted","Elisabeth M Bik, Philippe Parola"
"2012","article","Public Library of Science (PLoS)","PLOS ONE","RETRACTED > The Msx1 Homeoprotein Recruits G9a Methyltransferase to Repressed Target Genes in Myoblast Cells","10.1371/journal.pone.0037647","39","5","2023-07-05 retracted","Hoya Camphorifolia, Actinopolyspora Biskrensis, Cousinia Myrioglochis, Moneuptychia Griseldis, Cory Abate-Shen"
"2014","article","Public Library of Science (PLoS)","PLOS ONE","RETRACTED > The Tumor-Suppressive MicroRNA-135b Targets c-Myc in Osteoscarcoma","10.1371/journal.pone.0102621","39","3","2023-03-29 retracted","Hoya Camphorifolia, Exitianus Luctuosus, Campanula Pseudostenocodon"
"2019","article","Public Library of Science (PLoS)","PLOS Genetics","RETRACTED > Molecular predictors of brain metastasis-related microRNAs in lung adenocarcinoma","10.1371/journal.pgen.1007888","39","3","2022-12-16 retracted","Hoya Camphorifolia, Cicindela Chrysippe, Weimin Zhang"
"2015","article","Public Library of Science (PLoS)","PLOS ONE","Ribosomal L22-like1 (RPL22L1) Promotes Ovarian Cancer Metastasis by Inducing Epithelial-to-Mesenchymal Transition","10.1371/journal.pone.0143659","39","3","2026-02-09 retracted","Hoya Camphorifolia, Actinopolyspora Biskrensis"
"2021","article","Public Library of Science (PLoS)","PLOS ONE","RETRACTED > Heavy metal accumulation by roadside vegetation and implications for pollution control","10.1371/journal.pone.0249147","39","2","2022-08-17 retracted","Gerris Caucasicus"
"2012","article","Public Library of Science (PLoS)","PLOS ONE","RETRACTED > Inhibition of Endothelial Cell Proliferation and Tumor Angiogenesis by Up-Regulating NDRG2 Expression in Breast Cancer Cells","10.1371/journal.pone.0032368","39","2","2020-10-08 retracted","Elisabeth M Bik, Peer 1"
"2014","article","Public Library of Science (PLoS)","PLOS ONE","RETRACTED > Inhibition of HMGB1-Induced Angiogenesis by Cilostazol via SIRT1 Activation in Synovial Fibroblasts from Rheumatoid Arthritis","10.1371/journal.pone.0104743","39","1","2020-03-19 retracted","Elisabeth M Bik, Pemphredon Foxii"
"2014","article","Public Library of Science (PLoS)","PLOS ONE","RETRACTED > Insulin-Like Growth Factor-1 as a Prognostic Marker in Patients with Acute Ischemic Stroke","10.1371/journal.pone.0099186","39","0","2022-03-30 retracted","Hoya Camphorifolia"
"2020","article","Public Library of Science (PLoS)","PLOS ONE","Prediction of thermal distribution and fluid flow in the domain with multi-solid structures using Cubic-Interpolated Pseudo-Particle model","10.1371/journal.pone.0233850","39","0","2026-06-02 retracted","Hoya Camphorifolia"
"2013","article","Public Library of Science (PLoS)","PLOS ONE","RETRACTED > Cortisol as a Prognostic Marker of Short-Term Outcome in Chinese Patients with Acute Ischemic Stroke","10.1371/journal.pone.0072758","39","0","2022-03-30 retracted","Hoya Camphorifolia"
"2012","article","Public Library of Science (PLoS)","PLOS ONE","RETRACTED > Improved Cellular Specificity of Plasmonic Nanobubbles versus Nanoparticles in Heterogeneous Cell Systems","10.1371/journal.pone.0034537","38","36","2017-11-02 retracted","Unregistered Submission, Peer 2"
"2014","article","Public Library of Science (PLoS)","PLOS ONE","RETRACTED > The Relationship between Serum Insulin-Like Growth Factor I Levels and Ischemic Stroke Risk","10.1371/journal.pone.0094845","38","15","2022-03-30 retracted","Hoya Camphorifolia"
"2010","article","Public Library of Science (PLoS)","PLOS Pathogens","Leishmania donovani Isolates with Antimony-Resistant but Not -Sensitive Phenotype Inhibit Sodium Antimony Gluconate-Induced Dendritic Cell Activation","10.1371/journal.ppat.1000907","38","13","2026-01-21 retracted","Anomotarus Chauoiri, Piper Cinereum"
"2011","article","Public Library of Science (PLoS)","PLOS ONE","Interleukin-6 Synthesis in Human Chondrocytes Is Regulated via the Antagonistic Actions of Prostaglandin (PG)E2 and 15-deoxy-Δ12,14-PGJ2","10.1371/journal.pone.0027630","38","8","2024-07-30 retracted","Actinopolyspora Biskrensis"
"2013","article","Public Library of Science (PLoS)","PLOS ONE","Diabetes and Overexpression of proNGF Cause Retinal Neurodegeneration via Activation of RhoA Pathway","10.1371/journal.pone.0054692","38","8","2017-10-16 retracted","–"
"2013","article","Public Library of Science (PLoS)","PLOS ONE","RETRACTED > APRIL Induces Tumorigenesis and Metastasis of Colorectal Cancer Cells via Activation of the PI3K/Akt Pathway","10.1371/journal.pone.0055298","38","5","2019-09-12 retracted","Peer 1, Peer 0, Unregistered Submission, Cicindela Batesi, Acontias Rieppeli"
"2010","article","Public Library of Science (PLoS)","PLOS ONE","RETRACTED > Oxidative Stress and Mitochondrial Functions in the Intestinal Caco-2/15 Cell Line","10.1371/journal.pone.0011817","38","5","2022-04-14 retracted","Elisabeth M Bik, Atheropla Decaspila"
"2013","article","Public Library of Science (PLoS)","PLOS ONE","AQP4-Dependent Water Transport Plays a Functional Role in Exercise-Induced Skeletal Muscle Adaptations","10.1371/journal.pone.0058712","38","3","2026-03-26 retracted","Elisabeth M Bik, Hoya Camphorifolia"
"2015","article","Public Library of Science (PLoS)","PLOS ONE","RETRACTED > MiR-203 Suppresses ZNF217 Upregulation in Colorectal Cancer and Its Oncogenicity","10.1371/journal.pone.0116170","38","1","2020-12-17 retracted","Hoya Camphorifolia, Actinopolyspora Biskrensis, Ocybadistes Walkeri, Dendrodoa Grossularia"
"2013","article","Public Library of Science (PLoS)","PLOS ONE","RETRACTED > Hepatitis C Virus Core Protein Down-Regulates p21Waf1/Cip1 and Inhibits Curcumin-Induced Apoptosis through MicroRNA-345 Targeting in Human Hepatoma Cells","10.1371/journal.pone.0061089","38","0","2020-06-24 retracted","Elisabeth M Bik, Puccinia Argentata"
"2013","article","Public Library of Science (PLoS)","PLOS ONE","Regulation of Cigarette Smoke (CS)-Induced Autophagy by Nrf2","10.1371/journal.pone.0055695","38","0","2023-08-25 retracted","Elisabeth M Bik, Hoya Camphorifolia"
"2018","article","Public Library of Science (PLoS)","PLOS ONE","A robust technique based on VLM and Frangi filter for retinal vessel extraction and denoising","10.1371/journal.pone.0192203","38","0","2018-08-29 retracted","–"
"2016","article","Public Library of Science (PLoS)","PLOS ONE","RETRACTED > MicroRNA-20b (miR-20b) Promotes the Proliferation, Migration, Invasion, and Tumorigenicity in Esophageal Cancer Cells via the Regulation of Phosphatase and Tensin Homologue Expression","10.1371/journal.pone.0164105","37","19","2022-01-19 retracted","Elisabeth M Bik, Aphilanthops Foxi"
"2012","article","Public Library of Science (PLoS)","PLOS ONE","Receptor-Recognized α2-Macroglobulin Binds to Cell Surface-Associated GRP78 and Activates mTORC1 and mTORC2 Signaling in Prostate Cancer Cells","10.1371/journal.pone.0051735","37","10","2025-06-05 retracted","Hoya Camphorifolia, Aneurus Inconstans, Streptanthus Glandulosus, Paraeuchaeta Barbata, Streptomyces Sioyaensis"
"2020","article","Public Library of Science (PLoS)","PLOS Biology","RETRACTED > Porphyromonas gingivalis promotes progression of esophageal squamous cell cancer via TGFβ-dependent Smad/YAP/TAZ signaling","10.1371/journal.pbio.3000825","37","10","2022-04-15 retracted","Elisabeth M Bik, R.J. Lamont"
"2012","article","Public Library of Science (PLoS)","PLOS ONE","RETRACTED > Interferon-β Induces Cellular Senescence in Cutaneous Human Papilloma Virus-Transformed Human Keratinocytes by Affecting p53 Transactivating Activity","10.1371/journal.pone.0036909","37","8","2019-03-15 retracted","S E McKinney, Hoya Camphorifolia, Stellifer Ericymba, Sloanea Langii, Croton Saltensis"
"2022","article","Public Library of Science (PLoS)","PLOS ONE","RETRACTED: Neuroprotective effect of sodium alginate against chromium-induced brain damage in rats","10.1371/journal.pone.0266898","37","8","2026-02-18 retracted","Hoya Camphorifolia, Sholto David"
"2022","article","Public Library of Science (PLoS)","PLOS ONE","Indigenous knowledge and quantitative ethnobotany of the Tanawal area, Lesser Western Himalayas, Pakistan","10.1371/journal.pone.0263604","37","7","2025-09-02 retracted","Hoya Camphorifolia"
"2014","article","Public Library of Science (PLoS)","PLOS ONE","RETRACTED > Berberine Improves Kidney Function in Diabetic Mice via AMPK Activation","10.1371/journal.pone.0113398","37","6","2017-12-28 retracted","Elisabeth M Bik, Hoya Camphorifolia, Onycholyda Nigritibialis"
"2015","article","Public Library of Science (PLoS)","PLOS ONE","RETRACTED > Rebamipide Promotes the Regeneration of Aspirin-Induced Small-Intestine Mucosal Injury through Accumulation of β-Catenin","10.1371/journal.pone.0132031","37","6","2024-02-02 retracted","Actinopolyspora Biskrensis"
"2014","article","Public Library of Science (PLoS)","PLOS ONE","RETRACTED > Angiopoietin-Like 4 Confers Resistance to Hypoxia/Serum Deprivation-Induced Apoptosis through PI3K/Akt and ERK1/2 Signaling Pathways in Mesenchymal Stem Cells","10.1371/journal.pone.0085808","37","5","2018-03-12 retracted","Bacillus Mannanilyticus"
"2013","article","Public Library of Science (PLoS)","PLOS ONE","RETRACTED > Isoflurane Preconditioning Confers Cardioprotection by Activation of ALDH2","10.1371/journal.pone.0052469","37","4","2023-09-28 retracted","Elisabeth M Bik, Peer 1"
"2011","article","Public Library of Science (PLoS)","PLOS ONE","RETRACTED > Placenta Growth Factor-1 Exerts Time-Dependent Stabilization of Adherens Junctions Following VEGF-Induced Vascular Permeability","10.1371/journal.pone.0018076","37","3","2019-01-16 retracted","Hoya Camphorifolia, Tenthredo Korabica, Ampelomyces Humuli, Anotylus Hamatus, Swartzia Pendula"
"2020","article","Public Library of Science (PLoS)","PLOS ONE","SE-stacking: Improving user purchase behavior prediction by information fusion and ensemble learning","10.1371/journal.pone.0242629","37","3","2025-03-18 retracted","Hoya Camphorifolia, Rhipidura Albiventris"
"2012","article","Public Library of Science (PLoS)","PLOS Neglected Tropical Diseases","RETRACTED > Kinetics of Antibody Response in BALB/c and C57BL/6 Mice Bitten by Phlebotomus papatasi","10.1371/journal.pntd.0001719","37","2","2023-12-22 retracted","Elisabeth M Bik, Petr Volf, Jesus G. Valenzuela"
"2016","article","Public Library of Science (PLoS)","PLOS ONE","RhoB Acts as a Tumor Suppressor That Inhibits Malignancy of Clear Cell Renal Cell Carcinoma","10.1371/journal.pone.0157599","37","0","2026-01-26 retracted","Reese Richardson"
"2013","article","Public Library of Science (PLoS)","PLOS ONE","The Role of Thymosin Beta 4 on Odontogenic Differentiation in Human Dental Pulp Cells","10.1371/journal.pone.0061960","37","0","2025-03-03 retracted","Ocybadistes Walkeri, Elisabeth Bik"
"2019","article","Public Library of Science (PLoS)","PLOS ONE","RETRACTED > Flavor-cyber-agriculture: Optimization of plant metabolites in an open-source control environment through surrogate modeling","10.1371/journal.pone.0213918","36","289","2021-10-25 retracted","Hoya Camphorifolia"
"2017","article","Public Library of Science (PLoS)","PLOS ONE","RETRACTED > Microbiome restoration diet improves digestion, cognition and physical and emotional wellbeing","10.1371/journal.pone.0179017","36","221","2018-03-20 retracted","–"
"2013","article","Public Library of Science (PLoS)","PLOS ONE","Molecular Evidence for the Presence of Rickettsia Felis in the Feces of Wild-living African Apes","10.1371/journal.pone.0054679","36","37","2024-10-14 retracted","Elisabeth M Bik, Hoya Camphorifolia"
"2013","article","Public Library of Science (PLoS)","PLOS ONE","ISL1 Protein Transduction Promotes Cardiomyocyte Differentiation from Human Embryonic Stem Cells","10.1371/journal.pone.0055577","36","13","2026-06-25 retracted","Camptogramma Bistrigata"
"2012","article","Public Library of Science (PLoS)","PLOS ONE","RETRACTED > Bak Compensated for Bax in p53-null Cells to Release Cytochrome c for the Initiation of Mitochondrial Signaling during Withanolide D-Induced Apoptosis","10.1371/journal.pone.0034277","36","11","2020-02-03 retracted","Elisabeth M Bik, Unregistered Submission, Meilichius Apicicornis"
"2015","article","Public Library of Science (PLoS)","PLOS ONE","A Novel Triple Repeat Mutant Tau Transgenic Model That Mimics Aspects of Pick’s Disease and Fronto-Temporal Tauopathies","10.1371/journal.pone.0121570","36","11","2025-05-28 retracted","Elisabeth M Bik, Dysdera Arabisenen, Illex Illecebrosus"
"2015","article","Public Library of Science (PLoS)","PLOS ONE","RETRACTED > The Combination of Three Natural Compounds Effectively Prevented Lung Carcinogenesis by Optimal Wound Healing","10.1371/journal.pone.0143438","36","9","2023-11-21 retracted","Hoya Camphorifolia, Actinopolyspora Biskrensis, Mycosphaerella Arachidis, Gangjun Du"
"2011","article","Public Library of Science (PLoS)","PLOS ONE","RETRACTED > Dysferlin Interacts with Histone Deacetylase 6 and Increases alpha-Tubulin Acetylation","10.1371/journal.pone.0028563","36","1","2018-01-29 retracted","Paul S Brookes, Peer 1, Cliffortia Ruscifolia, Acmaeops Collaris"
"2018","article","Public Library of Science (PLoS)","PLOS ONE","Vault RNAs partially induces drug resistance of human tumor cells MCF-7 by binding to the RNA/DNA-binding protein PSF and inducing oncogene GAGE6","10.1371/journal.pone.0191325","36","1","2024-03-26 retracted","Mycosphaerella Arachidis"
"2024","article","Public Library of Science (PLoS)","PLOS ONE","RETRACTED: Unveiling the synergy: Green finance, technological innovation, green energy, and carbon neutrality","10.1371/journal.pone.0308170","36","0","2025-10-23 retracted","Hoya Camphorifolia, Guillaume Cabanac"
"2010","article","Public Library of Science (PLoS)","PLOS ONE","Interaction between Age and Obesity on Cardiomyocyte Contractile Function: Role of Leptin and Stress Signaling","10.1371/journal.pone.0010085","35","20","2022-07-12 retracted","Gerris Caucasicus"
"2016","article","Public Library of Science (PLoS)","PLOS ONE","RETRACTED > Influences of Chronic Mild Stress Exposure on Motor, Non-Motor Impairments and Neurochemical Variables in Specific Brain Areas of MPTP/Probenecid Induced Neurotoxicity in Mice","10.1371/journal.pone.0146671","35","18","2020-07-23 retracted","Elisabeth M Bik, Hoya Camphorifolia, Musthafa Mohamed Essa, Prosopocoilus Forficula"
"2012","article","Public Library of Science (PLoS)","PLOS ONE","RETRACTED > Modulation of the Pentose Phosphate Pathway Induces Endodermal Differentiation in Embryonic Stem Cells","10.1371/journal.pone.0029321","35","11","2019-09-19 retracted","Unregistered Submission, Stefania Filosa, Tylomelania Kuli, Acroporium Pungens"
"2021","article","Public Library of Science (PLoS)","PLOS ONE","Environmental protection in selected one belt one road economies through institutional quality: Prospering transportation and industrialization","10.1371/journal.pone.0240851","35","10","2024-11-11 retracted","Hoya Camphorifolia"
"2015","article","Public Library of Science (PLoS)","PLOS ONE","RETRACTED > Potent Anti-Proliferative, Pro-Apoptotic Activity of the Maytenus Royleanus Extract against Prostate Cancer Cells: Evidence in In-Vitro and In-Vivo Models","10.1371/journal.pone.0119859","35","8","2024-01-11 retracted","Hoya Camphorifolia, Actinopolyspora Biskrensis"
"2013","article","Public Library of Science (PLoS)","PLOS ONE","L-Plastin Nanobodies Perturb Matrix Degradation, Podosome Formation, Stability and Lifetime in THP-1 Macrophages","10.1371/journal.pone.0078108","35","8","2025-03-13 retracted","Halarachnion Parvum, Hoya Camphorifolia, Jan Gettemans"
"2012","article","Public Library of Science (PLoS)","PLOS ONE","Epithelial Mesenchymal Transition Is Required for Acquisition of Anoikis Resistance and Metastatic Potential in Adenoid Cystic Carcinoma","10.1371/journal.pone.0051549","35","6","2014-09-10 retracted","–"
"2019","article","Public Library of Science (PLoS)","PLOS ONE","RETRACTED > Clinicopathologic and prognostic significance of tumor-associated macrophages in patients with hepatocellular carcinoma: A meta-analysis","10.1371/journal.pone.0223971","35","3","2023-02-17 retracted","Gerris Caucasicus"
"2015","article","Public Library of Science (PLoS)","PLOS ONE","RETRACTED > Evaluation of Live Recombinant Nonpathogenic Leishmania tarentolae Expressing Cysteine Proteinase and A2 Genes as a Candidate Vaccine against Experimental Canine Visceral Leishmaniasis","10.1371/journal.pone.0132794","35","2","2019-07-05 retracted","Cirrhilabrus Temminckii"
"2020","article","Public Library of Science (PLoS)","PLOS ONE","Evaluation of the winter landscape of the plant community of urban park green spaces based on the scenic beauty esitimation method in Yangzhou, China","10.1371/journal.pone.0239849","35","0","2025-04-09 retracted","Hoya Camphorifolia, Rhipidura Albiventris"
"2011","article","Public Library of Science (PLoS)","PLOS ONE","Small Protein-Mediated Quorum Sensing in a Gram-Negative Bacterium","10.1371/journal.pone.0029192","34","72","2013-09-09 retracted","–"
"2014","article","Public Library of Science (PLoS)","PLOS ONE","RETRACTED > Effects of Eicosapentaenoic Acid and Docosahexaenoic Acid on Prostate Cancer Cell Migration and Invasion Induced by Tumor-Associated Macrophages","10.1371/journal.pone.0099630","34","14","2017-02-28 retracted","Peer 1, Shruti Singh Kakan"
"2014","article","Public Library of Science (PLoS)","PLOS ONE","RETRACTED > Exogenous t-PA Administration Increases Hippocampal Mature BDNF Levels. Plasmin- or NMDA-Dependent Mechanism?","10.1371/journal.pone.0092416","34","14","2021-08-03 retracted","Elisabeth M Bik, Alpheus Ochrostriatus"
"2022","article","Public Library of Science (PLoS)","PLOS ONE","Design and interactive performance of human resource management system based on artificial intelligence","10.1371/journal.pone.0262398","34","8","2025-04-23 retracted","Hoya Camphorifolia, Rhipidura Albiventris"
"2014","article","Public Library of Science (PLoS)","PLOS ONE","RETRACTED > Adaptive Neuro-Fuzzy Methodology for Noise Assessment of Wind Turbine","10.1371/journal.pone.0103414","34","4","2019-04-23 retracted","Kitasatospora Sampliensis"
"2017","article","Public Library of Science (PLoS)","PLOS ONE","Metformin inhibits the proliferation of benign prostatic epithelial cells","10.1371/journal.pone.0173335","34","2","2024-10-09 retracted","Hoya Camphorifolia, Actinopolyspora Biskrensis"
"2018","article","Public Library of Science (PLoS)","PLOS ONE","MicroRNA-19a and microRNA-19b promote the malignancy of clear cell renal cell carcinoma through targeting the tumor suppressor RhoB","10.1371/journal.pone.0192790","34","1","2026-01-26 retracted","Reese Richardson"
"2019","article","Public Library of Science (PLoS)","PLOS ONE","Design of a tomato classifier based on machine vision","10.1371/journal.pone.0219803","34","1","2025-06-23 retracted","Hoya Camphorifolia, Rhipidura Albiventris"
"2018","article","Public Library of Science (PLoS)","PLOS ONE","RETRACTED > The role of NF-κB and miRNA in oral cancer and cancer stem cells with or without HPV16 infection","10.1371/journal.pone.0205518","34","1","2020-11-18 retracted","Hoya Camphorifolia, Protoperidinium Pellucidum, Bhudev C. Das, Granulifusus Benjamini, Asclepias Aurea, Phytomyza Angelicastri"
"2013","article","Public Library of Science (PLoS)","PLOS ONE","Gastroprotection Studies of Schiff Base Zinc (II) Derivative Complex against Acute Superficial Hemorrhagic Mucosal Lesions in Rats","10.1371/journal.pone.0075036","34","1","2026-01-28 retracted","Archasia Belfragei, Nazia Abdul Majid"
"2013","article","Public Library of Science (PLoS)","PLOS ONE","RETRACTED > Use of Granulocyte Colony-Stimulating Factor for the Treatment of Thin Endometrium in Experimental Rats","10.1371/journal.pone.0082375","34","0","2020-01-24 retracted","Tiwaripotamon Vietnamicum"
"2013","article","Public Library of Science (PLoS)","PLOS ONE","RETRACTED > Glycation Accelerates Fibrillization of the Amyloidogenic W7FW14F Apomyoglobin","10.1371/journal.pone.0080768","34","0","2019-06-06 retracted","Leucanella Acutissima, Actinopolyspora Biskrensis, Tricheilostoma Bicolor, Pauropsylla Triozoptera"
"2014","article","Public Library of Science (PLoS)","PLOS ONE","RETRACTED > Leptin Downregulates Aggrecan through the p38-ADAMST Pathway in Human Nucleus Pulposus Cells","10.1371/journal.pone.0109595","34","0","2023-03-29 retracted","Hoya Camphorifolia"
"2021","article","Public Library of Science (PLoS)","PLOS ONE","RETRACTED > Deep placement of nitrogen fertilizer improves yield, nitrogen use efficiency and economic returns of transplanted fine rice","10.1371/journal.pone.0247529","34","0","2022-10-21 retracted","Gerris Caucasicus"
"2016","article","Public Library of Science (PLoS)","PLOS ONE","RETRACTED > Biomechanical Characteristics of Hand Coordination in Grasping Activities of Daily Living","10.1371/journal.pone.0146193","33","1198","2016-03-04 retracted","Peer 1, Peer 2, Peer 3, Unregistered Submission, Guillaume Cabanac"
"2021","article","Public Library of Science (PLoS)","PLOS ONE","RETRACTED > An ethnobotanical study of wetland flora of Head Maralla Punjab Pakistan","10.1371/journal.pone.0258167","33","10","2023-06-14 retracted","Actinopolyspora Biskrensis, Gerris Caucasicus, Rainer W. Bussmann"
"2018","article","Public Library of Science (PLoS)","PLOS Pathogens","Limited immune surveillance in lymphoid tissue by cytolytic CD4+ T cells during health and HIV disease","10.1371/journal.ppat.1006973","33","4","2025-08-27 retracted","Puccinia Salihae"
"2014","article","Public Library of Science (PLoS)","PLOS ONE","Maintenance of Stemness in Oxaliplatin-Resistant Hepatocellular Carcinoma Is Associated with Increased Autocrine of IGF1","10.1371/journal.pone.0089686","33","4","2025-09-02 retracted","Elisabeth M Bik, Hoya Camphorifolia"
"2013","article","Public Library of Science (PLoS)","PLOS ONE","Antidepressant-Like Activity of YL-0919: A Novel Combined Selective Serotonin Reuptake Inhibitor and 5-HT1A Receptor Agonist","10.1371/journal.pone.0083271","33","4","2024-05-24 retracted","–"
"2020","article","Public Library of Science (PLoS)","PLOS ONE","The deformation monitoring of foundation pit by back propagation neural network and genetic algorithm and its application in geotechnical engineering","10.1371/journal.pone.0233398","33","3","2024-06-27 retracted","Hoya Camphorifolia"
"2021","article","Public Library of Science (PLoS)","PLOS ONE","Pathogenicity of local and exotic entomopathogenic fungi isolates against different life stages of red palm weevil (Rhynchophorus ferrugineus)","10.1371/journal.pone.0255029","33","3","2022-09-14 retracted","–"
"2015","article","Public Library of Science (PLoS)","PLOS ONE","RETRACTED > MicroRNA-137 Contributes to Dampened Tumorigenesis in Human Gastric Cancer by Targeting AKT2","10.1371/journal.pone.0130124","33","2","2023-03-29 retracted","Hoya Camphorifolia, Campanula Pseudostenocodon"
"2022","article","Public Library of Science (PLoS)","PLOS ONE","Digital economy, scientific and technological innovation, and high-quality economic development: A mediating effect model based on the spatial perspective","10.1371/journal.pone.0277245","33","1","2026-05-28 retracted","Hoya Camphorifolia, M Ángeles Oviedo-García"
"2014","article","Public Library of Science (PLoS)","PLOS ONE","RETRACTED > ALDH2 and ADH1 Genetic Polymorphisms May Contribute to the Risk of Gastric Cancer: A Meta-Analysis","10.1371/journal.pone.0088779","33","1","2022-06-23 retracted","Hoya Camphorifolia"
"2013","article","Public Library of Science (PLoS)","PLOS ONE","Myocardial Remodeling in Diabetic Cardiomyopathy Associated with Cardiac Mast Cell Activation","10.1371/journal.pone.0060827","33","1","2024-06-11 retracted","Elisabeth M Bik, Hoya Camphorifolia, Illex Illecebrosus"
"2021","article","Public Library of Science (PLoS)","PLOS ONE","RETRACTED > Methionine-induced regulation of growth, secondary metabolites and oxidative defense system in sunflower (Helianthus annuus L.) plants subjected to water deficit stress","10.1371/journal.pone.0259585","33","1","2022-09-30 retracted","Desmococcus Antarctica, Nemophila Phacelioides"
"2020","article","Public Library of Science (PLoS)","PLOS ONE","Application of deep neural network and deep reinforcement learning in wireless communication","10.1371/journal.pone.0235447","33","0","2024-11-07 retracted","Hoya Camphorifolia, Rhipidura Albiventris"
"2014","article","Public Library of Science (PLoS)","PLOS ONE","HIF-1α and HIF-2α: Siblings in Promoting Angiogenesis of Residual Hepatocellular Carcinoma after High-Intensity Focused Ultrasound Ablation","10.1371/journal.pone.0088913","33","0","2025-04-08 retracted","Hoya Camphorifolia, Actinopolyspora Biskrensis, Shengwei Li"
"2024","article","Public Library of Science (PLoS)","PLOS ONE","RETRACTED: Global incidence and mortality of childhood leukemia and its relationship with the Human Development Index","10.1371/journal.pone.0304354","33","0","2025-12-17 retracted","Hoya Camphorifolia"
"2021","article","Public Library of Science (PLoS)","PLOS ONE","Assessing the potential of exogenous caffeic acid application in boosting wheat (Triticum aestivum L.) crop productivity under salt stress","10.1371/journal.pone.0259222","33","0","2026-02-18 retracted","Actinopolyspora Biskrensis, Desmococcus Antarctica"
"2021","article","Public Library of Science (PLoS)","PLOS ONE","Zinc biofortification potential of diverse mungbean [Vigna radiata (L.) Wilczek] genotypes under field conditions","10.1371/journal.pone.0253085","33","0","2022-11-16 retracted","–"
"2020","article","Public Library of Science (PLoS)","PLOS ONE","Prevalence and antibiotic resistance of Salmonella spp. in South Punjab-Pakistan","10.1371/journal.pone.0232382","33","0","2022-10-21 retracted","–"
"2012","article","Public Library of Science (PLoS)","PLOS ONE","Tyrosine Nitration of PA700 Links Proteasome Activation to Endothelial Dysfunction in Mouse Models with Cardiovascular Risk Factors","10.1371/journal.pone.0029649","33","0","2023-05-18 retracted","–"
"2013","article","Public Library of Science (PLoS)","PLOS ONE","Evidence for a Pro-Proliferative Feedback Loop in Prostate Cancer: The Role of Epac1 and COX-2-Dependent Pathways","10.1371/journal.pone.0063150","32","10","2025-06-05 retracted","Hoya Camphorifolia, Paraeuchaeta Barbata"
"2015","article","Public Library of Science (PLoS)","PLOS Pathogens","Induction of Interferon-Stimulated Genes by IRF3 Promotes Replication of Toxoplasma gondii","10.1371/journal.ppat.1004779","32","10","2024-05-31 retracted","Elisabeth M Bik"
"2014","article","Public Library of Science (PLoS)","PLOS ONE","How the Malaria Vector Anopheles gambiae Adapts to the Use of Insecticide-Treated Nets by African Populations","10.1371/journal.pone.0097700","32","10","2016-05-19 retracted","–"
"2016","article","Public Library of Science (PLoS)","PLOS ONE","RETRACTED > Long Noncoding RNA RGMB-AS1 Indicates a Poor Prognosis and Modulates Cell Proliferation, Migration and Invasion in Lung Adenocarcinoma","10.1371/journal.pone.0150790","32","9","2021-09-14 retracted","Hoya Camphorifolia, Actinopolyspora Biskrensis, Stygiomysis Aemete"
"2014","article","Public Library of Science (PLoS)","PLOS ONE","Does Occupational Exposure to Solvents and Pesticides in Association with Glutathione S-Transferase A1, M1, P1, and T1 Polymorphisms Increase the Risk of Bladder Cancer? The Belgrade Case-Control Study","10.1371/journal.pone.0099448","32","6","2026-05-12 retracted","Hoya Camphorifolia"
"2016","article","Public Library of Science (PLoS)","PLOS ONE","The Succinate Receptor GPR91 Is Involved in Pressure Overload-Induced Ventricular Hypertrophy","10.1371/journal.pone.0147597","32","6","2026-07-02 retracted","Hoya Camphorifolia"
"2016","article","Public Library of Science (PLoS)","PLOS ONE","RETRACTED > APPL1-Mediating Leptin Signaling Contributes to Proliferation and Migration of Cancer Cells","10.1371/journal.pone.0166172","32","6","2023-03-15 retracted","Aneurus Inconstans, Changhua Wang"
"2018","article","Public Library of Science (PLoS)","PLOS ONE","GATA4 inhibits cell differentiation and proliferation in pancreatic cancer","10.1371/journal.pone.0202449","32","5","2026-04-27 retracted","Illex Illecebrosus, Reese Richardson"
"2014","article","Public Library of Science (PLoS)","PLOS ONE","RETRACTED > Perinatal Exposure to Bisphenol-A Impairs Spatial Memory through Upregulation of Neurexin1 and Neuroligin3 Expression in Male Mouse Brain","10.1371/journal.pone.0110482","32","3","2019-07-18 retracted","Hoya Camphorifolia, Caulerpa Bartoniae, Gracixalus Gracilipes, Scrobipalpula Lutescella, Cacicus Cela, Antennablennius Bifilum, Geolegnia Helicoides"
"2013","article","Public Library of Science (PLoS)","PLOS ONE","RETRACTED > Functional Role of mTORC2 versus Integrin-Linked Kinase in Mediating Ser473-Akt Phosphorylation in PTEN-Negative Prostate and Breast Cancer Cell Lines","10.1371/journal.pone.0067149","32","3","2018-08-09 retracted","Elisabeth M Bik, Parodia Subterranea"
"2022","article","Public Library of Science (PLoS)","PLOS ONE","Applications of bioconvection for tiny particles due to two concentric cylinders when role of Lorentz force is significant","10.1371/journal.pone.0265026","32","1","2025-05-07 retracted","Hoya Camphorifolia, Alexander Magazinov"
"2024","article","Public Library of Science (PLoS)","PLOS ONE","Deep learning in public health: Comparative predictive models for COVID-19 case forecasting","10.1371/journal.pone.0294289","32","1","2025-04-09 retracted","Hoya Camphorifolia"
"2013","article","Public Library of Science (PLoS)","PLOS ONE","RETRACTED > AIB1 Cooperates with ERα to Promote Epithelial Mesenchymal Transition in Breast Cancer through SNAI1 Activation","10.1371/journal.pone.0065556","32","1","2021-06-01 retracted","Elisabeth M Bik, Hoya Camphorifolia, Upogebia Miyakei"
"2012","article","Public Library of Science (PLoS)","PLOS ONE","The Effect of miR-338-3p on HBx Deletion-Mutant (HBx-d382) Mediated Liver-Cell Proliferation through CyclinD1 Regulation","10.1371/journal.pone.0043204","32","1","2013-03-08 retracted","–"
"2013","article","Public Library of Science (PLoS)","PLOS ONE","RETRACTED > Acute Toxicity and Gastroprotection Studies with a Newly Synthesized Steroid","10.1371/journal.pone.0059296","32","0","2023-11-10 retracted","Hoya Camphorifolia, Mycosphaerella Arachidis"
"2011","article","Public Library of Science (PLoS)","PLOS ONE","Identification of RegIV as a Novel GLI1 Target Gene in Human Pancreatic Cancer","10.1371/journal.pone.0018434","32","0","2024-01-30 retracted","Hoya Camphorifolia, Actinopolyspora Biskrensis"
"2017","article","Public Library of Science (PLoS)","PLOS ONE","RETRACTED > MicroRNA-448 suppresses osteosarcoma cell proliferation and invasion through targeting EPHA7","10.1371/journal.pone.0175553","32","0","2023-03-29 retracted","Hoya Camphorifolia"
"2021","article","Public Library of Science (PLoS)","PLOS ONE","Leadership empowering behaviour as a predictor of employees’ psychological well-being: Evidence from a cross-sectional study among secondary school teachers in Kohat Division, Pakistan","10.1371/journal.pone.0254576","32","0","2025-04-10 retracted","Hoya Camphorifolia"
"2014","article","Public Library of Science (PLoS)","PLOS ONE","Distinct Pathways of ERK1/2 Activation by Hydroxy-Carboxylic Acid Receptor-1","10.1371/journal.pone.0093041","32","0","2025-03-04 retracted","Elisabeth M Bik, Hoya Camphorifolia"
"2019","article","Public Library of Science (PLoS)","PLOS Biology","RETRACTED > ADAMTS13 maintains cerebrovascular integrity to ameliorate Alzheimer-like pathology","10.1371/journal.pbio.3000313","31","13","2023-03-09 retracted","Uromyces Hobsonii, Gerris Caucasicus, Huananpotamon Chongrenense"
"2012","article","Public Library of Science (PLoS)","PLOS ONE","RETRACTED > GREB1 Functions as a Growth Promoter and Is Modulated by IL6/STAT3 in Breast Cancer","10.1371/journal.pone.0046410","31","8","2014-07-15 retracted","–"
"2021","article","Public Library of Science (PLoS)","PLOS ONE","RETRACTED > Application of deep learning in automatic detection of technical and tactical indicators of table tennis","10.1371/journal.pone.0245259","31","5","2023-09-19 retracted","Hoya Camphorifolia"
"2013","article","Public Library of Science (PLoS)","PLOS ONE","Inhibition of Spontaneous Recovery of Fear by mGluR5 after Prolonged Extinction Training","10.1371/journal.pone.0059580","31","4","2020-07-29 retracted","Elisabeth M Bik, Po-Wu Gean, Loweria Philocosma"
"2013","article","Public Library of Science (PLoS)","PLOS ONE","RETRACTED > Curcumin Potentiates Rhabdomyosarcoma Radiosensitivity by Suppressing NF-κB Activity","10.1371/journal.pone.0051309","31","2","2019-08-30 retracted","Elisabeth M Bik, Peer 1"
"2013","article","Public Library of Science (PLoS)","PLOS ONE","An Indole Alkaloid from a Tribal Folklore Inhibits Immediate Early Event in HSV-2 Infected Cells with Therapeutic Efficacy in Vaginally Infected Mice","10.1371/journal.pone.0077937","31","2","2025-01-17 retracted","Aneurus Inconstans"
"2014","article","Public Library of Science (PLoS)","PLOS ONE","Ginkgo biloba Extract Decreases Non-Small Cell Lung Cancer Cell Migration by Downregulating Metastasis-Associated Factor Heat-Shock Protein 27","10.1371/journal.pone.0091331","31","1","2025-10-22 retracted","Elisabeth M Bik, Hoya Camphorifolia, Illex Illecebrosus"
"2014","article","Public Library of Science (PLoS)","PLOS ONE","RETRACTED > Activation of Toll-Like Receptor-9 Promotes Cellular Migration via Up-Regulating MMP-2 Expression in Oral Squamous Cell Carcinoma","10.1371/journal.pone.0092748","31","0","2023-06-28 retracted","Hoya Camphorifolia"
"2014","article","Public Library of Science (PLoS)","PLOS ONE","RETRACTED > Targeted Knockdown of IQGAP1 Inhibits the Progression of Esophageal Squamous Cell Carcinoma In Vitro and In Vivo","10.1371/journal.pone.0096501","31","0","2022-04-20 retracted","Elisabeth M Bik, Hoya Camphorifolia, Xu-Hong Wang"
"2012","article","Public Library of Science (PLoS)","PLOS ONE","RETRACTED > Pretransplant Prediction of Posttransplant Survival for Liver Recipients with Benign End-Stage Liver Diseases: A Nonlinear Model","10.1371/journal.pone.0031256","31","0","2019-08-29 retracted","Carcinoplax Longimana"
"2022","article","Public Library of Science (PLoS)","PLOS ONE","RETRACTED: Impact of COVID-19 pandemic on consumer behavioural intention to purchase green products","10.1371/journal.pone.0275541","31","0","2026-01-27 retracted","–"
"2016","article","Public Library of Science (PLoS)","PLOS ONE","Have We Substantially Underestimated the Impact of Improved Sanitation Coverage on Child Health? A Generalized Additive Model Panel Analysis of Global Data on Child Mortality and Malnutrition","10.1371/journal.pone.0164571","30","72","2017-05-26 retracted","–"
"2018","article","Public Library of Science (PLoS)","PLOS ONE","RETRACTED > TDP-43 causes neurotoxicity and cytoskeletal dysfunction in primary cortical neurons","10.1371/journal.pone.0196528","30","25","2021-06-01 retracted","Actinopolyspora Biskrensis, Midila Guianensis, Momordica Cochinchinensis, Halocynthiibacter Arcticus, Pseudomallada Luctuosus, Chlosyne Hoffmanni, Eochrois Aetopis"
"2013","article","Public Library of Science (PLoS)","PLOS ONE","RETRACTED > Heat Shock Protein 70 Expression Is Spatially Distributed in Human Placenta and Selectively Upregulated during Labor and Preeclampsia","10.1371/journal.pone.0054540","30","11","2018-06-21 retracted","Elisabeth M Bik, Apple Chlorotic"
"2014","article","Public Library of Science (PLoS)","PLOS ONE","Evaluation of Chemopreventive Effects of Acanthus ilicifolius against Azoxymethane-Induced Aberrant Crypt Foci in the Rat Colon","10.1371/journal.pone.0096004","30","6","2025-09-22 retracted","Hoya Camphorifolia, Archasia Belfragei"
"2014","article","Public Library of Science (PLoS)","PLOS ONE","RETRACTED > ZASP Interacts with the Mechanosensing Protein Ankrd2 and p53 in the Signalling Network of Striated Muscle","10.1371/journal.pone.0092259","30","5","2024-01-31 retracted","Elisabeth M Bik, Hoya Camphorifolia, Actinopolyspora Biskrensis"
"2022","article","Public Library of Science (PLoS)","PLOS ONE","Improved cognition impairment by activating cannabinoid receptor type 2: Modulating CREB/BDNF expression and impeding TLR-4/NFκBp65/M1 microglia signaling pathway in D-galactose-injected ovariectomized rats","10.1371/journal.pone.0265961","30","2","2024-05-03 retracted","Hoya Camphorifolia, Dysdera Arabisenen"
"2012","article","Public Library of Science (PLoS)","PLOS ONE","RETRACTED > Homocysteinylated Albumin Promotes Increased Monocyte-Endothelial Cell Adhesion and Up-Regulation of MCP1, Hsp60 and ADAM17","10.1371/journal.pone.0031388","30","0","2019-04-12 retracted","Leucanella Acutissima, Tricheilostoma Bicolor, Chyphotes Melaniceps"
"2012","article","Public Library of Science (PLoS)","PLOS ONE","RETRACTED > Regulation of the Proteasome by AMPK in Endothelial Cells: The Role of O-GlcNAc Transferase (OGT)","10.1371/journal.pone.0036717","30","0","2023-05-17 retracted","Hoya Camphorifolia, Lycodon Semicarinatus, Thelypteris Grandis"
"2023","article","Public Library of Science (PLoS)","PLOS ONE","RETRACTED: Does financial innovation foster financial inclusion in Arab world? examining the nexus between financial innovation, FDI, remittances, trade openness, and gross capital formation","10.1371/journal.pone.0287475","30","0","2025-10-23 retracted","Hoya Camphorifolia"
"2022","article","Public Library of Science (PLoS)","PLOS ONE","Cross border project in China-Pakistan economic corridor and its influence on women empowerment perspectives","10.1371/journal.pone.0269025","30","0","2024-11-20 retracted","Hoya Camphorifolia"
"2015","article","Public Library of Science (PLoS)","PLOS ONE","RETRACTED > TOX Acts an Oncological Role in Mycosis Fungoides","10.1371/journal.pone.0117479","30","0","2023-05-04 retracted","Hoya Camphorifolia"
"2014","article","Public Library of Science (PLoS)","PLOS ONE","Chinese Herbal Medicine Suppresses Invasion-Promoting Capacity of Cancer-Associated Fibroblasts in Pancreatic Cancer","10.1371/journal.pone.0096177","30","0","2024-11-01 retracted","Elisabeth M Bik, Hoya Camphorifolia"
"2021","article","Public Library of Science (PLoS)","PLOS ONE","RETRACTED > Health risk assessment of heavy metals via consumption of dietary vegetables using wastewater for irrigation in Swabi, Khyber Pakhtunkhwa, Pakistan","10.1371/journal.pone.0255853","30","0","2023-06-14 retracted","Desmococcus Antarctica"
"2021","article","Public Library of Science (PLoS)","PLOS ONE","Glycinebetaine mitigates drought stress-induced oxidative damage in pears","10.1371/journal.pone.0251389","30","0","2022-11-16 retracted","–"
"2012","article","Public Library of Science (PLoS)","PLOS ONE","Evidence for an African Cluster of Human Head and Body Lice with Variable Colors and Interbreeding of Lice between Continents","10.1371/journal.pone.0037804","29","29","2024-10-14 retracted","Elisabeth M Bik, Hoya Camphorifolia"
"2012","article","Public Library of Science (PLoS)","PLOS ONE","Evidence That Head and Body Lice on Homeless Persons Have the Same Genotype","10.1371/journal.pone.0045903","29","14","2024-10-14 retracted","Elisabeth M Bik, Hoya Camphorifolia"
"2021","article","Public Library of Science (PLoS)","PLOS Pathogens","Pseudomonas aeruginosa–induced nociceptor activation increases susceptibility to infection","10.1371/journal.ppat.1009557","29","13","2024-10-18 retracted","Raorchestes Chromasynchysi"
"2010","article","Public Library of Science (PLoS)","PLOS ONE","RETRACTED > T Tubules and Surface Membranes Provide Equally Effective Pathways of Carbonic Anhydrase-Facilitated Lactic Acid Transport in Skeletal Muscle","10.1371/journal.pone.0015137","29","5","2023-12-04 retracted","Actinopolyspora Biskrensis, Illex Illecebrosus"
"2020","article","Public Library of Science (PLoS)","PLOS ONE","RETRACTED > Production, purification and evaluation of biodegradation potential of PHB depolymerase of Stenotrophomonas sp. RZS7","10.1371/journal.pone.0220095","29","4","2023-06-14 retracted","Gerris Caucasicus"
"2014","article","Public Library of Science (PLoS)","PLOS ONE","RETRACTED > Catestatin Increases the Expression of Anti-Apoptotic and Pro-Angiogenetic Factors in the Post-Ischemic Hypertrophied Heart of SHR","10.1371/journal.pone.0102536","29","2","2021-02-04 retracted","Elisabeth M Bik, Peer 1"
"2017","article","Public Library of Science (PLoS)","PLOS ONE","Chemosensitizing indomethacin-conjugated dextran-based micelles for effective delivery of paclitaxel in resistant breast cancer therapy","10.1371/journal.pone.0180037","29","2","2026-05-07 retracted","Actinopolyspora Biskrensis"
"2022","article","Public Library of Science (PLoS)","PLOS ONE","RETRACTED > Phytoremediation of nickel by quinoa: Morphological and physiological response","10.1371/journal.pone.0262309","29","1","2022-08-31 retracted","Hoya Camphorifolia, Desmococcus Antarctica"
"2022","article","Public Library of Science (PLoS)","PLOS ONE","Effects of environmental impact labels on the sustainability of food purchases: Two randomised controlled trials in an experimental online supermarket","10.1371/journal.pone.0272800","29","1","2024-08-22 retracted","Gerris Caucasicus"
"2014","article","Public Library of Science (PLoS)","PLOS ONE","Inhibition of Tumor Vasculogenic Mimicry and Prolongation of Host Survival in Highly Aggressive Gallbladder Cancers by Norcantharidin via Blocking the Ephrin Type a Receptor 2/Focal Adhesion Kinase/Paxillin Signaling Pathway","10.1371/journal.pone.0096982","29","1","2025-02-20 retracted","Elisabeth M Bik, Hoya Camphorifolia, Rhipidura Albiventris"
"2020","article","Public Library of Science (PLoS)","PLOS ONE","Iron application improves yield, economic returns and grain-Fe concentration of mungbean","10.1371/journal.pone.0230720","29","1","2022-11-16 retracted","–"
"2021","article","Public Library of Science (PLoS)","PLOS ONE","RETRACTED > Silicon-based induced resistance in maize against fall armyworm [Spodoptera frugiperda (Lepidoptera: Noctuidae)]","10.1371/journal.pone.0259749","29","0","2022-08-31 retracted","Hoya Camphorifolia, Gerris Caucasicus"
"2021","article","Public Library of Science (PLoS)","PLOS ONE","An efficient post-processing adaptive filtering technique to rectifying the flickering effects","10.1371/journal.pone.0250959","29","0","2025-05-01 retracted","Hoya Camphorifolia, Alexander Magazinov, Chelis Arragonensis"
"2017","article","Public Library of Science (PLoS)","PLOS ONE","GNB2L1 and its O-GlcNAcylation regulates metastasis via modulating epithelial-mesenchymal transition in the chemoresistance of gastric cancer","10.1371/journal.pone.0182696","29","0","2025-03-11 retracted","Hoya Camphorifolia"
"2023","article","Public Library of Science (PLoS)","PLOS ONE","Digital transformation, industrial structure change, and economic growth motivation: An empirical analysis based on manufacturing industry in Yangtze River Delta","10.1371/journal.pone.0284803","29","0","2025-08-25 retracted","Hoya Camphorifolia"
"2024","article","Public Library of Science (PLoS)","PLOS ONE","The role of ICT investment, digital financial inclusion, and environmental tax in promoting sustainable energy development in the MENA region: Evidences with Dynamic Common Correlated Effects (DCE) and instrumental variable-adjusted DCE","10.1371/journal.pone.0301838","29","0","2025-05-07 retracted","Hoya Camphorifolia"
"2024","article","Public Library of Science (PLoS)","PLOS ONE","Asymmetric effects of foreign direct investment and globalization on ecological footprint in Indonesia","10.1371/journal.pone.0297046","29","0","2025-11-25 retracted","Hoya Camphorifolia"
"2013","article","Public Library of Science (PLoS)","PLOS ONE","RETRACTED > Genetic Polymorphism of Glucokinase on the Risk of Type 2 Diabetes and Impaired Glucose Regulation: Evidence Based on 298, 468 Subjects","10.1371/journal.pone.0055727","29","0","2021-12-22 retracted","Da Fu, Cryptasterina Hystera"
"2019","article","Public Library of Science (PLoS)","PLOS Biology","RETRACTED > Opposing signaling pathways regulate morphology in response to temperature in the fungal pathogen Histoplasma capsulatum","10.1371/journal.pbio.3000168","28","10","2023-03-21 retracted","Gerris Caucasicus"
"2013","article","Public Library of Science (PLoS)","PLOS ONE","Depletion of CD4+ CD25+ Regulatory T Cells Promotes CCL21-Mediated Antitumor Immunity","10.1371/journal.pone.0073952","28","9","2023-02-02 retracted","Elisabeth M Bik, Hoya Camphorifolia"
"2016","article","Public Library of Science (PLoS)","PLOS ONE","RETRACTED > Enterococcal Infective Endocarditis following Periodontal Disease in Dogs","10.1371/journal.pone.0146860","28","6","2021-10-22 retracted","Unregistered Submission, Hyaloperonospora Norvegica"
"2010","article","Public Library of Science (PLoS)","PLOS ONE","Atorvastatin Improves Survival in Septic Rats: Effect on Tissue Inflammatory Pathway and on Insulin Signaling","10.1371/journal.pone.0014232","28","6","2016-07-08 retracted","Unregistered Submission"
"2021","article","Public Library of Science (PLoS)","PLOS ONE","Potassium fertilization improves growth, yield and seed quality of sunflower (Helianthus annuus L.) under drought stress at different growth stages","10.1371/journal.pone.0256075","28","6","2022-08-03 retracted","–"
"2014","article","Public Library of Science (PLoS)","PLOS ONE","Modeling Dynamics of Culex pipiens Complex Populations and Assessing Abatement Strategies for West Nile Virus","10.1371/journal.pone.0108452","28","5","2024-05-17 retracted","Morinda Titanophylla"
"2016","article","Public Library of Science (PLoS)","PLOS ONE","RETRACTED > miR-24-3p Suppresses Malignant Behavior of Lacrimal Adenoid Cystic Carcinoma by Targeting PRKCH to Regulate p53/p21 Pathway","10.1371/journal.pone.0158433","28","5","2021-12-02 retracted","Elisabeth M Bik, Hoya Camphorifolia, Actinopolyspora Biskrensis, Hua Tang"
"2022","article","Public Library of Science (PLoS)","PLOS ONE","RETRACTED: Image-guided procedures in the hybrid operating room: A systematic scoping review","10.1371/journal.pone.0266341","28","3","2026-03-05 retracted","Hoya Camphorifolia"
"2014","article","Public Library of Science (PLoS)","PLOS ONE","RETRACTED > The Ratio of Circulating Regulatory T Cells (Tregs)/Th17 Cells Is Associated with Acute Allograft Rejection in Liver Transplantation","10.1371/journal.pone.0112135","28","3","2019-09-05 retracted","Calibrachoa Humilis"
"2015","article","Public Library of Science (PLoS)","PLOS ONE","Human Cystathionine-β-Synthase Phosphorylation on Serine227 Modulates Hydrogen Sulfide Production in Human Urothelium","10.1371/journal.pone.0136859","28","2","2019-09-12 retracted","Peer 1, Cicindela Batesi"
"2019","article","Public Library of Science (PLoS)","PLOS ONE","Prevalence of p53 dysregulations in feline oral squamous cell carcinoma and non-neoplastic oral mucosa","10.1371/journal.pone.0215621","28","2","2026-04-27 retracted","Hoya Camphorifolia, Paramecocnemis Erythrostigma"
"2021","article","Public Library of Science (PLoS)","PLOS ONE","Bacillus tequilensis strain ‘UPMRB9’ improves biochemical attributes and nutrient accumulation in different rice varieties under salinity stress","10.1371/journal.pone.0260869","28","0","2022-08-17 retracted","–"
"2013","article","Public Library of Science (PLoS)","PLOS ONE","RETRACTED > Mapping C-Terminal Transactivation Domains of the Nuclear HER Family Receptor Tyrosine Kinase HER3","10.1371/journal.pone.0071518","27","21","2022-04-25 retracted","Indigofera Tanganyikensis, Hoya Camphorifolia"
"2010","article","Public Library of Science (PLoS)","PLOS ONE","RETRACTED > Co-Depletion of Cathepsin B and uPAR Induces G0/G1 Arrest in Glioma via FOXO3a Mediated p27Kip1 Upregulation","10.1371/journal.pone.0011668","27","5","2020-01-29 retracted","Indigofera Tanganyikensis, Hoya Camphorifolia, Lotus Azoricus, Hydrophis Spiralis"
"2011","article","Public Library of Science (PLoS)","PLOS ONE","Suppression of MMP-2 Attenuates TNF-α Induced NF-κB Activation and Leads to JNK Mediated Cell Death in Glioma","10.1371/journal.pone.0019341","27","3","2025-07-11 retracted","Hoya Camphorifolia, Lotus Azoricus"
"2021","article","Public Library of Science (PLoS)","PLOS ONE","Physiological and biochemical responses of Kinnow mandarin grafted on diploid and tetraploid Volkamer lemon rootstocks under different water-deficit regimes","10.1371/journal.pone.0247558","27","3","2022-11-16 retracted","–"
"2013","article","Public Library of Science (PLoS)","PLOS ONE","RETRACTED > Rehmannia Glutinosa Extract Activates Endothelial Progenitor Cells in a Rat Model of Myocardial Infarction through a SDF-1 α/CXCR4 Cascade","10.1371/journal.pone.0054303","27","2","2019-05-20 retracted","Bacillus Mannanilyticus, Mareya Brevipes"
"2020","article","Public Library of Science (PLoS)","PLOS ONE","TrustBlock: An adaptive trust evaluation of SDN network nodes based on double-layer blockchain","10.1371/journal.pone.0228844","27","1","2025-04-09 retracted","Hoya Camphorifolia, Rhipidura Albiventris"
"2016","article","Public Library of Science (PLoS)","PLOS ONE","RETRACTED > The Gastroprotective Effect of Vitex pubescens Leaf Extract against Ethanol-Provoked Gastric Mucosal Damage in Sprague-Dawley Rats","10.1371/journal.pone.0157431","27","1","2023-11-10 retracted","Hoya Camphorifolia, Mycosphaerella Arachidis"
"2014","article","Public Library of Science (PLoS)","PLOS ONE","Effect of Cyanotoxins on the Hypothalamic–Pituitary–Gonadal Axis in Male Adult Mouse","10.1371/journal.pone.0106585","27","1","2024-05-02 retracted","Hoya Camphorifolia"
"2021","article","Public Library of Science (PLoS)","PLOS ONE","RETRACTED > Inventorization of traditional ethnobotanical uses of wild plants of Dawarian and Ratti Gali areas of District Neelum, Azad Jammu and Kashmir Pakistan","10.1371/journal.pone.0255010","27","1","2023-06-14 retracted","Guillaume Cabanac, Gerris Caucasicus"
"2014","article","Public Library of Science (PLoS)","PLOS ONE","Imbalance of Circulating Monocyte Subsets and PD-1 Dysregulation in Q Fever Endocarditis: The Role of IL-10 in PD-1 Modulation","10.1371/journal.pone.0107533","27","1","2026-05-04 retracted","Elisabeth M Bik, Hoya Camphorifolia"
"2022","article","Public Library of Science (PLoS)","PLOS ONE","RETRACTED: Fishing grounds footprint and economic freedom indexes: Evidence from Asia-Pacific","10.1371/journal.pone.0263872","27","0","2026-04-13 retracted","Hoya Camphorifolia, Peromyscus Sejugis"
"2014","article","Public Library of Science (PLoS)","PLOS ONE","Overexpression of SATB1 Is Associated with Biologic Behavior in Human Renal Cell Carcinoma","10.1371/journal.pone.0097406","27","0","2024-04-02 retracted","Hoya Camphorifolia, Mycosphaerella Arachidis"
"2020","article","Public Library of Science (PLoS)","PLOS ONE","Role of Vitamin-D Receptor (VDR) single nucleotide polymorphisms in gestational hypertension development: A case-control study","10.1371/journal.pone.0239407","27","0","2025-12-18 retracted","Hoya Camphorifolia"
"2013","article","Public Library of Science (PLoS)","PLOS ONE","RETRACTED > Histones-Mediated Lymphocyte Apoptosis during Sepsis Is Dependent on p38 Phosphorylation and Mitochondrial Permeability Transition","10.1371/journal.pone.0077131","27","0","2020-12-17 retracted","Elisabeth M Bik"
"2021","article","Public Library of Science (PLoS)","PLOS ONE","Combined application of zinc-lysine chelate and zinc-solubilizing bacteria improves yield and grain biofortification of maize (Zea mays L.)","10.1371/journal.pone.0254647","27","0","2023-06-14 retracted","–"
"2012","article","Public Library of Science (PLoS)","PLOS ONE","RETRACTED > Kidney Injury Molecule-1 Is Up-Regulated in Renal Epithelial Cells in Response to Oxalate In Vitro and in Renal Tissues in Response to Hyperoxaluria In Vivo","10.1371/journal.pone.0044174","26","13","2020-06-11 retracted","Unregistered Submission, Actinopolyspora Biskrensis, Monsonia Brevirostrata"
"2017","article","Public Library of Science (PLoS)","PLOS ONE","RETRACTED > Exploration of inhibitory mechanisms of curcumin in lung cancer metastasis using a miRNA- transcription factor-target gene network","10.1371/journal.pone.0172470","26","11","2017-11-30 retracted","Turnip Yellows"
"2024","article","Public Library of Science (PLoS)","PLOS ONE","A comparative analysis of blended learning and traditional instruction: Effects on academic motivation and learning outcomes","10.1371/journal.pone.0298220","26","8","2024-04-18 retracted","Guillaume Cabanac, Anna Abalkina, Nerita Vitiensis"
"2013","article","Public Library of Science (PLoS)","PLOS ONE","RETRACTED > Alpha-Fetoprotein Promoter-Driven Cre/LoxP-Switched RNA Interference for Hepatocellular Carcinoma Tissue-Specific Target Therapy","10.1371/journal.pone.0053072","26","8","2023-12-05 retracted","Elisabeth M Bik, Hoya Camphorifolia, Yuan-Fei Peng"
"2011","article","Public Library of Science (PLoS)","PLOS ONE","RETRACTED > Association of MDR1 Gene SNPs and Haplotypes with the Tacrolimus Dose Requirements in Han Chinese Liver Transplant Recipients","10.1371/journal.pone.0025933","26","7","2019-08-27 retracted","Dysteria Lanceolata"
"2013","article","Public Library of Science (PLoS)","PLOS ONE","RETRACTED > The Effect of Soluble RAGE on Inhibition of Angiotensin II-Mediated Atherosclerosis in Apolipoprotein E Deficient Mice","10.1371/journal.pone.0069669","26","5","2014-09-18 retracted","Phyllonorycter Haasi"
"2007","article","Public Library of Science (PLoS)","PLOS ONE","Transcriptional Repressor Gfi1 Integrates Cytokine-Receptor Signals Controlling B-Cell Differentiation","10.1371/journal.pone.0000306","26","5","2012-07-26 retracted","–"
"2010","article","Public Library of Science (PLoS)","PLOS ONE","RETRACTED > EPO Receptor Gain-of-Function Causes Hereditary Polycythemia, Alters CD34+ Cell Differentiation and Increases Circulating Endothelial Precursors","10.1371/journal.pone.0012015","26","1","2020-03-04 retracted","Unregistered Submission, Peer 2, Bulbophyllum Melleum, Draparnaldia Plumosa, Anna Rita Migliaccio"
"2015","article","Public Library of Science (PLoS)","PLOS ONE","RETRACTED > Tempol Treatment Reduces Anxiety-Like Behaviors Induced by Multiple Anxiogenic Drugs in Rats","10.1371/journal.pone.0117498","26","1","2023-10-04 retracted","Hoya Camphorifolia"
"2014","article","Public Library of Science (PLoS)","PLOS ONE","Eucommia ulmoides Cortex, Geniposide and Aucubin Regulate Lipotoxicity through the Inhibition of Lysosomal BAX","10.1371/journal.pone.0088017","26","0","2025-09-22 retracted","Hoya Camphorifolia, Catocala Insolabilis"
"2012","article","Public Library of Science (PLoS)","PLOS ONE","RETRACTED > Concomitant Targeting of EGF Receptor, TGF-beta and Src Points to a Novel Therapeutic Approach in Pancreatic Cancer","10.1371/journal.pone.0039684","26","0","2020-05-13 retracted","Hedeoma Pulegioides, Clathria Eccentrica"
"2014","article","Public Library of Science (PLoS)","PLOS ONE","RETRACTED > Role of Hepatitis C Virus Induced Osteopontin in Epithelial to Mesenchymal Transition, Migration and Invasion of Hepatocytes","10.1371/journal.pone.0087464","26","0","2019-04-30 retracted","Grimmia Sessitana, Myzostoma Susanae"
"2020","article","Public Library of Science (PLoS)","PLOS ONE","Preliminary evaluation of a novel nine-biomarker profile for the prediction of autism spectrum disorder","10.1371/journal.pone.0227626","26","0","2024-11-05 retracted","Dorothy V.M. Bishop"
"2021","article","Public Library of Science (PLoS)","PLOS ONE","Using mathematical models to evaluate germination rate and seedlings length of chickpea seed (Cicer arietinum L.) to osmotic stress at cardinal temperatures","10.1371/journal.pone.0260990","26","0","2022-08-03 retracted","–"
"2013","article","Public Library of Science (PLoS)","PLOS ONE","ω3-PUFAs Exert Anti-Inflammatory Activity in Visceral Adipocytes from Colorectal Cancer Patients","10.1371/journal.pone.0077432","25","22","2026-02-25 retracted","Hoya Camphorifolia, Graptemys Ouachitensis"
"2012","article","Public Library of Science (PLoS)","PLOS ONE","RETRACTED > Proline-Rich Tyrosine Kinase 2 (Pyk2) Regulates IGF-I-Induced Cell Motility and Invasion of Urothelial Carcinoma Cells","10.1371/journal.pone.0040148","25","9","2019-04-18 retracted","Unregistered Submission, Peer 2, Eucalymnatus Tessellatus, Roscheria Melanochaetes"
"2022","article","Public Library of Science (PLoS)","PLOS ONE","RETRACTED > Impact of varying levels of soil salinity on emergence, growth and biochemical attributes of four Moringa oleifera landraces","10.1371/journal.pone.0263978","25","8","2022-08-31 retracted","Hoya Camphorifolia, Desmococcus Antarctica"
"2014","article","Public Library of Science (PLoS)","PLOS ONE","RETRACTED > Identification of Autoantibodies against Transthyretin for the Screening and Diagnosis of Rheumatoid Arthritis","10.1371/journal.pone.0093905","25","6","2018-10-11 retracted","Elisabeth M Bik, Scleria Tricristata, Sagarika Biswas"
"2021","article","Public Library of Science (PLoS)","PLOS ONE","RETRACTED > Kinetin mitigates Cd-induced damagesto growth, photosynthesis and PS II photochemistry of Trigonella seedlings by up-regulating ascorbate-glutathione cycle","10.1371/journal.pone.0249230","25","5","2022-11-16 retracted","Myosotis Albiflora"
"2020","article","Public Library of Science (PLoS)","PLOS ONE","Analysis of the role and robustness of artificial intelligence in commodity image recognition under deep learning neural network","10.1371/journal.pone.0235783","25","5","2024-09-26 retracted","Hoya Camphorifolia, Rhipidura Albiventris"
"2010","article","Public Library of Science (PLoS)","PLOS ONE","RETRACTED > Detection and Functional Characterization of a 215 Amino Acid N-Terminal Extension in the Xanthomonas Type III Effector XopD","10.1371/journal.pone.0015773","25","5","2018-01-02 retracted","–"
"2016","article","Public Library of Science (PLoS)","PLOS ONE","The Effects of Matrix Metalloproteinase-9 on Dairy Goat Mastitis and Cell Survival of Goat Mammary Epithelial Cells","10.1371/journal.pone.0160989","25","4","2026-03-24 retracted","Hoya Camphorifolia, Actinopolyspora Biskrensis, Rhipidura Albiventris"
"2014","article","Public Library of Science (PLoS)","PLOS ONE","RETRACTED > Clinical Impact of De-Regulated Notch-1 and Notch-3 in the Development and Progression of HPV-Associated Different Histological Subtypes of Precancerous and Cancerous Lesions of Human Uterine Cervix","10.1371/journal.pone.0098642","25","3","2022-07-21 retracted","Atta Vollenweideri, Mausumi Bharadwaj, Erysimum Repandum"
"2015","article","Public Library of Science (PLoS)","PLOS ONE","Nanocurcumin Prevents Hypoxia Induced Stress in Primary Human Ventricular Cardiomyocytes by Maintaining Mitochondrial Homeostasis","10.1371/journal.pone.0139121","25","2","2025-02-04 retracted","Hoya Camphorifolia, Actinopolyspora Biskrensis"
"2016","article","Public Library of Science (PLoS)","PLOS ONE","Functional Study of Ectodysplasin-A Mutations Causing Non-Syndromic Tooth Agenesis","10.1371/journal.pone.0154884","25","1","2026-06-17 retracted","Hoya Camphorifolia, Actinopolyspora Biskrensis"
"2016","article","Public Library of Science (PLoS)","PLOS ONE","RETRACTED > Biomarkers for Presymptomatic Doxorubicin-Induced Cardiotoxicity in Breast Cancer Patients","10.1371/journal.pone.0160224","25","1","2019-07-11 retracted","Glossopsitta Porphyrocephala"
"2013","article","Public Library of Science (PLoS)","PLOS ONE","Integrin-Mediated Signaling Induced by Simian Virus 40 Leads to Transient Uncoupling of Cortical Actin and the Plasma Membrane","10.1371/journal.pone.0055799","25","1","2025-01-09 retracted","Elisabeth M Bik"
"2022","article","Public Library of Science (PLoS)","PLOS ONE","Sanitation, water, energy use, and traffic volume affect environmental quality: Go-for-green developmental policies","10.1371/journal.pone.0271017","25","1","2024-10-14 retracted","–"
"2012","article","Public Library of Science (PLoS)","PLOS ONE","RETRACTED > 3, 3′-Diindolylmethane Exhibits Antileukemic Activity In Vitro and In Vivo through a Akt-Dependent Process","10.1371/journal.pone.0031783","25","0","2020-02-06 retracted","Triticum Spelta"
"2014","article","Public Library of Science (PLoS)","PLOS ONE","RETRACTED > The Clinical Outcomes of Surgical Treatment of Noncontiguous Spinal Tuberculosis: A Retrospective Study in 23 Cases","10.1371/journal.pone.0093648","25","0","2021-06-04 retracted","Thamnophilus Doliatus"
"2014","article","Public Library of Science (PLoS)","PLOS ONE","Overexpressed PKCδ Downregulates the Expression of PKCα in B16F10 Melanoma: Induction of Apoptosis by PKCδ via Ceramide Generation","10.1371/journal.pone.0091656","25","0","2025-10-06 retracted","Hoya Camphorifolia, Curvularia Ellisii"
"2022","article","Public Library of Science (PLoS)","PLOS ONE","Assessing the asymmetric impact of physical infrastructure and trade openness on ecological footprint: An empirical evidence from Pakistan","10.1371/journal.pone.0262782","25","0","2025-08-25 retracted","Hoya Camphorifolia"
"2024","article","Public Library of Science (PLoS)","PLOS ONE","Moderating role of policy incentive and perceived cost in relationship of environmental awareness and green consumption behavior","10.1371/journal.pone.0296632","25","0","2024-11-11 retracted","Hoya Camphorifolia"
"2022","article","Public Library of Science (PLoS)","PLOS ONE","RETRACTED: Health risk assessment of exposure to chlorpyrifos in pregnant women using deterministic and probabilistic approaches","10.1371/journal.pone.0262127","25","0","2026-06-15 retracted","Hoya Camphorifolia"
"2022","article","Public Library of Science (PLoS)","PLOS ONE","RETRACTED: Women engagement in agriculture and human capital development in developing countries: An African sub-regional analysis","10.1371/journal.pone.0277519","25","0","2025-10-23 retracted","Hoya Camphorifolia"
"2014","article","Public Library of Science (PLoS)","PLOS ONE","Antitumor Activity of Di-n-Butyl-(2,6-Difluorobenzohydroxamato)Tin(IV) against Human Gastric Carcinoma SGC-7901 Cells via G2/M Cell Cycle Arrest and Cell Apoptosis","10.1371/journal.pone.0090793","25","0","2024-10-10 retracted","Elisabeth M Bik, Hoya Camphorifolia"
"2020","article","Public Library of Science (PLoS)","PLOS ONE","Prevalence and determinants of modern contraceptive utilization among women in the reproductive age group in Edaga-hamus Town, Eastern zone, Tigray region, Ethiopia, June 2017","10.1371/journal.pone.0227795","25","0","2022-09-28 retracted","–"
"2018","article","Public Library of Science (PLoS)","PLOS ONE","Management practice, and adherence and its contributing factors among patients with chronic kidney disease at Tikur Anbessa Specialized Hospital: A hospital-based cross-sectional study","10.1371/journal.pone.0200415","25","0","2025-07-14 retracted","–"
"2020","article","Public Library of Science (PLoS)","PLOS ONE","The influence of transgenic (Bt) and non-transgenic (non-Bt) cotton mulches on weed dynamics, soil properties and productivity of different winter crops","10.1371/journal.pone.0238716","24","35","2022-11-16 retracted","–"
"2013","article","Public Library of Science (PLoS)","PLOS ONE","RETRACTED > Modification of Glycosylation Mediates the Invasive Properties of Murine Hepatocarcinoma Cell Lines to Lymph Nodes","10.1371/journal.pone.0065218","24","11","2019-09-06 retracted","Peer 1, Hoya Camphorifolia, Actinopolyspora Biskrensis, Bacillus Mannanilyticus, Diglyphus Albinervis"
"2014","article","Public Library of Science (PLoS)","PLOS ONE","Activated α2-Macroglobulin Binding to Cell Surface GRP78 Induces T-Loop Phosphorylation of Akt1 by PDK1 in Association with Raptor","10.1371/journal.pone.0088373","24","10","2025-06-05 retracted","Hoya Camphorifolia, Paraeuchaeta Barbata"
"2013","article","Public Library of Science (PLoS)","PLOS ONE","RETRACTED > Chemotherapeutic Potential of 2-[Piperidinoethoxyphenyl]-3-Phenyl-2H-Benzo(b)pyran in Estrogen Receptor- Negative Breast Cancer Cells: Action via Prevention of EGFR Activation and Combined Inhibition of PI-3-K/Akt/FOXO and MEK/Erk/AP-1 Pathways","10.1371/journal.pone.0066246","24","10","2020-03-27 retracted","Elisabeth M Bik, Hoya Camphorifolia, Lyophyllum Pulvis-horrei, Cissus Rhodotricha, Anila Dwivedi, Ruchi Saxena, Archaeopotamobius Sibiriensis"
"2011","article","Public Library of Science (PLoS)","PLOS ONE","Mitostatin Is Down-Regulated in Human Prostate Cancer and Suppresses the Invasive Phenotype of Prostate Cancer Cells","10.1371/journal.pone.0019771","24","6","2026-01-22 retracted","Leonid Schneider, Elisabeth M Bik, Unregistered Submission, Peer 2, Hoya Camphorifolia, Vismia Guineensis, Plagiogyria Koidzumii, Ramphastos Brevis"
"2020","article","Public Library of Science (PLoS)","PLOS ONE","Erectile dysfunction drugs altered the activities of antioxidant enzymes, oxidative stress and the protein expressions of some cytochrome P450 isozymes involved in the steroidogenesis of steroid hormones","10.1371/journal.pone.0241509","24","6","2026-04-13 retracted","Elisabeth M Bik, Actinopolyspora Biskrensis, Salah A. Sheweita, Mahmoud E. Balbaa"
"2014","article","Public Library of Science (PLoS)","PLOS ONE","Chemopreventive Efficacy of Andrographis paniculata on Azoxymethane-Induced Aberrant Colon Crypt Foci In Vivo","10.1371/journal.pone.0111118","24","6","2025-07-28 retracted","Archasia Belfragei"
"2021","article","Public Library of Science (PLoS)","PLOS ONE","Eco-friendly soil amendments improve growth, antioxidant activities, and root colonization in lingrain (Linum Usitatissimum L.) under drought conditions","10.1371/journal.pone.0261225","24","5","2022-08-17 retracted","–"
"2013","article","Public Library of Science (PLoS)","PLOS ONE","RETRACTED > Hyperthermia-Induced NDRG2 Upregulation Inhibits the Invasion of Human Hepatocellular Carcinoma via Suppressing ERK1/2 Signaling Pathway","10.1371/journal.pone.0061079","24","3","2020-10-08 retracted","Elisabeth M Bik, Peer 1"
"2015","article","Public Library of Science (PLoS)","PLOS ONE","Jaeumganghwa-Tang Induces Apoptosis via the Mitochondrial Pathway and Lactobacillus Fermentation Enhances Its Anti-Cancer Activity in HT1080 Human Fibrosarcoma Cells","10.1371/journal.pone.0127898","24","2","2026-01-28 retracted","Hoya Camphorifolia, Reese Richardson"
"2021","article","Public Library of Science (PLoS)","PLOS ONE","Comparative assessment of various supplementary diets on commercial honey bee (Apis mellifera) health and colony performance","10.1371/journal.pone.0258430","24","2","2022-09-30 retracted","–"
"2020","article","Public Library of Science (PLoS)","PLOS Neglected Tropical Diseases","In vivo experiments demonstrate the potent antileishmanial efficacy of repurposed suramin in visceral leishmaniasis","10.1371/journal.pntd.0008575","24","1","2025-11-11 retracted","Curvularia Ellisii"
"2013","article","Public Library of Science (PLoS)","PLOS ONE","Cyclic AMP-Response Element Regulated Cell Cycle Arrests in Cancer Cells","10.1371/journal.pone.0065661","24","1","2025-07-17 retracted","Condylocarpon Amazonicum, Hoya Camphorifolia, Sholto David, Ping Wang"
"2017","article","Public Library of Science (PLoS)","PLOS ONE","LncRNA-AF113014 promotes the expression of Egr2 by interaction with miR-20a to inhibit proliferation of hepatocellular carcinoma cells","10.1371/journal.pone.0177843","24","1","2026-01-07 retracted","Aphilanthops Foxi, Reese Richardson, Hua Tang"
"2009","article","Public Library of Science (PLoS)","PLOS ONE","RETRACTED > The Cellular Distribution of Serotonin Transporter Is Impeded on Serotonin-Altered Vimentin Network","10.1371/journal.pone.0004730","24","0","2019-02-01 retracted","Pseudorhabdosynochus Sulamericanus"
"2024","article","Public Library of Science (PLoS)","PLOS ONE","Advancements in intrusion detection: A lightweight hybrid RNN-RF model","10.1371/journal.pone.0299666","24","0","2025-02-06 retracted","Hoya Camphorifolia, Cristian Consonni"
"2014","article","Public Library of Science (PLoS)","PLOS ONE","RETRACTED > BRMS1 Suppresses Glioma Progression by Regulating Invasion, Migration and Adhesion of Glioma Cells","10.1371/journal.pone.0098544","24","0","2022-06-14 retracted","Hoya Camphorifolia, Actinopolyspora Biskrensis"
"2024","article","Public Library of Science (PLoS)","PLOS ONE","Digital inclusive finance, R&D investment, and green technology innovation nexus","10.1371/journal.pone.0297264","24","0","2025-05-07 retracted","Hoya Camphorifolia"
"2023","article","Public Library of Science (PLoS)","PLOS ONE","Institutional environment, technological innovation capability and service-oriented transformation","10.1371/journal.pone.0281403","24","0","2025-08-25 retracted","Hoya Camphorifolia"
"2023","article","Public Library of Science (PLoS)","PLOS ONE","An investigation of financial openness, trade openness, gross capital formation, urbanization, financial development, education and energy nexus in BRI: Evidence from the symmetric and asymmetric framework","10.1371/journal.pone.0290121","24","0","2025-09-04 retracted","Hoya Camphorifolia"
"2023","article","Public Library of Science (PLoS)","PLOS ONE","RETRACTED: Exploring the impact of renewable energy on economic growth and carbon emissions: Evidence from partial least squares structural equation modeling","10.1371/journal.pone.0295563","24","0","2025-12-01 retracted","Hoya Camphorifolia"
"2022","article","Public Library of Science (PLoS)","PLOS ONE","Bidirectional rotating flow of nanofluid over a variable thickened stretching sheet with non-Fourier’s heat flux and non-Fick’s mass flux theory","10.1371/journal.pone.0265443","24","0","2025-07-29 retracted","Hoya Camphorifolia"
"2021","article","Public Library of Science (PLoS)","PLOS ONE","The influence of vermicomposting on photosynthetic activity and productivity of maize (Zea mays L.) crop under semi-arid climate","10.1371/journal.pone.0256450","24","0","2022-08-17 retracted","–"
"2013","article","Public Library of Science (PLoS)","PLOS ONE","RETRACTED > The Different Role of Notch1 and Notch2 in Astrocytic Gliomas","10.1371/journal.pone.0053654","23","55","2019-10-15 retracted","Elisabeth M Bik, Hoya Camphorifolia, Peiyu Pu, Leptopterna Amoena"
"2013","article","Public Library of Science (PLoS)","PLOS ONE","RETRACTED > A Novel Alkaloid from Marine-Derived Actinomycete Streptomyces xinghaiensis with Broad-Spectrum Antibacterial and Cytotoxic Activities","10.1371/journal.pone.0075994","23","20","2018-07-03 retracted","Peer 1, Unregistered Submission"
"2022","article","Public Library of Science (PLoS)","PLOS ONE","RETRACTED > Prevalence of mycorrhizae in host plants and rhizosphere soil: A biodiversity aspect","10.1371/journal.pone.0266403","23","15","2022-08-31 retracted","Hoya Camphorifolia, Gerris Caucasicus, Desmococcus Antarctica"
"2012","article","Public Library of Science (PLoS)","PLOS ONE","RETRACTED > Suppression of AP1 Transcription Factor Function in Keratinocyte Suppresses Differentiation","10.1371/journal.pone.0036941","23","13","2021-02-11 retracted","Elisabeth M Bik, Triodia Vella"
"2013","article","Public Library of Science (PLoS)","PLOS ONE","PrPST, a Soluble, Protease Resistant and Truncated PrP Form Features in the Pathogenesis of a Genetic Prion Disease","10.1371/journal.pone.0069583","23","6","2024-12-19 retracted","Elisabeth M Bik, Peer 1, Unregistered Submission, Peer 2, Peer 4, Peer 5, Peer 6, Peer 7, Hoya Camphorifolia"
"2012","article","Public Library of Science (PLoS)","PLOS ONE","RETRACTED > HBsAg Inhibits the Translocation of JTB into Mitochondria in HepG2 Cells and Potentially Plays a Role in HCC Progression","10.1371/journal.pone.0036914","23","5","2023-09-21 retracted","Elisabeth M Bik, Peer 1, Hoya Camphorifolia"
"2020","article","Public Library of Science (PLoS)","PLOS ONE","The design of tourism product CAD three-dimensional modeling system using VR technology","10.1371/journal.pone.0244205","23","5","2024-06-06 retracted","Alexander Magazinov"
"2014","article","Public Library of Science (PLoS)","PLOS ONE","RETRACTED > The Inhibitory Effect of Doxycycline on Cisplatin-Sensitive and -Resistant Epithelial Ovarian Cancer","10.1371/journal.pone.0089841","23","4","2020-04-10 retracted","Elisabeth M Bik, Longidorus Carpathicus"
"2022","article","Public Library of Science (PLoS)","PLOS ONE","Genome-wide association mapping for high temperature tolerance in wheat through 90k SNP array using physiological and yield traits","10.1371/journal.pone.0262569","23","3","2023-06-14 retracted","–"
"2021","article","Public Library of Science (PLoS)","PLOS ONE","Design and development of human resource management computer system for enterprise employees","10.1371/journal.pone.0261594","23","1","2025-03-18 retracted","Hoya Camphorifolia, Rhipidura Albiventris"
"2015","article","Public Library of Science (PLoS)","PLOS ONE","RETRACTED > Multidrug-Resistance Related Long Non-Coding RNA Expression Profile Analysis of Gastric Cancer","10.1371/journal.pone.0135461","23","1","2019-12-03 retracted","Hoya Camphorifolia, Lotus Azoricus, Habenaria Petelotii, Deronectes Aubei"
"2023","article","Public Library of Science (PLoS)","PLOS ONE","RETRACTED: Effectiveness of psychosocial interventions for infertile women: A systematic review and meta-analysis with a focus on a method-critical evaluation","10.1371/journal.pone.0282065","23","1","2026-03-06 retracted","Hoya Camphorifolia"
"2021","article","Public Library of Science (PLoS)","PLOS Biology","Noncanonical TGF-β signaling leads to FBXO3-mediated degradation of ΔNp63α promoting breast cancer metastasis and poor clinical prognosis","10.1371/journal.pbio.3001113","23","1","2024-06-27 retracted","Elisabeth M Bik"
"2020","article","Public Library of Science (PLoS)","PLOS ONE","Soil applied boron (B) improves growth, yield and fiber quality traits of cotton grown on calcareous saline soil","10.1371/journal.pone.0231805","23","1","2022-11-16 retracted","–"
"2012","article","Public Library of Science (PLoS)","PLOS ONE","De Novo Transcriptomic Analysis of an Oleaginous Microalga: Pathway Description and Gene Discovery for Production of Next-Generation Biofuels","10.1371/journal.pone.0035142","23","1","2012-06-29 retracted","–"
"2020","article","Public Library of Science (PLoS)","PLOS ONE","Calmodulin-binding transcription activator (CAMTA) genes family: Genome-wide survey and phylogenetic analysis in flax (Linum usitatissimum)","10.1371/journal.pone.0236454","23","1","2022-11-16 retracted","–"
"2015","article","Public Library of Science (PLoS)","PLOS ONE","RETRACTED > Surgical Management for Thoracic Spinal Tuberculosis Posterior Only versus Anterior Video-Assisted Thoracoscopic Surgery","10.1371/journal.pone.0119759","23","0","2019-07-30 retracted","Marinussaurus Curupira"
"2024","article","Public Library of Science (PLoS)","PLOS ONE","Unleashing the behavioral factors affecting the decision making of Chinese investors in stock markets","10.1371/journal.pone.0298797","23","0","2024-11-11 retracted","Hoya Camphorifolia"
"2022","article","Public Library of Science (PLoS)","PLOS ONE","The perception of Hungarian food by consumer segments according to food purchasing preferences based on primary research results","10.1371/journal.pone.0273023","23","0","2025-03-31 retracted","Hoya Camphorifolia"
"2016","article","Public Library of Science (PLoS)","PLOS ONE","Combined GSTM1-Null, GSTT1-Active, GSTA1 Low-Activity and GSTP1-Variant Genotype Is Associated with Increased Risk of Clear Cell Renal Cell Carcinoma","10.1371/journal.pone.0160570","23","0","2026-03-10 retracted","Hoya Camphorifolia"
"2020","article","Public Library of Science (PLoS)","PLOS ONE","RETRACTED > HNF-4α inhibits hepatocellular carcinoma cell proliferation through mir-122-adam17 pathway","10.1371/journal.pone.0230450","23","0","2023-03-29 retracted","Hoya Camphorifolia"
"2020","article","Public Library of Science (PLoS)","PLOS ONE","Effects of cost-benefit analysis under back propagation neural network on financial benefit evaluation of investment projects","10.1371/journal.pone.0229739","23","0","2024-07-01 retracted","Hoya Camphorifolia"
"2014","article","Public Library of Science (PLoS)","PLOS ONE","RETRACTED > Autophagy in Muscle of Glucose-Infusion Hyperglycemia Rats and Streptozotocin-Induced Hyperglycemia Rats via Selective Activation of m-TOR or FoxO3","10.1371/journal.pone.0087254","23","0","2019-09-23 retracted","Elisabeth M Bik"
"2014","article","Public Library of Science (PLoS)","PLOS ONE","RETRACTED > Enhanced Anti-Tumor Effect of Zoledronic Acid Combined with Temozolomide against Human Malignant Glioma Cell Expressing O6-Methylguanine DNA Methyltransferase","10.1371/journal.pone.0104538","23","0","2022-05-05 retracted","Elisabeth M Bik"
"2012","article","Public Library of Science (PLoS)","PLOS ONE","Multi-Level Interactions between the Nuclear Receptor TRα1 and the WNT Effectors β-Catenin/Tcf4 in the Intestinal Epithelium","10.1371/journal.pone.0034162","23","0","2020-02-05 retracted","Actinopolyspora Biskrensis, Euplotes Qatarensis, Meilichius Apicicornis, Trifolium Purpureum"
"2013","article","Public Library of Science (PLoS)","PLOS ONE","RETRACTED > Matrix Metalloproteinase-3 in Odontoblastic Cells Derived from Ips Cells: Unique Proliferation Response as Odontoblastic Cells Derived from ES Cells","10.1371/journal.pone.0083563","22","14","2018-06-01 retracted","Actinopolyspora Biskrensis"
"2021","article","Public Library of Science (PLoS)","PLOS ONE","RETRACTED > Combined application of zinc and silicon alleviates terminal drought stress in wheat by triggering morpho-physiological and antioxidants defense mechanisms","10.1371/journal.pone.0256984","22","13","2022-08-03 retracted","Gerris Caucasicus"
"2012","article","Public Library of Science (PLoS)","PLOS ONE","RETRACTED > Modulatory Role of PYY in Transport and Metabolism of Cholesterol in Intestinal Epithelial Cells","10.1371/journal.pone.0040992","22","11","2022-04-14 retracted","Elisabeth M Bik"
"2021","article","Public Library of Science (PLoS)","PLOS ONE","RETRACTED > Designing an intelligent monitoring system for corn seeding by machine vision and Genetic Algorithm-optimized Back Propagation algorithm under precision positioning","10.1371/journal.pone.0254544","22","10","2023-11-21 retracted","Hoya Camphorifolia"
"2020","article","Public Library of Science (PLoS)","PLOS ONE","The influence of machine learning-based knowledge management model on enterprise organizational capability innovation and industrial development","10.1371/journal.pone.0242253","22","7","2025-04-09 retracted","Hoya Camphorifolia, Rhipidura Albiventris"
"2013","article","Public Library of Science (PLoS)","PLOS ONE","RETRACTED > Dexamethasone Rescues Neurovascular Unit Integrity from Cell Damage Caused by Systemic Administration of Shiga Toxin 2 and Lipopolysaccharide in Mice Motor Cortex","10.1371/journal.pone.0070020","22","6","2023-12-07 retracted","Elisabeth M Bik, Hoya Camphorifolia"
"2014","article","Public Library of Science (PLoS)","PLOS ONE","RETRACTED > Blocking TRPV1 in Nucleus Accumbens Inhibits Persistent Morphine Conditioned Place Preference Expression in Rats","10.1371/journal.pone.0104546","22","2","2020-03-06 retracted","Peer 1, Unregistered Submission, Tetracera Parviflora"
"2013","article","Public Library of Science (PLoS)","PLOS ONE","RETRACTED > Novel Insights into the Synergistic Interaction of a Thioredoxin Reductase Inhibitor and TRAIL: The Activation of the ASK1-ERK-Sp1 Pathway","10.1371/journal.pone.0063966","22","2","2020-03-25 retracted","Peer 1, Lottia Cassis, Sideroxylon Reclinatum"
"2022","article","Public Library of Science (PLoS)","PLOS ONE","RETRACTED: The regulation of HBP1, SIRT1, and SREBP-1c genes and the related microRNAs in non-alcoholic fatty liver rats: The association with the folic acid anti-steatosis","10.1371/journal.pone.0265455","22","1","2026-03-18 retracted","Hoya Camphorifolia"
"2025","article","Public Library of Science (PLoS)","PLOS ONE","RETRACTED: Design and validation of ultra-compact metamaterial-based biosensor for non-invasive cervical cancer diagnosis in terahertz regime","10.1371/journal.pone.0311431","22","1","2026-02-25 retracted","Hoya Camphorifolia"
"2023","article","Public Library of Science (PLoS)","PLOS ONE","Achievement of sustainable environment through effectiveness of social media in Z generation of China","10.1371/journal.pone.0292403","22","1","2024-11-11 retracted","Hoya Camphorifolia"
"2015","article","Public Library of Science (PLoS)","PLOS ONE","E. adenophorum Induces Cell Cycle and Apoptosis of Renal Cells through Mitochondrial Pathway and Caspase Activation in Saanen Goat","10.1371/journal.pone.0138504","22","1","2025-11-17 retracted","Elisabeth M Bik, Hoya Camphorifolia, Actinopolyspora Biskrensis, Illex Illecebrosus, Yanchun Hu"
"2012","article","Public Library of Science (PLoS)","PLOS ONE","Evaluating the Effect of Therapeutic Stem Cells on TRAIL Resistant and Sensitive Medulloblastomas","10.1371/journal.pone.0049219","22","1","2025-05-12 retracted","Elisabeth M Bik, Hoya Camphorifolia"
"2016","article","Public Library of Science (PLoS)","PLOS ONE","Role of Livelihood Capital in Reducing Climatic Vulnerability: Insights of Australian Wheat from 1990–2010","10.1371/journal.pone.0152277","22","1","2022-09-20 retracted","–"
"2023","article","Public Library of Science (PLoS)","PLOS ONE","Evaluate teaching quality of physical education using a hybrid multi-criteria decision-making framework","10.1371/journal.pone.0280845","22","0","2025-06-03 retracted","Hoya Camphorifolia, Guillaume Cabanac"
"2015","article","Public Library of Science (PLoS)","PLOS ONE","RETRACTED > Regulatory B Cell Function Is Suppressed by Smoking and Obesity in H. pylori-Infected Subjects and Is Correlated with Elevated Risk of Gastric Cancer","10.1371/journal.pone.0134591","22","0","2022-03-09 retracted","Hoya Camphorifolia"
"2014","article","Public Library of Science (PLoS)","PLOS ONE","RETRACTED > Impaired Insulin Signaling Affects Renal Organic Anion Transporter 3 (Oat3) Function in Streptozotocin-Induced Diabetic Rats","10.1371/journal.pone.0096236","22","0","2018-08-21 retracted","Elisabeth M Bik, Plectorhinchus Gaterinus"
"2013","article","Public Library of Science (PLoS)","PLOS ONE","RETRACTED > Comparison of Steroid-Free Immunosuppression and Standard Immunosuppression for Liver Transplant Patients with Hepatocellular Carcinoma","10.1371/journal.pone.0071251","22","0","2019-09-04 retracted","Coleosoma Acutiventer"
"2014","article","Public Library of Science (PLoS)","PLOS Pathogens","The Downregulation of GFI1 by the EZH2-NDY1/KDM2B-JARID2 Axis and by Human Cytomegalovirus (HCMV) Associated Factors Allows the Activation of the HCMV Major IE Promoter and the Transition to Productive Infection","10.1371/journal.ppat.1004136","22","0","2026-01-05 retracted","Actinopolyspora Biskrensis"
"2012","article","Public Library of Science (PLoS)","PLOS ONE","RETRACTED > Grape Seed Proanthocyanidins Inhibit the Invasiveness of Human HNSCC Cells by Targeting EGFR and Reversing the Epithelial-To-Mesenchymal Transition","10.1371/journal.pone.0031093","22","0","2018-12-31 retracted","Actinopolyspora Biskrensis"
"2024","article","Public Library of Science (PLoS)","PLOS ONE","RETRACTED: Optimising barrier placement for intrusion detection and prevention in WSNs","10.1371/journal.pone.0299334","22","0","2026-06-23 retracted","–"
"2021","article","Public Library of Science (PLoS)","PLOS ONE","The impact of different weed management strategies on weed flora of wheat-based cropping systems","10.1371/journal.pone.0247137","22","0","2022-11-16 retracted","–"
"2010","article","Public Library of Science (PLoS)","PLOS ONE","RETRACTED > SETDB1 Is Involved in Postembryonic DNA Methylation and Gene Silencing in Drosophila","10.1371/journal.pone.0010581","21","15","2018-03-20 retracted","Unregistered Submission, Peer 2, Seraya Maouche"
"2024","article","Public Library of Science (PLoS)","PLOS ONE","RETRACTED: Investigating the association between diabetes and carpal tunnel syndrome: A systematic review and meta-analysis approach","10.1371/journal.pone.0299442","21","12","2025-12-17 retracted","Hoya Camphorifolia"
"2014","article","Public Library of Science (PLoS)","PLOS ONE","Survival Analysis of Adult Tuberculosis Disease","10.1371/journal.pone.0112838","21","8","2018-09-20 retracted","–"
"2022","article","Public Library of Science (PLoS)","PLOS ONE","The impact of agricultural insurance on farmers’ income: Guangdong Province (China) as an example","10.1371/journal.pone.0274047","21","7","2025-07-02 retracted","Hoya Camphorifolia"
"2021","article","Public Library of Science (PLoS)","PLOS ONE","Knowledge, attitude, practice towards COVID-19 pandemic and its prevalence among hospital visitors at Ataye district hospital, Northeast Ethiopia","10.1371/journal.pone.0246154","21","7","2025-08-13 retracted","Hoya Camphorifolia"
"2018","article","Public Library of Science (PLoS)","PLOS ONE","Strychnos pseudoquina modulates the morphological reorganization of the scar tissue of second intention cutaneous wounds in rats","10.1371/journal.pone.0195786","21","5","2025-09-30 retracted","Hoya Camphorifolia, Archasia Belfragei"
"2023","article","Public Library of Science (PLoS)","PLOS ONE","Exploration of the intelligent-auxiliary design of architectural space using artificial intelligence model","10.1371/journal.pone.0282158","21","4","2025-04-23 retracted","Hoya Camphorifolia, M Ángeles Oviedo-García"
"2012","article","Public Library of Science (PLoS)","PLOS ONE","Mycobacterium indicus pranii (Mw) Re-Establishes Host Protective Immune Response in Leishmania donovani Infected Macrophages: Critical Role of IL-12","10.1371/journal.pone.0040265","21","3","2025-11-05 retracted","Hoya Camphorifolia, Curvularia Ellisii"
"2018","article","Public Library of Science (PLoS)","PLOS Neglected Tropical Diseases","RETRACTED > Morphophysiological changes in the splenic extracellular matrix of Leishmania infantum-naturally infected dogs is associated with alterations in lymphoid niches and the CD4+ T cell frequency in spleens","10.1371/journal.pntd.0006445","21","3","2022-02-16 retracted","Elisabeth M Bik, Chostonectes Maai"
"2014","article","Public Library of Science (PLoS)","PLOS ONE","RETRACTED > The Rational Design of Specific Peptide Inhibitor against p38α MAPK at Allosteric-Site: A Therapeutic Modality for HNSCC","10.1371/journal.pone.0101525","21","2","2023-12-08 retracted","Peer 1, Hoya Camphorifolia"
"2020","article","Public Library of Science (PLoS)","PLOS Pathogens","p53 promotes ZDHHC1-mediated IFITM3 palmitoylation to inhibit Japanese encephalitis virus replication","10.1371/journal.ppat.1009035","21","2","2024-11-08 retracted","Indigofera Tanganyikensis"
"2024","article","Public Library of Science (PLoS)","PLOS ONE","Does green investment affect environment pollution: Evidence from asymmetric ARDL approach?","10.1371/journal.pone.0292260","21","2","2025-05-07 retracted","Guillaume Cabanac, M Ángeles Oviedo-García"
"2022","article","Public Library of Science (PLoS)","PLOS ONE","RETRACTED > Ethnobotanical study of Mandi Ahmad Abad, District Okara, Pakistan","10.1371/journal.pone.0265125","21","2","2023-04-19 retracted","Gerris Caucasicus"
"2011","article","Public Library of Science (PLoS)","PLOS ONE","Regulation of DNA Repair Mechanism in Human Glioma Xenograft Cells both In Vitro and In Vivo in Nude Mice","10.1371/journal.pone.0026191","21","2","2025-07-15 retracted","Elisabeth M Bik"
"2013","article","Public Library of Science (PLoS)","PLOS ONE","RETRACTED > Lactobacillus gasseri SF1183 Affects Intestinal Epithelial Cell Survival and Growth","10.1371/journal.pone.0069102","21","1","2020-03-17 retracted","Unregistered Submission, Peer 1, Gastrimargus Africanus"
"2018","article","Public Library of Science (PLoS)","PLOS ONE","Regulating BMI1 expression via miRNAs promote Mesenchymal to Epithelial Transition (MET) and sensitizes breast cancer cell to chemotherapeutic drug","10.1371/journal.pone.0190245","21","1","2026-01-21 retracted","Reese Richardson, Manika Pal Bhadra"
"2016","article","Public Library of Science (PLoS)","PLOS ONE","RETRACTED > SRCIN1 Suppressed Osteosarcoma Cell Proliferation and Invasion","10.1371/journal.pone.0155518","21","1","2023-03-29 retracted","Hoya Camphorifolia"
"2014","article","Public Library of Science (PLoS)","PLOS ONE","Identification of Nitric Oxide as an Endogenous Inhibitor of 26S Proteasomes in Vascular Endothelial Cells","10.1371/journal.pone.0098486","21","1","2026-02-17 retracted","Actinopolyspora Biskrensis"
"2021","article","Public Library of Science (PLoS)","PLOS ONE","RETRACTED > Influence of data mining technology in information analysis of human resource management on macroscopic economic management","10.1371/journal.pone.0251483","21","0","2023-10-26 retracted","Hoya Camphorifolia, Rhipidura Albiventris"
"2023","article","Public Library of Science (PLoS)","PLOS ONE","Convolutional neural network model by deep learning and teaching robot in keyboard musical instrument teaching","10.1371/journal.pone.0293411","21","0","2026-07-08 retracted","Hoya Camphorifolia"
"2023","article","Public Library of Science (PLoS)","PLOS ONE","A distributed SDN-based intrusion detection system for IoT using optimized forests","10.1371/journal.pone.0290694","21","0","2024-10-14 retracted","Hoya Camphorifolia"
"2014","article","Public Library of Science (PLoS)","PLOS ONE","Comprehensive Logic Based Analyses of Toll-Like Receptor 4 Signal Transduction Pathway","10.1371/journal.pone.0092481","21","0","2026-05-18 retracted","Hoya Camphorifolia"
"2014","article","Public Library of Science (PLoS)","PLOS ONE","RETRACTED > Correlations of Pituitary Tumor Transforming Gene Expression with Human Pituitary Adenomas: A Meta-Analysis","10.1371/journal.pone.0090396","21","0","2022-12-06 retracted","Hoya Camphorifolia"
"2013","article","Public Library of Science (PLoS)","PLOS ONE","RETRACTED > Novel Single Nucleotide Polymorphisms in Interleukin 6 Affect Tacrolimus Metabolism in Liver Transplant Patients","10.1371/journal.pone.0073405","21","0","2019-09-04 retracted","Coleosoma Acutiventer"
"2012","article","Public Library of Science (PLoS)","PLOS ONE","Improvement of Landfill Leachate Biodegradability with Ultrasonic Process","10.1371/journal.pone.0027571","21","0","2014-04-18 retracted","–"
"2022","article","Public Library of Science (PLoS)","PLOS ONE","Impact of nutrient warning labels on choice of ultra-processed food and drinks high in sugar, sodium, and saturated fat in Colombia: A randomized controlled trial","10.1371/journal.pone.0263324","20","84","2024-06-10 retracted","–"
"2016","article","Public Library of Science (PLoS)","PLOS ONE","RETRACTED > Ramentaceone, a Naphthoquinone Derived from Drosera sp., Induces Apoptosis by Suppressing PI3K/Akt Signaling in Breast Cancer Cells","10.1371/journal.pone.0147718","20","25","2019-12-12 retracted","Elisabeth M Bik, Hoya Camphorifolia, Allothereua Maculata, Kedrostis Capensis"
"2008","article","Public Library of Science (PLoS)","PLOS ONE","RETRACTED > Akt Regulates Drug-Induced Cell Death through Bcl-w Downregulation","10.1371/journal.pone.0004070","20","21","2022-04-20 retracted","Unregistered Submission, Peer 1, Eriobotrya Bengalensis, Bulbophyllum Melleum, Paepalanthus Lamarckii, Cloacina Hydriformis"
"2014","article","Public Library of Science (PLoS)","PLOS ONE","RETRACTED > Calcium Channel Blockers and Risk of Breast Cancer: A Meta-Analysis of 17 Observational Studies","10.1371/journal.pone.0105801","20","19","2018-05-23 retracted","–"
"2024","article","Public Library of Science (PLoS)","PLOS ONE","RETRACTED: Influence of pozzolanic addition on strength and microstructure of metakaolin-based concrete","10.1371/journal.pone.0298761","20","14","2026-04-07 retracted","Elisabeth M Bik"
"2010","article","Public Library of Science (PLoS)","PLOS ONE","RETRACTED > Natural Cross Chlamydial Infection between Livestock and Free-Living Bird Species","10.1371/journal.pone.0013512","20","9","2012-10-08 retracted","Peer 1"
"2024","article","Public Library of Science (PLoS)","PLOS ONE","Camellia sinensis methanolic leaves extract: Phytochemical analysis and anticancer activity against human liver cancer cells","10.1371/journal.pone.0309795","20","5","2025-06-10 retracted","Hoya Camphorifolia, Sholto David, Demiana H. Hanna"
"2023","article","Public Library of Science (PLoS)","PLOS ONE","Bioassays guided isolation of berberine from Berberis lycium and its neuroprotective role in aluminium chloride induced rat model of Alzheimer’s disease combined with insilico molecular docking","10.1371/journal.pone.0286349","20","5","2026-05-14 retracted","Hoya Camphorifolia, Dysdera Arabisenen"
"2025","article","Public Library of Science (PLoS)","PLOS ONE","RETRACTED: A deep learning-based ensemble for autism spectrum disorder diagnosis using facial images","10.1371/journal.pone.0321697","20","5","2025-12-26 retracted","Hoya Camphorifolia"
"2008","article","Public Library of Science (PLoS)","PLOS Pathogens","The Bicarbonate Transporter Is Essential for Bacillus anthracis Lethality","10.1371/journal.ppat.1000210","20","5","2010-03-16 retracted","–"
"2013","article","Public Library of Science (PLoS)","PLOS ONE","Association of CYP2A6*4 with Susceptibility of Lung Cancer: A Meta-Analysis","10.1371/journal.pone.0059556","20","5","2016-07-26 retracted","–"
"2022","article","Public Library of Science (PLoS)","PLOS ONE","RETRACTED > Bee venom-loaded EGFR-targeting peptide-coupled chitosan nanoparticles for effective therapy of hepatocellular carcinoma by inhibiting EGFR-mediated MEK/ERK pathway","10.1371/journal.pone.0272776","20","3","2023-06-23 retracted","Hoya Camphorifolia, Dysdera Arabisenen, Illex Illecebrosus"
"2012","article","Public Library of Science (PLoS)","PLOS ONE","Modeling and Experimental Analyses Reveals Signaling Plasticity in a Bi-Modular Assembly of CD40 Receptor Activated Kinases","10.1371/journal.pone.0039898","20","3","2026-04-21 retracted","Hoya Camphorifolia, Cydalima Laticostalis"
"2021","article","Public Library of Science (PLoS)","PLOS ONE","Trust levels within categories of information and communication technology companies","10.1371/journal.pone.0252773","20","3","2025-10-09 retracted","Hoya Camphorifolia"
"2024","article","Public Library of Science (PLoS)","PLOS ONE","Participants’ understanding of informed consent in clinical trials: A systematic review and updated meta-analysis","10.1371/journal.pone.0295784","20","2","2025-06-03 retracted","Hoya Camphorifolia"
"2016","article","Public Library of Science (PLoS)","PLOS ONE","RETRACTED > Transcriptome and Multivariable Data Analysis of Corynebacterium glutamicum under Different Dissolved Oxygen Conditions in Bioreactors","10.1371/journal.pone.0167156","20","1","2018-10-11 retracted","Scleria Tricristata"
"2012","article","Public Library of Science (PLoS)","PLOS ONE","RETRACTED > SPARC Overexpression Inhibits Cell Proliferation in Neuroblastoma and Is Partly Mediated by Tumor Suppressor Protein PTEN and AKT","10.1371/journal.pone.0036093","20","1","2020-01-29 retracted","Puccinia Brachypodii, Lotus Azoricus, Hydrophis Spiralis"
"2020","article","Public Library of Science (PLoS)","PLOS ONE","Tree bark scrape fungus: A potential source of laccase for application in bioremediation of non-textile dyes","10.1371/journal.pone.0229968","20","1","2025-07-16 retracted","Hoya Camphorifolia"
"2014","article","Public Library of Science (PLoS)","PLOS ONE","RETRACTED > Foxm1 Mediates LIF/Stat3-Dependent Self-Renewal in Mouse Embryonic Stem Cells and Is Essential for the Generation of Induced Pluripotent Stem Cells","10.1371/journal.pone.0092304","20","1","2019-07-05 retracted","Elisabeth M Bik, Cirrhilabrus Temminckii"
"2013","article","Public Library of Science (PLoS)","PLOS ONE","Comparative Immunogenicity of HIV-1 gp160, gp140 and gp120 Expressed by Live Attenuated Newcastle Disease Virus Vector","10.1371/journal.pone.0078521","20","1","2020-12-14 retracted","Elisabeth M Bik"
"2013","article","Public Library of Science (PLoS)","PLOS ONE","RETRACTED > HLA-B35 and dsRNA Induce Endothelin-1 via Activation of ATF4 in Human Microvascular Endothelial Cells","10.1371/journal.pone.0056123","20","1","2020-10-22 retracted","Elisabeth M Bik"
"2022","article","Public Library of Science (PLoS)","PLOS ONE","Effect of temperature & humdity on population dynamics of insects’ pest complex of cotton crop","10.1371/journal.pone.0263260","20","1","2022-09-14 retracted","–"
"2013","article","Public Library of Science (PLoS)","PLOS ONE","Symptom Experienced Three Years after Liver Transplantation under Immunosuppression in Adults","10.1371/journal.pone.0080584","20","0","2019-08-01 retracted","Stenodactylus Stenurus"
"2014","article","Public Library of Science (PLoS)","PLOS ONE","[Pt(O,O’-acac)(γ-acac)(DMS)] Alters SH-SY5Y Cell Migration and Invasion by the Inhibition of Na+/H+ Exchanger Isoform 1 Occurring through a PKC-ε/ERK/mTOR Pathway","10.1371/journal.pone.0112186","20","0","2026-07-20 retracted","Leonid Schneider, Hoya Camphorifolia, Discophora Timora"
"2016","article","Public Library of Science (PLoS)","PLOS ONE","Caffeine Positively Modulates Ferritin Heavy Chain Expression in H460 Cells: Effects on Cell Proliferation","10.1371/journal.pone.0163078","20","0","2026-04-02 retracted","Hoya Camphorifolia, Triphora Uniflora"
"2025","article","Public Library of Science (PLoS)","PLOS ONE","RETRACTED: Skin cancer segmentation and classification by implementing a hybrid FrCN-(U-NeT) technique with machine learning","10.1371/journal.pone.0322659","20","0","2026-02-05 retracted","Hoya Camphorifolia"
"2021","article","Public Library of Science (PLoS)","PLOS ONE","Firm information disclosure environment and R&D investment: Evidence from Internet penetration","10.1371/journal.pone.0247549","20","0","2025-10-09 retracted","Hoya Camphorifolia"
"2021","article","Public Library of Science (PLoS)","PLOS ONE","The impact of economic and political reforms on environmental performance in developing countries","10.1371/journal.pone.0257631","20","0","2024-11-11 retracted","Hoya Camphorifolia"
"2021","article","Public Library of Science (PLoS)","PLOS ONE","Chemical characteristics of groundwater and source identification in a coastal city","10.1371/journal.pone.0256360","20","0","2025-03-05 retracted","Hoya Camphorifolia"
"2021","article","Public Library of Science (PLoS)","PLOS ONE","RETRACTED > Effect of carbon-enriched digestate on the microbial soil activity","10.1371/journal.pone.0252262","20","0","2022-09-14 retracted","Gerris Caucasicus"
"2013","article","Public Library of Science (PLoS)","PLOS ONE","Interferon and Ribavirin Combination Treatment Synergistically Inhibit HCV Internal Ribosome Entry Site Mediated Translation at the Level of Polyribosome Formation","10.1371/journal.pone.0072791","19","25","2024-08-05 retracted","Elisabeth M Bik, Hoya Camphorifolia, Actinopolyspora Biskrensis"
"2022","article","Public Library of Science (PLoS)","PLOS Genetics","RETRACTED: Constraints on the evolution of toxin-resistant Na,K-ATPases have limited dependence on sequence divergence","10.1371/journal.pgen.1010323","19","21","2026-06-16 retracted","Campanula Hypopolia, Shabnam Mohammadi"
"2019","article","Public Library of Science (PLoS)","PLOS ONE","RETRACTED > Mouse models of GNAO1-associated movement disorder: Allele- and sex-specific differences in phenotypes","10.1371/journal.pone.0211066","19","16","2021-10-14 retracted","Gallotia Intermedia"
"2016","article","Public Library of Science (PLoS)","PLOS ONE","RETRACTED > Plumbagin Suppresses the Invasion of HER2-Overexpressing Breast Cancer Cells through Inhibition of IKKα-Mediated NF-κB Activation","10.1371/journal.pone.0164064","19","14","2019-01-18 retracted","Elisabeth M Bik, Peer 3, Peer 4, Hoya Camphorifolia, Araniella Proxima"
"2007","article","Public Library of Science (PLoS)","PLOS ONE","RETRACTED > Infectious Offspring: How Birds Acquire and Transmit an Avian Polyomavirus in the Wild","10.1371/journal.pone.0001276","19","9","2013-05-13 retracted","Peer 1"
"2021","article","Public Library of Science (PLoS)","PLOS ONE","RETRACTED > Potential of Landsat 8 OLI for mapping and monitoring of soil salinity in an arid region: A case study in Dushak, Turkmenistan","10.1371/journal.pone.0259695","19","5","2022-08-17 retracted","Myosotis Albiflora"
"2021","article","Public Library of Science (PLoS)","PLOS ONE","RETRACTED > Deployment optimization of multi-stage investment portfolio service and hybrid intelligent algorithm under edge computing","10.1371/journal.pone.0252244","19","5","2023-11-21 retracted","Hoya Camphorifolia, Rhipidura Albiventris"
"2021","article","Public Library of Science (PLoS)","PLOS ONE","Intraperitoneal injection of PDTC on the NF-kB signaling pathway and osteogenesis indexes of young adult rats with anterior palatal suture expansion model","10.1371/journal.pone.0243108","19","5","2025-04-23 retracted","Hoya Camphorifolia, Rhipidura Albiventris"
"2022","article","Public Library of Science (PLoS)","PLOS ONE","Economic affordability of food as a component of the economic security of Ukraine","10.1371/journal.pone.0263358","19","5","2024-11-20 retracted","Hoya Camphorifolia, Alexander Magazinov"
"2017","article","Public Library of Science (PLoS)","PLOS ONE","RETRACTED > Overexpression of Rad51 Predicts Poor Prognosis in Colorectal Cancer: Our Experience with 54 Patients","10.1371/journal.pone.0167868","19","4","2018-11-01 retracted","Hoya Camphorifolia, Vittatus Fencha, Gyalolechia Flavovirescens, Helichrysum Abbayesii"
"2013","article","Public Library of Science (PLoS)","PLOS ONE","RETRACTED > Identification of a Novel Jasmonate-Responsive Element in the AtJMT Promoter and Its Binding Protein for AtJMT Repression","10.1371/journal.pone.0055482","19","4","2020-11-03 retracted","Hoya Camphorifolia, Anemone Sellowii, Lactobacillus Dextrinicus"
"2011","article","Public Library of Science (PLoS)","PLOS ONE","NAD(P)H: Quinone Oxidoreductase 1 Deficiency Conjoint with Marginal Vitamin C Deficiency Causes Cigarette Smoke Induced Myelodysplastic Syndromes","10.1371/journal.pone.0020590","19","4","2026-01-06 retracted","Deverra Burchellii, Haloferula Chungangensis"
"2015","article","Public Library of Science (PLoS)","PLOS ONE","Foot Loading Characteristics of Chinese Bound Feet Women: A Comparative Analysis","10.1371/journal.pone.0121695","19","2","2025-10-13 retracted","Hoya Camphorifolia"
"2013","article","Public Library of Science (PLoS)","PLOS ONE","RETRACTED > Overexpression of Peanut Diacylglycerol Acyltransferase 2 in Escherichia coli","10.1371/journal.pone.0061363","19","2","2021-06-04 retracted","Elisabeth M Bik, Peer 1"
"2014","article","Public Library of Science (PLoS)","PLOS ONE","RETRACTED > The Role of the Carbohydrate Recognition Domain of Placental Protein 13 (PP13) in Pregnancy Evaluated with Recombinant PP13 and the DelT221 PP13 Variant","10.1371/journal.pone.0102832","19","1","2019-07-25 retracted","Peer 1, Unregistered Submission, Vibrio Salilacus"
"2022","article","Public Library of Science (PLoS)","PLOS ONE","The biofilm formation and antibiotic resistance of bacterial profile from endotracheal tube of patients admitted to intensive care unit in southwest of Iran","10.1371/journal.pone.0277329","19","1","2025-03-12 retracted","Hoya Camphorifolia"
"2023","article","Public Library of Science (PLoS)","PLOS ONE","Factors affecting the green investment and assessing sustainable performance of firms in China","10.1371/journal.pone.0296099","19","1","2024-11-11 retracted","Hoya Camphorifolia"
"2020","article","Public Library of Science (PLoS)","PLOS ONE","Community’s perceived high risk of coronavirus infections during early phase of epidemics are significantly influenced by socio-demographic background, in Gondar City, Northwest Ethiopia: A cross-sectional -study","10.1371/journal.pone.0242654","19","1","2026-04-16 retracted","Hoya Camphorifolia"
"2017","article","Public Library of Science (PLoS)","PLOS ONE","RETRACTED > Transplantation of HGF gene-engineered skeletal myoblasts improve infarction recovery in a rat myocardial ischemia model","10.1371/journal.pone.0175807","19","1","2023-11-08 retracted","Elisabeth M Bik, Indigofera Tanganyikensis, Hoya Camphorifolia"
"2023","article","Public Library of Science (PLoS)","PLOS ONE","The angiotensin receptor neprilysin inhibitor LCZ696 attenuates renal fibrosis via ASK1/JNK/p38 MAPK-mediated apoptosis in unilateral ureteral obstruction","10.1371/journal.pone.0286903","19","0","2026-01-07 retracted","Indigofera Tanganyikensis"
"2020","article","Public Library of Science (PLoS)","PLOS ONE","Multi-sensor information fusion detection system for fire robot through back propagation neural network","10.1371/journal.pone.0236482","19","0","2025-03-05 retracted","Hoya Camphorifolia"
"2021","article","Public Library of Science (PLoS)","PLOS ONE","RETRACTED > Plant growth promoting rhizobacteria improve growth and yield related attributes of chili under low nitrogen availability","10.1371/journal.pone.0261468","19","0","2022-10-21 retracted","Gerris Caucasicus"
"2013","article","Public Library of Science (PLoS)","PLOS ONE","Combination of mTOR and EGFR Kinase Inhibitors Blocks mTORC1 and mTORC2 Kinase Activity and Suppresses the Progression of Colorectal Carcinoma","10.1371/journal.pone.0073175","19","0","2025-08-26 retracted","Elisabeth M Bik, Hoya Camphorifolia"
"2014","article","Public Library of Science (PLoS)","PLOS ONE","Synergistic Antitumor Activities of Docetaxel and Octreotide Associated with Apoptotic-Upregulation in Castration-Resistant Prostate Cancer","10.1371/journal.pone.0091817","19","0","2025-11-05 retracted","Elisabeth M Bik, Hoya Camphorifolia"
"2011","article","Public Library of Science (PLoS)","PLOS ONE","RETRACTED > Experimental Infection of Mice with Avian Paramyxovirus Serotypes 1 to 9","10.1371/journal.pone.0016776","19","0","2020-12-14 retracted","Elisabeth M Bik"
"2014","article","Public Library of Science (PLoS)","PLOS ONE","JNK Contributes to the Tumorigenic Potential of Human Cholangiocarcinoma Cells through the mTOR Pathway Regulated GRP78 Induction","10.1371/journal.pone.0090388","19","0","2024-09-18 retracted","Elisabeth M Bik"
"2011","article","Public Library of Science (PLoS)","PLOS ONE","Transgenic Biofortification of the Starchy Staple Cassava (Manihot esculenta) Generates a Novel Sink for Protein","10.1371/journal.pone.0016256","18","40","2012-09-07 retracted","–"
"2020","article","Public Library of Science (PLoS)","PLOS ONE","Lung ultrasound score in establishing the timing of intubation in COVID-19 interstitial pneumonia: A preliminary retrospective observational study","10.1371/journal.pone.0238679","18","20","2020-12-31 retracted","John A Loadsman"
"2012","article","Public Library of Science (PLoS)","PLOS ONE","Iron Supplementation Decreases Severity of Allergic Inflammation in Murine Lung","10.1371/journal.pone.0045667","18","10","2016-05-09 retracted","–"
"2013","article","Public Library of Science (PLoS)","PLOS ONE","RETRACTED > Indole-3-Carbinol Inhibits Nasopharyngeal Carcinoma Growth through Cell Cycle ArrestIn Vivo and In Vitro","10.1371/journal.pone.0082288","18","5","2022-10-04 retracted","Elisabeth M Bik"
"2016","article","Public Library of Science (PLoS)","PLOS ONE","RETRACTED > Prenatal Cocaine Exposure Upregulates BDNF-TrkB Signaling","10.1371/journal.pone.0160585","18","2","2022-03-30 retracted","Tagiades Menaka, Tetramorium Humbloti"
"2024","article","Public Library of Science (PLoS)","PLOS ONE","Curcumin alleviates osteoarthritis in mice by suppressing osteoclastogenesis in subchondral bone via inhibiting NF-κB/JNK signaling pathway","10.1371/journal.pone.0309807","18","1","2026-01-08 retracted","Hoya Camphorifolia, Syngrapha Parilis"
"2014","article","Public Library of Science (PLoS)","PLOS ONE","RETRACTED > Proteomics Approaches for Identification of Tumor Relevant Protein Targets in Pulmonary Squamous Cell Carcinoma by 2D-DIGE-MS","10.1371/journal.pone.0095121","18","1","2023-04-24 retracted","Hoya Camphorifolia, Hamamelis Mexicana"
"2016","article","Public Library of Science (PLoS)","PLOS ONE","RETRACTED > BRD7 Acts as a Tumor Suppressor Gene in Lung Adenocarcinoma","10.1371/journal.pone.0156701","18","1","2023-03-29 retracted","Hoya Camphorifolia"
"2014","article","Public Library of Science (PLoS)","PLOS ONE","RETRACTED > De novo Cancers Following Liver Transplantation: A Single Center Experience in China","10.1371/journal.pone.0085651","18","1","2019-07-23 retracted","Hibbertia Pedunculata"
"2014","article","Public Library of Science (PLoS)","PLOS ONE","RETRACTED > Glioma-Derived ADAM10 Induces Regulatory B Cells to Suppress CD8+ T Cells","10.1371/journal.pone.0105350","18","1","2021-03-19 retracted","Elisabeth M Bik, Actinopolyspora Biskrensis, Ying Guo, Trichosea Ludifica"
"2018","article","Public Library of Science (PLoS)","PLOS ONE","MtDNA genetic diversity and structure of Eurasian Collared Dove (Streptopelia decaocto)","10.1371/journal.pone.0193935","18","1","2022-08-22 retracted","–"
"2021","article","Public Library of Science (PLoS)","PLOS ONE","RETRACTED > Queen cells acceptance rate and royal jelly production in worker honey bees of two Apis mellifera races","10.1371/journal.pone.0248593","18","0","2022-11-16 retracted","Paralabrax Clathratus, Desmococcus Antarctica"
"2022","article","Public Library of Science (PLoS)","PLOS ONE","RETRACTED > Internet-based supply chain financing-oriented risk assessment using BP neural network and SVM","10.1371/journal.pone.0262222","18","0","2023-09-06 retracted","Hoya Camphorifolia, Rhipidura Albiventris, Guillaume Cabanac"
"2022","article","Public Library of Science (PLoS)","PLOS ONE","RETRACTED > Antimicrobial activities of different solvent extracts from stem and seeds of Peganum Harmala L","10.1371/journal.pone.0265206","18","0","2022-08-31 retracted","Hoya Camphorifolia, Desmococcus Antarctica"
"2022","article","Public Library of Science (PLoS)","PLOS ONE","The impact of trade and financial expansion on volatility of real exchange rate","10.1371/journal.pone.0262230","18","0","2025-03-13 retracted","Hoya Camphorifolia"
"2021","article","Public Library of Science (PLoS)","PLOS ONE","RETRACTED > Integrative bioinformatics approaches to map key biological markers and therapeutic drugs in Extramammary Paget’s disease of the scrotum","10.1371/journal.pone.0254678","18","0","2022-08-31 retracted","Hoya Camphorifolia"
"2021","article","Public Library of Science (PLoS)","PLOS ONE","RETRACTED > Effect of potassium fertilizer on the growth, physiological parameters, and water status of Brassica juncea cultivars under different irrigation regimes","10.1371/journal.pone.0257023","18","0","2023-11-16 retracted","Hoya Camphorifolia"
"2025","article","Public Library of Science (PLoS)","PLOS ONE","RETRACTED: Synergistic development of intangible cultural heritage and tourism industry: Empirical experiences from Jilin, China","10.1371/journal.pone.0313421","18","0","2026-02-23 retracted","Hoya Camphorifolia"
"2024","article","Public Library of Science (PLoS)","PLOS ONE","RETRACTED: Socioeconomic shocks, social protection and household food security amidst COVID-19 pandemic in Africa’s largest economy","10.1371/journal.pone.0293563","18","0","2025-10-23 retracted","Hoya Camphorifolia"
"2023","article","Public Library of Science (PLoS)","PLOS ONE","Ensemble learning for multi-class COVID-19 detection from big data","10.1371/journal.pone.0292587","18","0","2025-04-07 retracted","Gerris Pingreensis"
"2021","article","Public Library of Science (PLoS)","PLOS ONE","RETRACTED > The impact of different plant extracts on population suppression of Helicoverpa armigera (Hub.) and tomato (Lycopersicon esculentum Mill) yield under field conditions","10.1371/journal.pone.0260470","18","0","2022-08-17 retracted","Gerris Caucasicus"
"2021","article","Public Library of Science (PLoS)","PLOS ONE","RETRACTED > Evaluation of crude oil biodegradation using mixed fungal cultures","10.1371/journal.pone.0256376","18","0","2023-06-14 retracted","Gerris Caucasicus"
"2021","article","Public Library of Science (PLoS)","PLOS ONE","RETRACTED > Soil organic carbon and labile and recalcitrant carbon fractions attributed by contrasting tillage and cropping systems in old and recent alluvial soils of subtropical eastern India","10.1371/journal.pone.0259645","18","0","2022-08-17 retracted","Gerris Caucasicus"
"2014","article","Public Library of Science (PLoS)","PLOS ONE","RETRACTED > Chaperonin CCT-Mediated AIB1 Folding Promotes the Growth of ERα-Positive Breast Cancer Cells on Hard Substrates","10.1371/journal.pone.0096085","18","0","2018-08-15 retracted","Elisabeth M Bik, Petrocephalus Mbossou"
"2020","article","Public Library of Science (PLoS)","PLOS ONE","Pest susceptibility, yield and fiber traits of transgenic cotton cultivars in Multan, Pakistan","10.1371/journal.pone.0236340","18","0","2022-11-16 retracted","–"
"2014","article","Public Library of Science (PLoS)","PLOS ONE","RETRACTED > Analysis of the Prevalence, Secretion and Function of a Cell Cycle-Inhibiting Factor in the Melioidosis Pathogen Burkholderia pseudomallei","10.1371/journal.pone.0096298","17","19","2023-03-29 retracted","Elisabeth M Bik, Hoya Camphorifolia"
"2017","article","Public Library of Science (PLoS)","PLOS ONE","RETRACTED > Mesons from Laser-Induced Processes in Ultra-Dense Hydrogen H(0)","10.1371/journal.pone.0169895","17","15","2019-02-22 retracted","Primula Tschuktschorum"
"2022","article","Public Library of Science (PLoS)","PLOS ONE","RETRACTED > Recent global warming as a proximate cause of deforestation and forest degradation in northern Pakistan","10.1371/journal.pone.0260607","17","13","2022-09-14 retracted","Desmococcus Antarctica"
"2014","article","Public Library of Science (PLoS)","PLOS ONE","RETRACTED > Functional Characterization of Two Structurally Novel Diacylglycerol Acyltransferase2 Isozymes Responsible for the Enhanced Production of Stearate-Rich Storage Lipid in Candida tropicalis SY005","10.1371/journal.pone.0094472","17","6","2017-10-23 retracted","Elisabeth M Bik, Peer 1, Unregistered Submission, Peer 3, Peer 4, Peer 5, Prabuddha  Dey, Mecistophylla Amechanica"
"2022","article","Public Library of Science (PLoS)","PLOS ONE","RETRACTED > Foliar application of potassium and moringa leaf extract improves growth, physiology and productivity of kabuli chickpea grown under varying sowing regimes","10.1371/journal.pone.0263323","17","5","2022-08-31 retracted","Hoya Camphorifolia, Desmococcus Antarctica"
"2021","article","Public Library of Science (PLoS)","PLOS ONE","RETRACTED: The impact of factors on information sharing: An application of meta-analysis","10.1371/journal.pone.0260653","17","5","2025-10-09 retracted","Hoya Camphorifolia"
"2020","article","Public Library of Science (PLoS)","PLOS ONE","RETRACTED > The influence of environmental factors on seed germination of Xanthium strumarium L.: Implications for management","10.1371/journal.pone.0241601","17","5","2023-04-19 retracted","Gerris Caucasicus"
"2022","article","Public Library of Science (PLoS)","PLOS ONE","Comprehensive computational analysis reveals H5N1 influenza virus-encoded miRNAs and host-specific targets associated with antiviral immune responses and protein binding","10.1371/journal.pone.0263901","17","2","2025-05-23 retracted","Hoya Camphorifolia"
"2021","article","Public Library of Science (PLoS)","PLOS ONE","RETRACTED > Characterization of Vascular plant One-Zinc finger (VOZ) in soybean (Glycine max and Glycine soja) and their expression analyses under drought condition","10.1371/journal.pone.0253836","17","2","2023-04-19 retracted","Gerris Caucasicus, Desmococcus Antarctica"
"2019","article","Public Library of Science (PLoS)","PLOS ONE","RETRACTED > Angry, old, male – and trustworthy? How expressive and person voice characteristics shape listener trust","10.1371/journal.pone.0210555","17","1","2020-02-13 retracted","Pedois Rhodomita"
"2023","article","Public Library of Science (PLoS)","PLOS ONE","RETRACTED: A study of the economic growth effects of market integration: An examination of 27 cities in the Yangtze River Delta city cluster","10.1371/journal.pone.0287970","17","1","2026-05-28 retracted","Hoya Camphorifolia, M Ángeles Oviedo-García"
"2022","article","Public Library of Science (PLoS)","PLOS ONE","RETRACTED > Biosurfactant producing multifarious Streptomyces puniceus RHPR9 of Coscinium fenestratum rhizosphere promotes plant growth in chilli","10.1371/journal.pone.0264975","17","1","2022-08-31 retracted","Hoya Camphorifolia, Desmococcus Antarctica"
"2024","article","Public Library of Science (PLoS)","PLOS ONE","Automated brain tumor diagnostics: Empowering neuro-oncology with deep learning-based MRI image analysis","10.1371/journal.pone.0306493","17","1","2026-07-16 retracted","Hoya Camphorifolia"
"2012","article","Public Library of Science (PLoS)","PLOS ONE","RETRACTED > Cord Blood Stem Cells Inhibit Epidermal Growth Factor Receptor Translocation to Mitochondria in Glioblastoma","10.1371/journal.pone.0031884","17","1","2025-07-11 retracted","Hoya Camphorifolia"
"2016","article","Public Library of Science (PLoS)","PLOS ONE","Effects of UCP4 on the Proliferation and Apoptosis of Chondrocytes: Its Possible Involvement and Regulation in Osteoarthritis","10.1371/journal.pone.0150684","17","1","2025-05-07 retracted","Hoya Camphorifolia"
"2013","article","Public Library of Science (PLoS)","PLOS ONE","RETRACTED > Epithelial-Mesenchymal Transition Markers and HER3 Expression Are Predictors of Elisidepsin Treatment Response in Breast and Pancreatic Cancer Cell Lines","10.1371/journal.pone.0053645","17","1","2024-02-05 retracted","Elisabeth M Bik, Hoya Camphorifolia"
"2013","article","Public Library of Science (PLoS)","PLOS ONE","The ING4 Binding with p53 and Induced p53 Acetylation were Attenuated by Human Papillomavirus 16 E6","10.1371/journal.pone.0071453","17","1","2025-09-03 retracted","Elisabeth M Bik, Hoya Camphorifolia"
"2017","article","Public Library of Science (PLoS)","PLOS ONE","RETRACTED > Adaptive double threshold energy detection based on Markov model for cognitive radio","10.1371/journal.pone.0177625","17","0","2019-09-20 retracted","Selaginella Braunii"
"2023","article","Public Library of Science (PLoS)","PLOS ONE","Digital inclusive finance, agricultural green technology innovation and agricultural carbon emissions: Impact mechanism and empirical test","10.1371/journal.pone.0288072","17","0","2025-05-27 retracted","Hoya Camphorifolia, Rhipidura Albiventris"
"2016","article","Public Library of Science (PLoS)","PLOS ONE","RETRACTED > Antioxidant Properties and Gastroprotective Effects of 2-(Ethylthio)Benzohydrazones on Ethanol-Induced Acute Gastric Mucosal Lesions in Rats","10.1371/journal.pone.0156022","17","0","2023-11-10 retracted","Hoya Camphorifolia, Mycosphaerella Arachidis, Illex Illecebrosus"
"2024","article","Public Library of Science (PLoS)","PLOS ONE","The influence of environmental diplomacy, economic determinants and renewable energy consumption on environmental degradation: Empirical evidence of G20 countries","10.1371/journal.pone.0300921","17","0","2025-09-04 retracted","Hoya Camphorifolia"
"2023","article","Public Library of Science (PLoS)","PLOS ONE","Regional unevenness in the construction of digital villages: A case study of China","10.1371/journal.pone.0287672","17","0","2025-08-25 retracted","Hoya Camphorifolia"
"2011","article","Public Library of Science (PLoS)","PLOS ONE","RETRACTED > Inhibition of Reactive Gliosis Prevents Neovascular Growth in the Mouse Model of Oxygen-Induced Retinopathy","10.1371/journal.pone.0022244","17","0","2019-12-19 retracted","Elisabeth M Bik, Lacerta Viridis"
"2022","article","Public Library of Science (PLoS)","PLOS ONE","RETRACTED > Role of biochar and compost in cadmium immobilization and on the growth of Spinacia oleracea","10.1371/journal.pone.0263289","17","0","2022-08-17 retracted","Desmococcus Antarctica"
"2021","article","Public Library of Science (PLoS)","PLOS ONE","The impact of Fosetyl-Aluminium application timing on Karnal bunt suppression and economic returns of bread wheat (Triticum aestivum L.)","10.1371/journal.pone.0244931","17","0","2022-10-21 retracted","–"
"2020","article","Public Library of Science (PLoS)","PLOS ONE","A study on interannual change features of soil salinity of cotton field with drip irrigation under mulch in Southern Xinjiang","10.1371/journal.pone.0244404","16","52","2025-03-18 retracted","Hoya Camphorifolia, Rhipidura Albiventris"
"2015","article","Public Library of Science (PLoS)","PLOS ONE","Glyphosate Use Predicts ADHD Hospital Discharges in the Healthcare Cost and Utilization Project Net (HCUPnet): A Two-Way Fixed-Effects Analysis","10.1371/journal.pone.0133525","16","25","2015-08-21 retracted","–"
"2023","article","Public Library of Science (PLoS)","PLOS ONE","The relationship between political instability and stock market performance: An analysis of the MSCI index in the case of Pakistan","10.1371/journal.pone.0292284","16","18","2025-12-01 retracted","M Ángeles Oviedo-García"
"2013","article","Public Library of Science (PLoS)","PLOS ONE","RETRACTED > Mutations in the Fusion Protein Cleavage Site of Avian Paramyxovirus Serotype 4 Confer Increased Replication and Syncytium Formation In Vitro but Not Increased Replication and Pathogenicity in Chickens and Ducks","10.1371/journal.pone.0050598","16","15","2020-12-14 retracted","Elisabeth M Bik"
"2014","article","Public Library of Science (PLoS)","PLOS ONE","RETRACTED > The Functional Influences of Common ABCB1 Genetic Variants on the Inhibition of P-glycoprotein by Antrodia cinnamomea Extracts","10.1371/journal.pone.0089622","16","9","2022-12-13 retracted","Elisabeth M Bik, Hoya Camphorifolia, Ming-Jyh Sheu"
"2020","article","Public Library of Science (PLoS)","PLOS ONE","RETRACTED > Ipriflavone and Ipriflavone loaded albumin nanoparticles reverse lipopolysaccharide induced neuroinflammation in rats","10.1371/journal.pone.0237929","16","8","2023-11-02 retracted","Hoya Camphorifolia, Dysdera Arabisenen, René Aquarius, Eucereon Centrale"
"2022","article","Public Library of Science (PLoS)","PLOS ONE","RETRACTED > Toxic and repellent impacts of botanical oils against Callosobruchus maculatus (Bruchidae: Coleoptera) in stored cowpea [Vigna unguiculata (L.) Walp.]","10.1371/journal.pone.0267987","16","5","2022-08-31 retracted","Hoya Camphorifolia"
"2021","article","Public Library of Science (PLoS)","PLOS ONE","RETRACTED > Morpho-physiological and biochemical attributes of Chili (Capsicum annum L.) genotypes grown under varying salinity levels","10.1371/journal.pone.0257893","16","5","2022-08-17 retracted","Gerris Caucasicus"
"2016","article","Public Library of Science (PLoS)","PLOS ONE","RETRACTED > Investigating Pollen and Gene Flow of WYMV-Resistant Transgenic Wheat N12-1 Using a Dwarf Male-Sterile Line as the Pollen Receptor","10.1371/journal.pone.0151373","16","4","2022-03-09 retracted","Unregistered Submission, Hoya Camphorifolia, Actinopolyspora Biskrensis"
"2018","article","Public Library of Science (PLoS)","PLOS ONE","RETRACTED > Enhancing radiosensitivity of melanoma cells through very high dose rate pulses released by a plasma focus device","10.1371/journal.pone.0199312","16","4","2023-11-14 retracted","Hoya Camphorifolia, Actinopolyspora Biskrensis, Cosmarium Prominulum"
"2013","article","Public Library of Science (PLoS)","PLOS ONE","RETRACTED > Epigenetic Regulation of Cardiac Progenitor Cells Marker c-kit by Stromal Cell Derived Factor-1α","10.1371/journal.pone.0069134","16","3","2021-02-12 retracted","Elisabeth M Bik"
"2013","article","Public Library of Science (PLoS)","PLOS ONE","Up-Regulation of Intestinal Epithelial Cell Derived IL-7 Expression by Keratinocyte Growth Factor through STAT1/IRF-1, IRF-2 Pathway","10.1371/journal.pone.0058647","16","1","2024-06-18 retracted","Elisabeth M Bik, Hoya Camphorifolia, Dicranella Flaccidula"
"2013","article","Public Library of Science (PLoS)","PLOS ONE","RETRACTED > TGF-β1 Regulation of Estrogen Production in Mature Rat Leydig Cells","10.1371/journal.pone.0060197","16","1","2024-02-07 retracted","Elisabeth M Bik, Hoya Camphorifolia"
"2014","article","Public Library of Science (PLoS)","PLOS ONE","RETRACTED > Macrophages Mediate a Switch between Canonical and Non-Canonical Wnt Pathways in Canine Mammary Tumors","10.1371/journal.pone.0083995","16","1","2019-01-10 retracted","Elisabeth M Bik, Amylax Triacantha"
"2017","article","Public Library of Science (PLoS)","PLOS ONE","RETRACTED > Assessment of photocatalytic potentiality and determination of ecotoxicity (using plant model for better environmental applicability) of synthesized copper, copper oxide and copper-doped zinc oxide nanoparticles","10.1371/journal.pone.0182823","16","1","2019-04-16 retracted","Ainsliaea Foliosa"
"2022","article","Public Library of Science (PLoS)","PLOS ONE","Ethnobotanical inventory and medicinal perspectives of herbal flora of Shiwalik mountainous range of District Bhimber, Azad Jammu and Kashmir, Pakistan","10.1371/journal.pone.0265028","16","1","2023-06-14 retracted","–"
"2021","article","Public Library of Science (PLoS)","PLOS ONE","Conservation tillage improves productivity of sunflower (Helianthus annuus L.) under reduced irrigation on sandy loam soil","10.1371/journal.pone.0260673","16","1","2022-08-17 retracted","–"
"2022","article","Public Library of Science (PLoS)","PLOS ONE","Maize productivity and soil nutrients variations by the application of vermicompost and biochar","10.1371/journal.pone.0267483","16","1","2022-09-14 retracted","–"
"2013","article","Public Library of Science (PLoS)","PLOS ONE","Kallikrein Gene-Modified EPCs Induce Angiogenesis in Rats with Ischemic Hindlimb and Correlate with Integrin αvβ3 Expression","10.1371/journal.pone.0073035","16","0","2026-07-13 retracted","Hoya Camphorifolia, Sholto David"
"2020","article","Public Library of Science (PLoS)","PLOS ONE","Simulation and prediction of geologic hazards and the impacts on homestay buildings in scenery spots through BIM","10.1371/journal.pone.0238864","16","0","2025-04-09 retracted","Hoya Camphorifolia, Rhipidura Albiventris"
"2021","article","Public Library of Science (PLoS)","PLOS ONE","RETRACTED > Construction and optimization of inventory management system via cloud-edge collaborative computing in supply chain environment in the Internet of Things era","10.1371/journal.pone.0259284","16","0","2023-09-06 retracted","Hoya Camphorifolia, Rhipidura Albiventris"
"2020","article","Public Library of Science (PLoS)","PLOS ONE","The use of surrounding rock loosening circle theory combined with elastic-plastic mechanics calculation method and depth learning in roadway support","10.1371/journal.pone.0234071","16","0","2024-03-20 retracted","Hoya Camphorifolia, Rhipidura Albiventris"
"2011","article","Public Library of Science (PLoS)","PLOS ONE","RETRACTED > uPAR/Cathepsin B Overexpression Reverse Angiogenesis by Rescuing FAK Phosphorylation in uPAR/Cathepsin B Down Regulated Meningioma","10.1371/journal.pone.0017123","16","0","2020-01-29 retracted","Hoya Camphorifolia, Lotus Azoricus, Hydrophis Spiralis"
"2024","article","Public Library of Science (PLoS)","PLOS ONE","Board characteristics, institutional ownership, and investment efficiency: Evidence from an emerging market","10.1371/journal.pone.0291309","16","0","2025-09-11 retracted","Hoya Camphorifolia"
"2023","article","Public Library of Science (PLoS)","PLOS ONE","Does globalization matter in the relationship between renewable energy consumption and economic growth, evidence from Asian emerging economies","10.1371/journal.pone.0289720","16","0","2024-10-24 retracted","Hoya Camphorifolia"
"2022","article","Public Library of Science (PLoS)","PLOS ONE","Zoledronic acid generates a spatiotemporal effect to attenuate osteoarthritis by inhibiting potential Wnt5a-associated abnormal subchondral bone resorption","10.1371/journal.pone.0271485","16","0","2026-01-08 retracted","Hoya Camphorifolia"
"2020","article","Public Library of Science (PLoS)","PLOS ONE","Mechanistic modeling and numerical simulation of axial flow catalytic reactor for naphtha reforming unit","10.1371/journal.pone.0242343","16","0","2026-06-03 retracted","Hoya Camphorifolia"
"2024","article","Public Library of Science (PLoS)","PLOS ONE","RETRACTED: Evaluating modern intrusion detection methods in the face of Gen V multi-vector attacks with fuzzy AHP-TOPSIS","10.1371/journal.pone.0302559","16","0","2026-06-23 retracted","Hoya Camphorifolia"
"2013","article","Public Library of Science (PLoS)","PLOS ONE","RETRACTED > Gene-Expression Changes in Cerium Chloride-Induced Injury of Mouse Hippocampus","10.1371/journal.pone.0060092","16","0","2024-01-11 retracted","Hoya Camphorifolia"
"2014","article","Public Library of Science (PLoS)","PLOS ONE","RETRACTED > Outer Membrane Protein A (OmpA) of Shigella flexneri 2a Induces TLR2-Mediated Activation of B Cells: Involvement of Protein Tyrosine Kinase, ERK and NF-κB","10.1371/journal.pone.0109107","16","0","2020-01-22 retracted","Formica Subintegra, Manoj K. Chakrabarti"
"2014","article","Public Library of Science (PLoS)","PLOS ONE","RETRACTED > Interaction between Nbp35 and Cfd1 Proteins of Cytosolic Fe-S Cluster Assembly Reveals a Stable Complex Formation in Entamoeba histolytica","10.1371/journal.pone.0108971","16","0","2023-01-30 retracted","Elisabeth M Bik, Vahab Ali"
"2014","article","Public Library of Science (PLoS)","PLOS Neglected Tropical Diseases","HSP70 Domain II of Mycobacterium tuberculosis Modulates Immune Response and Protective Potential of F1 and LcrV Antigens of Yersinia pestis in a Mouse Model","10.1371/journal.pntd.0003322","16","0","2024-08-09 retracted","Actinopolyspora Biskrensis, Encoelia Furfuracea"
"2020","article","Public Library of Science (PLoS)","PLOS ONE","Optimizing planting geometry for barley-Egyptian clover intercropping system in semi-arid sub-tropical climate","10.1371/journal.pone.0233171","16","0","2022-11-16 retracted","–"
"2021","article","Public Library of Science (PLoS)","PLOS ONE","Phenotypic characterization of exotic tomato germplasm: An excellent breeding resource","10.1371/journal.pone.0253557","16","0","2022-09-14 retracted","–"
"2012","article","Public Library of Science (PLoS)","PLOS ONE","RETRACTED > Targeting 3-Phosphoinoside-Dependent Kinase-1 to Inhibit Insulin-Like Growth Factor-I Induced AKT and p70 S6 Kinase Activation in Breast Cancer Cells","10.1371/journal.pone.0048402","15","26","2017-04-10 retracted","Elisabeth M Bik, Peer 1, Unregistered Submission, Peer 3"
"2021","article","Public Library of Science (PLoS)","PLOS ONE","RETRACTED > Does the New Rural Pension Scheme improve residents’ livelihoods? Empirical evidence from Northwestern China","10.1371/journal.pone.0250130","15","17","2025-03-18 retracted","Hoya Camphorifolia, Rhipidura Albiventris"
"2018","article","Public Library of Science (PLoS)","PLOS Neglected Tropical Diseases","RETRACTED > A novel immunotherapy of Brucellosis in cows monitored non invasively through a specific biomarker","10.1371/journal.pntd.0006393","15","16","2022-12-20 retracted","Gerris Caucasicus"
"2022","article","Public Library of Science (PLoS)","PLOS ONE","RETRACTED: Molecular mechanism of inhibitory effects of melatonin on prostate cancer cell proliferation, migration and invasion","10.1371/journal.pone.0261341","15","15","2026-02-12 retracted","Hoya Camphorifolia"
"2022","article","Public Library of Science (PLoS)","PLOS ONE","RETRACTED: Role of globalziation defining the incidence of entrepreneurship","10.1371/journal.pone.0265757","15","14","2026-04-14 retracted","Hoya Camphorifolia"
"2012","article","Public Library of Science (PLoS)","PLOS ONE","RETRACTED > Sialoglycosylation of RBC in Visceral Leishmaniasis Leads to Enhanced Oxidative Stress, Calpain-Induced Fragmentation of Spectrin and Hemolysis","10.1371/journal.pone.0042361","15","13","2019-10-24 retracted","Elisabeth M Bik, Peer 1, Unregistered Submission, Pluchea Kelleri, Acanthometra Fusca, Hoya Camphorifolia, Albuca Rupestris"
"2013","article","Public Library of Science (PLoS)","PLOS ONE","Metabolism of 2-Chloro-4-Nitroaniline via Novel Aerobic Degradation Pathway by Rhodococcus sp. Strain MB-P1","10.1371/journal.pone.0062178","15","13","2014-07-09 retracted","–"
"2014","article","Public Library of Science (PLoS)","PLOS ONE","RETRACTED > Monocrotophos Induces the Expression and Activity of Xenobiotic Metabolizing Enzymes in Pre-Sensitized Cultured Human Brain Cells","10.1371/journal.pone.0091946","15","10","2019-03-15 retracted","Hedeoma Pulegioides, Panicum Dichotomiflorum, Ribes Himalense"
"2014","article","Public Library of Science (PLoS)","PLOS ONE","RETRACTED > Over-Expression of Superoxide Dismutase Ameliorates Cr(VI) Induced Adverse Effects via Modulating Cellular Immune System of Drosophila melanogaster","10.1371/journal.pone.0088181","15","10","2019-11-13 retracted","Deiratonotus Cristatus, Hedeoma Pulegioides, Aulosepalum Tenuiflorum, Zygochlamys Patagonica, Leistarcha Scitissimella, Debapratim Kar Chowdhuri, Fibuloides Japonica, Melitaea Cinxia, Asarum Leucosepalum, Oreocharis Mileensis"
"2021","article","Public Library of Science (PLoS)","PLOS ONE","RETRACTED > Molecular characterization of leaf spot caused by Alternaria alternata on buttonwood (Conocarpus erectus L.) and determination of pathogenicity by a novel disease rating scale","10.1371/journal.pone.0251471","15","9","2022-08-03 retracted","Paralabrax Clathratus"
"2017","article","Public Library of Science (PLoS)","PLOS ONE","Clonogenic, myogenic progenitors expressing MCAM/CD146 are incorporated as adventitial reticular cells in the microvascular compartment of human post-natal skeletal muscle","10.1371/journal.pone.0188844","15","9","2024-05-28 retracted","Hoya Camphorifolia"
"2020","article","Public Library of Science (PLoS)","PLOS ONE","β-glucan administration improves growth performance and gut health in New Zealand White and APRI rabbits with different breed responses","10.1371/journal.pone.0234076","15","8","2024-07-17 retracted","Actinopolyspora Biskrensis, Ali H. El-Far, Illex Illecebrosus"
"2011","article","Public Library of Science (PLoS)","PLOS ONE","Nicotinamide Inhibits Alkylating Agent-Induced Apoptotic Neurodegeneration in the Developing Rat Brain","10.1371/journal.pone.0027093","15","5","2024-03-21 retracted","Elisabeth M Bik, Hoya Camphorifolia, Actinopolyspora Biskrensis, Dysdera Arabisenen, Illex Illecebrosus"
"2017","article","Public Library of Science (PLoS)","PLOS ONE","Beyond Emotional and Spatial Processes: Cognitive Dysfunction in a Depressive Phenotype Produced by Long Photoperiod Exposure","10.1371/journal.pone.0170032","15","3","2025-12-19 retracted","Hoya Camphorifolia"
"2021","article","Public Library of Science (PLoS)","PLOS ONE","Root foraging of birch and larch in heterogeneous soil nutrient patches under water deficit","10.1371/journal.pone.0255848","15","2","2024-02-22 retracted","Hoya Camphorifolia"
"2020","article","Public Library of Science (PLoS)","PLOS ONE","Efficacy of fertilizing method for different potash sources in cotton (Gossypium hirsutum L.) nutrition under arid climatic conditions","10.1371/journal.pone.0228335","15","2","2022-11-16 retracted","–"
"2008","article","Public Library of Science (PLoS)","PLOS ONE","RETRACTED > HPV16 E7-Dependent Transformation Activates NHE1 through a PKA-RhoA-Iinduced Inhibition of p38alpha","10.1371/journal.pone.0003529","15","1","2019-06-10 retracted","Unregistered Submission, Peer 1, Hoya Camphorifolia, Valeriana Verticillata"
"2013","article","Public Library of Science (PLoS)","PLOS ONE","RETRACTED > Hypothalamic Inhibition of Acetyl-CoA Carboxylase Stimulates Hepatic Counter-Regulatory Response Independent of AMPK Activation in Rats","10.1371/journal.pone.0062669","15","1","2023-11-27 retracted","Unregistered Submission, Hoya Camphorifolia, Cortinarius Tristis"
"2014","article","Public Library of Science (PLoS)","PLOS ONE","RETRACTED > Alpha-2-Glycoprotein 1(AZGP1) Regulates Biological Behaviors of LoVo Cells by Down-Regulating mTOR Signaling Pathway and Endogenous Fatty Acid Synthesis","10.1371/journal.pone.0099254","15","1","2019-04-16 retracted","Peer 1, Peer 2, Peer 3, Peer 4, Unregistered Submission, Ainsliaea Foliosa"
"2020","article","Public Library of Science (PLoS)","PLOS ONE","The use of deep learning algorithm and digital media art in all-media intelligent electronic music system","10.1371/journal.pone.0240492","15","1","2025-04-09 retracted","Hoya Camphorifolia, Rhipidura Albiventris"
"2023","article","Public Library of Science (PLoS)","PLOS ONE","Nexus between energy efficiency, green investment, urbanization and environmental quality: Evidence from MENA region","10.1371/journal.pone.0295628","15","1","2025-05-07 retracted","Hoya Camphorifolia, Guillaume Cabanac, M Ángeles Oviedo-García"
"2021","article","Public Library of Science (PLoS)","PLOS ONE","Knowledge and attitude of the communities towards COVID-19 and associated factors among Gondar City residents, northwest Ethiopia: A community based cross-sectional study","10.1371/journal.pone.0248821","15","1","2026-04-16 retracted","Hoya Camphorifolia"
"2021","article","Public Library of Science (PLoS)","PLOS ONE","The comparative effectiveness of 55 interventions in obese patients with polycystic ovary syndrome: A network meta-analysis of 101 randomized trials","10.1371/journal.pone.0254412","15","1","2025-07-09 retracted","Hoya Camphorifolia"
"2022","article","Public Library of Science (PLoS)","PLOS ONE","RETRACTED: Inhibition of RIP1-RIP3-mediated necroptosis attenuates renal fibrosis via Wnt3α/β-catenin/GSK-3β signaling in unilateral ureteral obstruction","10.1371/journal.pone.0274116","15","1","2026-01-07 retracted","Hoya Camphorifolia"
"2022","article","Public Library of Science (PLoS)","PLOS ONE","RETRACTED > The role of trade liberalization in promoting regional integration and sustainability: The case of regional comprehensive economic partnership","10.1371/journal.pone.0277977","15","1","2023-05-23 retracted","Gerris Caucasicus"
"2014","article","Public Library of Science (PLoS)","PLOS ONE","RETRACTED > Histone Deacetylase Inhibitors Sensitize Lung Cancer Cells to Hyperthermia: Involvement of Ku70/SirT-1 in Thermo-Protection","10.1371/journal.pone.0094213","15","1","2020-08-06 retracted","Elisabeth M Bik, Wormaldia Thyria"
"2013","article","Public Library of Science (PLoS)","PLOS ONE","RETRACTED > The Nexus between VEGF and NFκB Orchestrates a Hypoxia-Independent Neovasculogenesis","10.1371/journal.pone.0059021","15","1","2019-12-30 retracted","Elisabeth M Bik, Diplazium Echinatum"
"2015","article","Public Library of Science (PLoS)","PLOS ONE","RETRACTED > Comprehensive Comparison of Three Different Immunosuppressive Regimens for Liver Transplant Patients with Hepatocellular Carcinoma: Steroid-Free Immunosuppression, Induction Immunosuppression and Standard Immunosuppression","10.1371/journal.pone.0120939","15","1","2019-09-10 retracted","Drosophila Tristis"
"2013","article","Public Library of Science (PLoS)","PLOS ONE","RETRACTED > Intraoperative Cryoprecipitate Transfusion and Its Association with the Incidence of Biliary Complications after Liver Transplantation-A Retrospective Cohort Study","10.1371/journal.pone.0060727","15","1","2019-09-06 retracted","Diglyphus Albinervis"
"2011","article","Public Library of Science (PLoS)","PLOS ONE","RETRACTED > Genetic Variations in Plasma Circulating DNA of HBV-Related Hepatocellular Carcinoma Patients Predict Recurrence after Liver Transplantation","10.1371/journal.pone.0026003","15","1","2019-09-04 retracted","Coleosoma Acutiventer"
"2016","article","Public Library of Science (PLoS)","PLOS ONE","Serological and Entomological Study of Dengue in Dang and Chitwan Districts of Nepal","10.1371/journal.pone.0147953","15","1","2022-06-13 retracted","–"
"2019","article","Public Library of Science (PLoS)","PLOS ONE","RETRACTED > Prevalence of stress and its determinants among residents enrolled in China Standardized Training Program for Resident Doctor (C-STRD) program: A cross-sectional study","10.1371/journal.pone.0207258","15","0","2019-07-09 retracted","Thelypteris Grandis"
"2012","article","Public Library of Science (PLoS)","PLOS ONE","RETRACTED > Investigation of FGFR2-IIIC Signaling via FGF-2 Ligand for Advancing GCT Stromal Cell Differentiation","10.1371/journal.pone.0046769","15","0","2019-07-23 retracted","Physopelta Cincticollis, Michelle Ghert, Hibbertia Pedunculata"
"2022","article","Public Library of Science (PLoS)","PLOS ONE","COVID-19 pandemic and unemployment rate prediction for developing countries of Asia: A hybrid approach","10.1371/journal.pone.0275422","15","0","2025-05-07 retracted","Hoya Camphorifolia, Rhipidura Albiventris, Guillaume Cabanac, Guillaume Levrier"
"2022","article","Public Library of Science (PLoS)","PLOS ONE","RETRACTED > Data analysis and personalized recommendation of western music history information using deep learning under Internet of Things","10.1371/journal.pone.0262697","15","0","2023-09-14 retracted","Hoya Camphorifolia, Rhipidura Albiventris"
"2014","article","Public Library of Science (PLoS)","PLOS ONE","TRB3 Is Involved in Free Fatty Acid-Induced INS-1-Derived Cell Apoptosis via the Protein Kinase C δ Pathway","10.1371/journal.pone.0096089","15","0","2024-04-03 retracted","Hoya Camphorifolia, Actinopolyspora Biskrensis"
"2023","article","Public Library of Science (PLoS)","PLOS ONE","Mediating the performance of social organizations in context of social and organizational innovations in China","10.1371/journal.pone.0281720","15","0","2024-11-11 retracted","Hoya Camphorifolia"
"2024","article","Public Library of Science (PLoS)","PLOS ONE","Dynamic nonlinear CO2 emission effects of urbanization routes in the eight most populous countries","10.1371/journal.pone.0296997","15","0","2025-05-07 retracted","Hoya Camphorifolia"
"2025","article","Public Library of Science (PLoS)","PLOS ONE","RETRACTED: The artificial intelligence-based agricultural field irrigation warning system using GA-BP neural network under smart agriculture","10.1371/journal.pone.0317277","15","0","2026-02-23 retracted","Hoya Camphorifolia"
"2021","article","Public Library of Science (PLoS)","PLOS ONE","RETRACTED > Dysregulation of circulating miRNAs promotes the pathogenesis of diabetes-induced cardiomyopathy","10.1371/journal.pone.0250773","15","0","2023-12-22 retracted","Hoya Camphorifolia"
"2014","article","Public Library of Science (PLoS)","PLOS ONE","RETRACTED > The Immunoregulation Effect of Alpha 1-Antitrypsin Prolong β-Cell Survival after Transplantation","10.1371/journal.pone.0094548","15","0","2018-06-28 retracted","Elisabeth M Bik, Babesia Kiwiensis"
"2022","article","Public Library of Science (PLoS)","PLOS ONE","RETRACTED > On-farm hydro and nutri-priming increases yield of rainfed pearl millet through physio-biochemical adjustments and anti-oxidative defense mechanism","10.1371/journal.pone.0265325","15","0","2022-08-17 retracted","Desmococcus Antarctica"
"2021","article","Public Library of Science (PLoS)","PLOS ONE","RETRACTED > Optimization of diosgenin extraction from Dioscorea deltoidea tubers using response surface methodology and artificial neural network modelling","10.1371/journal.pone.0253617","14","18","2023-10-12 retracted","Elisabeth M Bik, Hoya Camphorifolia, Therophilus Boonthami, Boletus Pinophilus"
"2010","article","Public Library of Science (PLoS)","PLOS ONE","SH2 Modified STAT1 Induces HLA-I Expression and Improves IFN-γ Signaling in IFN-α Resistant HCV Replicon Cells","10.1371/journal.pone.0013117","14","14","2024-11-05 retracted","Elisabeth M Bik, Hoya Camphorifolia"
"2021","article","Public Library of Science (PLoS)","PLOS ONE","RETRACTED > Identification for surrogate drought tolerance in maize inbred lines utilizing high-throughput phenomics approach","10.1371/journal.pone.0254318","14","11","2022-08-03 retracted","Myosotis Albiflora"
"2011","article","Public Library of Science (PLoS)","PLOS ONE","Ribosome-Dependent ATPase Interacts with Conserved Membrane Protein in Escherichia coli to Modulate Protein Synthesis and Oxidative Phosphorylation","10.1371/journal.pone.0018510","14","5","2025-06-16 retracted","Hoya Camphorifolia, Bryon N. Hughson"
"2012","article","Public Library of Science (PLoS)","PLOS ONE","Innate Immune Activation by Inhaled Lipopolysaccharide, Independent of Oxidative Stress, Exacerbates Silica-Induced Pulmonary Fibrosis in Mice","10.1371/journal.pone.0040789","14","5","2016-05-09 retracted","–"
"2019","article","Public Library of Science (PLoS)","PLOS ONE","A transcriptional signature associated with non-Hodgkin lymphoma in the blood of patients with Q fever","10.1371/journal.pone.0217542","14","4","2026-04-13 retracted","Elisabeth M Bik, Hoya Camphorifolia"
"2014","article","Public Library of Science (PLoS)","PLOS ONE","Aeromonas hydrophila Flagella Glycosylation: Involvement of a Lipid Carrier","10.1371/journal.pone.0089630","14","4","2025-05-09 retracted","Elisabeth M Bik"
"2021","article","Public Library of Science (PLoS)","PLOS ONE","RETRACTED: Transcriptome study of receptive endometrium in overweight and obese women shows important expression differences in immune response and inflammatory pathways in women who do not conceive","10.1371/journal.pone.0261873","14","2","2025-12-18 retracted","Hoya Camphorifolia"
"2015","article","Public Library of Science (PLoS)","PLOS ONE","RETRACTED > Circulating FoxP3+ Regulatory T and Interleukin17-Producing Th17 Cells Actively Influence HBV Clearance in De Novo Hepatitis B Virus Infected Patients after Orthotopic Liver Transplantation","10.1371/journal.pone.0137881","14","2","2019-12-02 retracted","Deronectes Aubei"
"2021","article","Public Library of Science (PLoS)","PLOS ONE","RETRACTED > MiRNA-107 enhances the malignant progression of pancreatic cancer by targeting TGFBR3","10.1371/journal.pone.0249375","14","2","2022-01-21 retracted","Actinopolyspora Biskrensis"
"2012","article","Public Library of Science (PLoS)","PLOS ONE","RETRACTED > Placental Expression of CD100, CD72 and CD45 Is Dysregulated in Human Miscarriage","10.1371/journal.pone.0035232","14","1","2019-11-14 retracted","Unregistered Submission, Stachys Radicans, Psoralea Filifolia"
"2011","article","Public Library of Science (PLoS)","PLOS ONE","RETRACTED > Rtt107 Phosphorylation Promotes Localisation to DNA Double-Stranded Breaks (DSBs) and Recombinational Repair between Sister Chromatids","10.1371/journal.pone.0020152","14","1","2017-04-12 retracted","Peer 1, Unregistered Submission, Peer 3, Peer 4"
"2025","article","Public Library of Science (PLoS)","PLOS ONE","Enhancing stroke disease classification through machine learning models via a novel voting system by feature selection techniques","10.1371/journal.pone.0312914","14","1","2025-05-20 retracted","Hoya Camphorifolia"
"2024","article","Public Library of Science (PLoS)","PLOS ONE","RETRACTED: Moderating role of political stability and economic policy uncertainty between country governance practice and stock market performance. A comparative analysis of Pakistan and Kurdistan Region of Iraq","10.1371/journal.pone.0301698","14","1","2025-10-09 retracted","Hoya Camphorifolia"
"2024","article","Public Library of Science (PLoS)","PLOS ONE","Analysis of China’s carbon market price fluctuation and international carbon credit financing mechanism using random forest model","10.1371/journal.pone.0294269","14","1","2025-09-04 retracted","Hoya Camphorifolia"
"2022","article","Public Library of Science (PLoS)","PLOS Neglected Tropical Diseases","RETRACTED > Occurrence of L1014F and L1014S mutations in insecticide resistant Culex quinquefasciatus from filariasis endemic districts of West Bengal, India","10.1371/journal.pntd.0010000","14","1","2023-06-20 retracted","Gerris Caucasicus, Ceratina Okinawana, Kalidium Caspicum"
"2020","article","Public Library of Science (PLoS)","PLOS ONE","Risk factor analysis combined with deep learning in the risk assessment of overseas investment of enterprises","10.1371/journal.pone.0239635","14","0","2025-04-09 retracted","Hoya Camphorifolia, Rhipidura Albiventris"
"2022","article","Public Library of Science (PLoS)","PLOS ONE","RETRACTED: Improvement of non-invasive tests of liver steatosis and fibrosis as indicators for non-alcoholic fatty liver disease in type 2 diabetes mellitus patients with elevated cardiovascular risk profile using the PPAR-α/γ agonist aleglitazar","10.1371/journal.pone.0277706","14","0","2025-12-19 retracted","Hoya Camphorifolia"
"2025","article","Public Library of Science (PLoS)","PLOS ONE","DiabetesXpertNet: An innovative attention-based CNN for accurate type 2 diabetes prediction","10.1371/journal.pone.0330454","14","0","2026-04-14 retracted","Hoya Camphorifolia"
"2024","article","Public Library of Science (PLoS)","PLOS ONE","RETRACTED: Unpacking the optimistic mindset of business students towards entrepreneurship","10.1371/journal.pone.0297868","14","0","2026-02-05 retracted","Hoya Camphorifolia"
"2024","article","Public Library of Science (PLoS)","PLOS ONE","RETRACTED: The adoption of renewable energy towards environmental sustainability: Evidence from Partial Least Square Structural Equation Modelling (PLS-SEM)","10.1371/journal.pone.0299727","14","0","2025-10-09 retracted","Hoya Camphorifolia"
"2023","article","Public Library of Science (PLoS)","PLOS ONE","Unleashing the horizons of labor quality, digitalization on upgradation of industrial structure in Asian economies","10.1371/journal.pone.0288866","14","0","2024-11-11 retracted","Hoya Camphorifolia"
"2018","article","Public Library of Science (PLoS)","PLOS ONE","A new compound of thiophenylated pyridazinone IMB5043 showing potent antitumor efficacy through ATM-Chk2 pathway","10.1371/journal.pone.0191984","14","0","2026-04-27 retracted","Hoya Camphorifolia"
"2023","article","Public Library of Science (PLoS)","PLOS ONE","RETRACTED > Does China Pakistan Economic Corridor become an avenue to achieve sustainable development goal no. 2 (food security) in Pakistan: Under the condition of COVID-19?","10.1371/journal.pone.0279520","14","0","2023-04-04 retracted","Gerris Caucasicus"
"2021","article","Public Library of Science (PLoS)","PLOS ONE","RETRACTED > Application of sewage sludge combined with thiourea improves the growth and yield attributes of wheat (Triticum aestivum L.) genotypes under arsenic-contaminated soil","10.1371/journal.pone.0259289","14","0","2022-09-30 retracted","Gerris Caucasicus"
"2021","article","Public Library of Science (PLoS)","PLOS ONE","RETRACTED > Efficacy of Zn-Aspartate in comparison with ZnSO4 and L-Aspartate in amelioration of drought stress in maize by modulating antioxidant defence; osmolyte accumulation and photosynthetic attributes","10.1371/journal.pone.0260662","14","0","2023-02-10 retracted","Gerris Caucasicus"
"2020","article","Public Library of Science (PLoS)","PLOS ONE","Post grafting time significantly influences royal jelly yield and content of macro and trace elements","10.1371/journal.pone.0238751","14","0","2022-10-21 retracted","–"
"2020","article","Public Library of Science (PLoS)","PLOS ONE","RETRACTED > Prosthetic shape, but not stiffness or height, affects the maximum speed of sprinters with bilateral transtibial amputations","10.1371/journal.pone.0229035","13","74","2022-12-30 retracted","Gerris Caucasicus"
"2019","article","Public Library of Science (PLoS)","PLOS Biology","RETRACTED > Response to: “Questioning the evidence for BCI-based communication in the complete locked-in state”","10.1371/journal.pbio.3000063","13","60","2019-12-16 retracted","Akanthomyces Koratensis"
"2017","article","Public Library of Science (PLoS)","PLOS ONE","Myogenic differentiation of VCP disease-induced pluripotent stem cells: A novel platform for drug discovery","10.1371/journal.pone.0176919","13","14","2026-04-16 retracted","Hoya Camphorifolia"
"2012","article","Public Library of Science (PLoS)","PLOS ONE","The Effect of Social Stress on Chronic Pain Perception in Female and Male Mice","10.1371/journal.pone.0047218","13","9","2016-05-25 retracted","–"
"2020","article","Public Library of Science (PLoS)","PLOS ONE","The value of Monte Carlo model-based variance reduction technology in the pricing of financial derivatives","10.1371/journal.pone.0229737","13","8","2024-11-07 retracted","Hoya Camphorifolia, Rhipidura Albiventris"
"2013","article","Public Library of Science (PLoS)","PLOS ONE","RETRACTED > AKAP13 Rho-GEF and PKD-Binding Domain Deficient Mice Develop Normally but Have an Abnormal Response to β-Adrenergic-Induced Cardiac Hypertrophy","10.1371/journal.pone.0062705","13","8","2023-12-12 retracted","Hoya Camphorifolia, Cerataulina Pelagica"
"2023","article","Public Library of Science (PLoS)","PLOS ONE","RETRACTED: Role of institutions in promoting finance in emerging markets: A panel data analysis","10.1371/journal.pone.0280849","13","5","2025-10-09 retracted","Hoya Camphorifolia"
"2012","article","Public Library of Science (PLoS)","PLOS ONE","RETRACTED > Activation of the AMP-Activated Protein Kinase (AMPK) by Nitrated Lipids in Endothelial Cells","10.1371/journal.pone.0031056","13","5","2020-05-19 retracted","Actinopolyspora Biskrensis, Lycodon Semicarinatus, Discaria Nitida, Polysiphonia Senticulosa, Hop Latent, Nicolasia Costata"
"2023","article","Public Library of Science (PLoS)","PLOS ONE","An immunoinformatics and extended molecular dynamics approach for designing a polyvalent vaccine against multiple strains of Human T-lymphotropic virus (HTLV)","10.1371/journal.pone.0287416","13","4","2025-05-06 retracted","Hoya Camphorifolia"
"2013","article","Public Library of Science (PLoS)","PLOS ONE","RETRACTED > SUMOylation of Mouse p53b by SUMO-1 Promotes Its Pro-Apoptotic Function in Ovarian Granulosa Cells","10.1371/journal.pone.0063680","13","4","2021-03-16 retracted","Elisabeth M Bik"
"2022","article","Public Library of Science (PLoS)","PLOS ONE","RETRACTED > Genome-wide association mapping of bread wheat genotypes for sustainable food security and yield potential under limited water conditions","10.1371/journal.pone.0263263","13","4","2022-09-14 retracted","Desmococcus Antarctica"
"2012","article","Public Library of Science (PLoS)","PLOS ONE","RETRACTED > Endogenous Urotensin II Selectively Modulates Erectile Function through eNOS","10.1371/journal.pone.0031019","13","3","2019-09-06 retracted","Leucanella Acutissima, Tricheilostoma Bicolor, Diglyphus Albinervis"
"2021","article","Public Library of Science (PLoS)","PLOS ONE","RETRACTED > Phylogenetic and expression dynamics of tomato ClpB/Hsp100 gene under heat stress","10.1371/journal.pone.0255847","13","3","2023-06-14 retracted","Gerris Caucasicus"
"2024","article","Public Library of Science (PLoS)","PLOS ONE","The gender and culture effect on the CO2 emission empirical analysis","10.1371/journal.pone.0296121","13","2","2024-06-27 retracted","Hoya Camphorifolia"
"2023","article","Public Library of Science (PLoS)","PLOS ONE","Harnessing the power of AI: Advanced deep learning models optimization for accurate SARS-CoV-2 forecasting","10.1371/journal.pone.0287755","13","2","2025-04-09 retracted","Hoya Camphorifolia"
"2023","article","Public Library of Science (PLoS)","PLOS ONE","Pollution halo impact in context of productive capacities, energy poverty, urbanization, and institutional quality","10.1371/journal.pone.0295447","13","2","2024-11-11 retracted","Hoya Camphorifolia"
"2022","article","Public Library of Science (PLoS)","PLOS ONE","RETRACTED > Phytotoxicological study of selected poisonous plants from Azad Jammu & Kashmir","10.1371/journal.pone.0263605","13","2","2023-06-14 retracted","Gerris Caucasicus"
"2017","article","Public Library of Science (PLoS)","PLOS ONE","3D craniofacial registration using thin-plate spline transform and cylindrical surface projection","10.1371/journal.pone.0185567","13","1","2025-04-23 retracted","Hoya Camphorifolia, Rhipidura Albiventris"
"2023","article","Public Library of Science (PLoS)","PLOS ONE","Sports resources utilization efficiency, productivity change, and regional production technology heterogeneity in Chinese Provinces: DEA-SBM and Malmquist Index Approaches","10.1371/journal.pone.0290952","13","1","2026-07-08 retracted","Hoya Camphorifolia, Guillaume Cabanac"
"2016","article","Public Library of Science (PLoS)","PLOS ONE","Neuroprotective Role of L-NG-Nitroarginine Methyl Ester (L-NAME) against Chronic Hypobaric Hypoxia with Crowding Stress (CHC) Induced Depression-Like Behaviour","10.1371/journal.pone.0153371","13","1","2026-01-21 retracted","Hoya Camphorifolia, Actinopolyspora Biskrensis"
"2023","article","Public Library of Science (PLoS)","PLOS ONE","RETRACTED: IoT based battery energy monitoring and management for electric vehicles with improved converter efficiency","10.1371/journal.pone.0286573","13","1","2025-10-16 retracted","Hoya Camphorifolia"
"2019","article","Public Library of Science (PLoS)","PLOS ONE","RETRACTED > Awareness of residents about kala-azar and its related practices in two endemic areas of Bangladesh","10.1371/journal.pone.0219591","13","1","2022-06-23 retracted","Hoya Camphorifolia"
"2025","article","Public Library of Science (PLoS)","PLOS ONE","TGEL-transformer: Fusing educational theories with deep learning for interpretable student performance prediction","10.1371/journal.pone.0327481","13","1","2026-04-08 retracted","Hoya Camphorifolia"
"2022","article","Public Library of Science (PLoS)","PLOS ONE","Isolation and molecular characterization of extended spectrum beta lactamase producing Escherichia coli from chicken meat in Pakistan","10.1371/journal.pone.0269194","13","1","2026-05-13 retracted","Hoya Camphorifolia"
"2021","article","Public Library of Science (PLoS)","PLOS ONE","COVID-19 knowledge, attitude and frequent hand hygiene practices among taxi drivers and associated factors in urban areas of Ethiopia","10.1371/journal.pone.0253452","13","1","2025-11-17 retracted","Hoya Camphorifolia"
"2022","article","Public Library of Science (PLoS)","PLOS ONE","RETRACTED > Predicting the impact of environmental factors on citrus canker through multiple regression","10.1371/journal.pone.0260746","13","1","2022-08-17 retracted","Gerris Caucasicus"
"2014","article","Public Library of Science (PLoS)","PLOS ONE","RETRACTED > PknE, a Serine/Threonine Protein Kinase of Mycobacterium tuberculosis Initiates Survival Crosstalk That Also Impacts HIV Coinfection","10.1371/journal.pone.0083541","13","1","2019-01-17 retracted","Elisabeth M Bik, Crocus Sieheanus"
"2013","article","Public Library of Science (PLoS)","PLOS ONE","RETRACTED > The Early Stage Formation of PI3K-AMPAR GluR2 Subunit Complex Facilitates the Long Term Neuroprotection Induced by Propofol Post-Conditioning in Rats","10.1371/journal.pone.0065187","13","0","2018-05-01 retracted","Scolops Pallidus"
"2011","article","Public Library of Science (PLoS)","PLOS ONE","RETRACTED > Prenatal Cocaine Exposure Increases Synaptic Localization of a Neuronal RasGEF, GRASP-1 via Hyperphosphorylation of AMPAR Anchoring Protein, GRIP","10.1371/journal.pone.0025019","13","0","2022-03-30 retracted","Panicum Schwackeanum, Tetramorium Humbloti"
"2014","article","Public Library of Science (PLoS)","PLOS ONE","RETRACTED > Hepatic Branch Vagus Nerve Plays a Critical Role in the Recovery of Post-Ischemic Glucose Intolerance and Mediates a Neuroprotective Effect by Hypothalamic Orexin-A","10.1371/journal.pone.0095433","13","0","2020-07-22 retracted","Manania Gwilliami"
"2021","article","Public Library of Science (PLoS)","PLOS ONE","RETRACTED > Relay protection system of transmission line based on AI","10.1371/journal.pone.0246403","13","0","2025-03-18 retracted","Hoya Camphorifolia, Rhipidura Albiventris"
"2021","article","Public Library of Science (PLoS)","PLOS ONE","RETRACTED > Digital image processing technology under backpropagation neural network and K-Means Clustering algorithm on nitrogen utilization rate of Chinese cabbages","10.1371/journal.pone.0248923","13","0","2023-08-24 retracted","Hoya Camphorifolia, Rhipidura Albiventris"
"2017","article","Public Library of Science (PLoS)","PLOS ONE","RETRACTED > Temperature effects on life history traits of two sympatric branchiopods from an ephemeral wetland","10.1371/journal.pone.0179449","13","0","2023-04-26 retracted","Hoya Camphorifolia, Lepidium Campestre"
"2013","article","Public Library of Science (PLoS)","PLOS ONE","RETRACTED > Protein Kinase C beta Mediates CD40 Ligand-Induced Adhesion of Monocytes to Endothelial Cells","10.1371/journal.pone.0072593","13","0","2023-12-05 retracted","Hoya Camphorifolia, Actinopolyspora Biskrensis, Anthoceros Alpinus"
"2020","article","Public Library of Science (PLoS)","PLOS ONE","Molecular separation of ibuprofen and 4-isobutylacetophenone using octanol organic solution by porous polymeric membranes","10.1371/journal.pone.0237271","13","0","2026-06-02 retracted","Hoya Camphorifolia"
"2021","article","Public Library of Science (PLoS)","PLOS ONE","RETRACTED > Prognostic and clinicopathological significance of C-reactive protein/albumin ratio (CAR) in patients with gastric cancer: A meta-analysis","10.1371/journal.pone.0250295","13","0","2022-06-24 retracted","Hoya Camphorifolia"
"2023","article","Public Library of Science (PLoS)","PLOS ONE","The usage of spatial econometric approach to explore the determinants of ecological footprint in BRI countries","10.1371/journal.pone.0288683","13","0","2024-11-11 retracted","Hoya Camphorifolia"
"2023","article","Public Library of Science (PLoS)","PLOS ONE","Screening of potential biomarkers for polycystic ovary syndrome and identification of expression and immune characteristics","10.1371/journal.pone.0293447","13","0","2025-08-12 retracted","Hoya Camphorifolia"
"2024","article","Public Library of Science (PLoS)","PLOS ONE","Incentive mechanism of multiple green innovation behaviors of equipment manufacturing enterprises: A managers, green coordination groups and employees perspective","10.1371/journal.pone.0300533","13","0","2025-09-04 retracted","Hoya Camphorifolia"
"2021","article","Public Library of Science (PLoS)","PLOS ONE","RETRACTED > Integrated phosphorus nutrient sources improve wheat yield and phosphorus use efficiency under sub humid conditions","10.1371/journal.pone.0255043","13","0","2023-04-19 retracted","Gerris Caucasicus"
"2018","article","Public Library of Science (PLoS)","PLOS ONE","RETRACTED > Downsizing and purchases of psychotropic drugs: A longitudinal study of stayers, changers and unemployed","10.1371/journal.pone.0203433","13","0","2023-04-20 retracted","Gerris Caucasicus"
"2021","article","Public Library of Science (PLoS)","PLOS ONE","RETRACTED > The Exponentiated Exponential Burr XII distribution: Theory and application to lifetime and simulated data","10.1371/journal.pone.0248873","13","0","2021-06-21 retracted","Geophagus Brachybranchus"
"2015","article","Public Library of Science (PLoS)","PLOS ONE","RETRACTED > Aberrant CCR4 Expression Is Involved in Tumor Invasion of Lymph Node-Negative Human Gastric Cancer","10.1371/journal.pone.0120059","13","0","2020-12-17 retracted","Elisabeth M Bik, Actinopolyspora Biskrensis, Ocybadistes Walkeri, Podandrogyne Mathewsii"
"2014","article","Public Library of Science (PLoS)","PLOS ONE","RETRACTED > Molecular Mechanism of Thiazolidinedione-Mediated Inhibitory Effects on Osteoclastogenesis","10.1371/journal.pone.0102706","13","0","2020-02-13 retracted","Elisabeth M Bik"
"2022","article","Public Library of Science (PLoS)","PLOS ONE","RETRACTED > Spatial variations in the biochemical potential of okra [Abelmoschus esculentus L. (Moench)] leaf and fruit under field conditions","10.1371/journal.pone.0259520","13","0","2022-09-14 retracted","Desmococcus Antarctica"
"2017","article","Public Library of Science (PLoS)","PLOS ONE","RETRACTED > Extract of Spatholobus suberctus Dunn ameliorates ischemia-induced injury by targeting miR-494","10.1371/journal.pone.0184348","13","0","2019-02-20 retracted","Actinopolyspora Biskrensis, Contumyces Rosella"
"2017","article","Public Library of Science (PLoS)","PLOS ONE","The effects of residual platelets in plasma on plasminogen activator inhibitor-1 and plasminogen activator inhibitor-1-related assays","10.1371/journal.pone.0171271","13","0","2018-08-09 retracted","–"
"2021","article","Public Library of Science (PLoS)","PLOS ONE","RNAi-mediated silencing of vitellogenin gene curtails oogenesis in the almond moth Cadra cautella","10.1371/journal.pone.0245928","13","0","2022-10-21 retracted","–"
"2014","article","Public Library of Science (PLoS)","PLOS ONE","RETRACTED > Novel Approach to Activity Evaluation for Release-Active Forms of Anti-Interferon-Gamma Antibodies Based on Enzyme-Linked Immunoassay","10.1371/journal.pone.0097017","12","17","2018-05-03 retracted","Unregistered Submission, James Coyne, Leptochiton Cancellatus, Amanita Longistriata"
"2013","article","Public Library of Science (PLoS)","PLOS Genetics","RETRACTED > Astakine 2—the Dark Knight Linking Melatonin to Circadian Regulation in Crustaceans","10.1371/journal.pgen.1003361","12","17","2015-04-27 retracted","Elisabeth M Bik, Paul S Brookes, Peer 2, Peer 1, Unregistered Submission, Peer 6, Peer 7, Peer 8, Actinopolyspora Biskrensis"
"2016","article","Public Library of Science (PLoS)","PLOS ONE","Arid3b Is Critical for B Lymphocyte Development","10.1371/journal.pone.0161468","12","9","2024-08-22 retracted","Leonid Schneider, Hoya Camphorifolia"
"2014","article","Public Library of Science (PLoS)","PLOS ONE","RETRACTED > Enhancement of Lipid Productivity in Oleaginous Colletotrichum Fungus through Genetic Transformation Using the Yeast CtDGAT2b Gene under Model-Optimized Growth Condition","10.1371/journal.pone.0111253","12","9","2017-10-23 retracted","Elisabeth M Bik, Peer 1, Mecistophylla Amechanica"
"2013","article","Public Library of Science (PLoS)","PLOS ONE","RETRACTED > Evaluation of the Replication, Pathogenicity, and Immunogenicity of Avian Paramyxovirus (APMV) Serotypes 2, 3, 4, 5, 7, and 9 in Rhesus Macaques","10.1371/journal.pone.0075456","12","9","2020-12-14 retracted","Elisabeth M Bik, Peer 1"
"2014","article","Public Library of Science (PLoS)","PLOS ONE","RETRACTED > Prenatal Cocaine Exposure Uncouples mGluR1 from Homer1 and Gq Proteins","10.1371/journal.pone.0091671","12","8","2022-03-30 retracted","Elisabeth M Bik, Pissodes Castaneus, Tetramorium Humbloti"
"2014","article","Public Library of Science (PLoS)","PLOS ONE","RETRACTED > Ectopic Expression of a Maize Hybrid Down-Regulated Gene ZmARF25 Decreases Organ Size by Affecting Cellular Proliferation in Arabidopsis","10.1371/journal.pone.0094830","12","6","2016-05-12 retracted","Elisabeth M Bik, Peer 1"
"2022","article","Public Library of Science (PLoS)","PLOS ONE","RETRACTED > Field screening of diverse wheat germplasm for determining their adaptability to semi-arid climatic conditions","10.1371/journal.pone.0265344","12","5","2022-11-16 retracted","Myosotis Albiflora"
"2021","article","Public Library of Science (PLoS)","PLOS ONE","Application of edge computing and GIS in ecological water requirement prediction and optimal allocation of water resources in irrigation area","10.1371/journal.pone.0254547","12","5","2024-06-06 retracted","Alexander Magazinov"
"2014","article","Public Library of Science (PLoS)","PLOS ONE","Genetic Polymorphism of Interferon Regulatory Factor 5 (IRF5) Correlates with Allograft Acute Rejection of Liver Transplantation","10.1371/journal.pone.0094426","12","4","2019-07-31 retracted","–"
"2009","article","Public Library of Science (PLoS)","PLOS Genetics","An African Ancestry-Specific Allele of CTLA4 Confers Protection against Rheumatoid Arthritis in African Americans","10.1371/journal.pgen.1000424","12","4","2009-12-01 retracted","–"
"2016","article","Public Library of Science (PLoS)","PLOS ONE","RETRACTED > Pathological Roles of Interleukin-22 in the Development of Recurrent Hepatitis C after Liver Transplantation","10.1371/journal.pone.0154419","12","1","2019-11-26 retracted","Opharus Rema"
"2014","article","Public Library of Science (PLoS)","PLOS ONE","The C2238/αANP Variant Is a Negative Modulator of Both Viability and Function of Coronary Artery Smooth Muscle Cells","10.1371/journal.pone.0113108","12","1","2025-05-09 retracted","Hoya Camphorifolia, Pagurus Gladius"
"2022","article","Public Library of Science (PLoS)","PLOS ONE","RETRACTED: Evolutionary game analysis of low-carbon technology innovation diffusion under PPP mode in China","10.1371/journal.pone.0279493","12","1","2026-05-28 retracted","Hoya Camphorifolia, M Ángeles Oviedo-García"
"2020","article","Public Library of Science (PLoS)","PLOS ONE","Low-dose chest CT for diagnosing and assessing the extent of lung involvement of SARS-CoV-2 pneumonia using a semi quantitative score","10.1371/journal.pone.0241407","12","1","2026-04-09 retracted","Elisabeth M Bik, Thomas Kesteman, Rhyacophila Accola"
"2020","article","Public Library of Science (PLoS)","PLOS ONE","Impact of artificial light intensity on nocturnal insect diversity in urban and rural areas of the Asir province, Saudi Arabia","10.1371/journal.pone.0242315","12","1","2022-10-21 retracted","–"
"2022","article","Public Library of Science (PLoS)","PLOS ONE","RETRACTED > Ethnobotanical and conservation studies of tree flora of Shiwalik mountainous range of District Bhimber Azad Jammu and Kashmir, Pakistan","10.1371/journal.pone.0262338","12","0","2023-06-14 retracted","Paralabrax Clathratus"
"2018","article","Public Library of Science (PLoS)","PLOS ONE","An improved DBSCAN algorithm based on cell-like P systems with promoters and inhibitors","10.1371/journal.pone.0200751","12","0","2026-03-19 retracted","Hoya Camphorifolia, Rhipidura Albiventris, Yuzhen Zhao"
"2021","article","Public Library of Science (PLoS)","PLOS ONE","Research on the inheritance and protection of folk art and culture from the perspective of network cultural governance","10.1371/journal.pone.0246404","12","0","2025-03-18 retracted","Hoya Camphorifolia, Rhipidura Albiventris"
"2023","article","Public Library of Science (PLoS)","PLOS ONE","RETRACTED > MABAC method for multiple attribute group decision making under single-valued neutrosophic sets and applications to performance evaluation of sustainable microfinance groups lending","10.1371/journal.pone.0280239","12","0","2023-05-30 retracted","Hoya Camphorifolia, Rhipidura Albiventris"
"2021","article","Public Library of Science (PLoS)","PLOS ONE","RETRACTED > Influence of the enterprise’s intelligent performance evaluation model using neural network and genetic algorithm on the performance compensation of the merger and acquisition parties in the commitment period","10.1371/journal.pone.0248727","12","0","2023-10-26 retracted","Hoya Camphorifolia, Rhipidura Albiventris"
"2020","article","Public Library of Science (PLoS)","PLOS ONE","Influence of the combination of big data technology on the Spark platform with deep learning on elevator safety monitoring efficiency","10.1371/journal.pone.0234824","12","0","2024-11-14 retracted","Hoya Camphorifolia, Rhipidura Albiventris"
"2013","article","Public Library of Science (PLoS)","PLOS ONE","RETRACTED > SDR9C7 Promotes Lymph Node Metastases in Patients with Esophageal Squamous Cell Carcinoma","10.1371/journal.pone.0052184","12","0","2020-01-06 retracted","Hoya Camphorifolia, Lotus Azoricus, Dichromodes Disputata"
"2022","article","Public Library of Science (PLoS)","PLOS ONE","RETRACTED > Impact of different mulching treatments on weed flora and productivity of maize (Zea mays L.) and sunflower (Helianthus annuus L.)","10.1371/journal.pone.0266756","12","0","2022-08-31 retracted","Hoya Camphorifolia"
"2022","article","Public Library of Science (PLoS)","PLOS ONE","RETRACTED > Physio-anatomical modifications and elemental allocation pattern in Acanthus ilicifolius L. subjected to zinc stress","10.1371/journal.pone.0263753","12","0","2023-12-14 retracted","Hoya Camphorifolia"
"2023","article","Public Library of Science (PLoS)","PLOS ONE","How to promote the balanced development of urban and rural China? Evidences from reallocating idle rural residential land of Zhejiang province, China","10.1371/journal.pone.0287820","12","0","2025-08-25 retracted","Hoya Camphorifolia"
"2023","article","Public Library of Science (PLoS)","PLOS ONE","Digital inclusive finance, consumer consumption and high-quality economic development","10.1371/journal.pone.0285695","12","0","2025-08-25 retracted","Hoya Camphorifolia"
"2023","article","Public Library of Science (PLoS)","PLOS ONE","RETRACTED: Gastrointestinal tract disorders classification using ensemble of InceptionNet and proposed GITNet based deep feature with ant colony optimization","10.1371/journal.pone.0292601","12","0","2026-04-03 retracted","Hoya Camphorifolia"
"2024","article","Public Library of Science (PLoS)","PLOS ONE","RETRACTED: Navigating the path to environmental sustainability: Insights from CIVETS on the intersection of ICT diffusion, natural resources, and green technological innovation","10.1371/journal.pone.0309264","12","0","2025-10-23 retracted","Hoya Camphorifolia"
"2024","article","Public Library of Science (PLoS)","PLOS ONE","Forecasting the rheological state properties of self-compacting concrete mixes using the response surface methodology technique for sustainable structural concreting","10.1371/journal.pone.0302202","12","0","2026-04-03 retracted","Hoya Camphorifolia"
"2025","article","Public Library of Science (PLoS)","PLOS ONE","Designing of an mRNA vaccine against high-risk human papillomavirus targeting the E6 and E7 oncoproteins exploiting immunoinformatics and dynamic simulation","10.1371/journal.pone.0313559","12","0","2025-04-30 retracted","Hoya Camphorifolia"
"2023","article","Public Library of Science (PLoS)","PLOS ONE","Dose institutional quality influences the relationship between urbanization and CO2 emissions?","10.1371/journal.pone.0291930","12","0","2025-09-15 retracted","Hoya Camphorifolia"
"2021","article","Public Library of Science (PLoS)","PLOS ONE","Quantifying the effects of co-composting organic biomass mixtures with inorganic amendments to obtain value-added bio-products","10.1371/journal.pone.0253714","12","0","2024-10-24 retracted","Hoya Camphorifolia"
"2021","article","Public Library of Science (PLoS)","PLOS ONE","Study of aerobic and anaerobic bacterial profile of nosocomial infections and their antibiotic resistance in a referral center, Southwest Iran: A three year cross-sectional study","10.1371/journal.pone.0259512","12","0","2025-04-03 retracted","Hoya Camphorifolia"
"2013","article","Public Library of Science (PLoS)","PLOS ONE","Rescue of MHC-1 Antigen Processing Machinery by Down-Regulation in Expression of IGF-1 in Human Glioblastoma Cells","10.1371/journal.pone.0058428","12","0","2024-06-12 retracted","Elisabeth M Bik, Hoya Camphorifolia"
"2021","article","Public Library of Science (PLoS)","PLOS ONE","Optimizing sowing date for peanut genotypes in arid and semi-arid subtropical regions","10.1371/journal.pone.0252393","12","0","2022-10-21 retracted","–"
"2021","article","Public Library of Science (PLoS)","PLOS ONE","Exogenous application of moringa leaf extract improves growth, biochemical attributes, and productivity of late-sown quinoa","10.1371/journal.pone.0259214","12","0","2022-08-17 retracted","–"
"2024","article","Public Library of Science (PLoS)","PLOS ONE","RETRACTED: Do Magnetic murmurs guide birds? A directional statistical investigation for influence of Earth’s Magnetic field on bird navigation","10.1371/journal.pone.0304279","11","16","2026-06-22 retracted","–"
"2012","article","Public Library of Science (PLoS)","PLOS ONE","Late Complications of Clinical Clostridium Histolyticum Collagenase Use in Dupuytren's Disease","10.1371/journal.pone.0043406","11","6","2012-11-05 retracted","–"
"2022","article","Public Library of Science (PLoS)","PLOS ONE","Seedbank persistence of four summer grass weed species in the northeast cropping region of Australia","10.1371/journal.pone.0262288","11","5","2025-06-25 retracted","Hoya Camphorifolia"
"2022","article","Public Library of Science (PLoS)","PLOS ONE","RETRACTED > Improving boron use efficiency via different application techniques for optimum production of good quality potato (Solanum tuberosum L.) in alkaline soil","10.1371/journal.pone.0259403","11","5","2022-08-03 retracted","Desmococcus Antarctica"
"2014","article","Public Library of Science (PLoS)","PLOS ONE","RETRACTED > MNK1-Induced eIF-4E Phosphorylation in Myeloma Cells: A Pathway Mediating IL-6-Induced Expansion and Expression of Genes Involved in Metabolic and Proteotoxic Responses","10.1371/journal.pone.0094011","11","5","2023-09-08 retracted","Actinopolyspora Biskrensis, Lasioglossum Morio"
"2013","article","Public Library of Science (PLoS)","PLOS ONE","Specific Inhibition of Tumor Cells by Oncogenic EGFR Specific Silencing by RNA interference","10.1371/journal.pone.0073214","11","4","2025-04-01 retracted","Elisabeth M Bik, Illex Illecebrosus"
"2020","article","Public Library of Science (PLoS)","PLOS ONE","Involvement of NF-κB in the reversal of CYP3A down-regulation induced by sea buckthorn in BCG-induced rats","10.1371/journal.pone.0238810","11","3","2026-07-28 retracted","Sholto David"
"2017","article","Public Library of Science (PLoS)","PLOS ONE","RETRACTED > Potential malignant transformation in the gastric mucosa of immunodeficient mice with persistent Mycoplasma penetrans infection","10.1371/journal.pone.0180514","11","3","2020-10-22 retracted","Meriania Tomentosa"
"2019","article","Public Library of Science (PLoS)","PLOS ONE","High-precision positioning of mine personnel based on wireless pulse technology","10.1371/journal.pone.0220471","11","3","2025-04-09 retracted","Hoya Camphorifolia, Rhipidura Albiventris"
"2021","article","Public Library of Science (PLoS)","PLOS ONE","Preterm birth is not associated with asymptomatic/mild SARS-CoV-2 infection per se: Pre-pregnancy state is what matters","10.1371/journal.pone.0254875","11","3","2025-12-18 retracted","Hoya Camphorifolia"
"2013","article","Public Library of Science (PLoS)","PLOS ONE","Somatostatin Derivative (smsDX) Targets Cellular Metabolism in Prostate Cancer Cells after Androgen Deprivation Therapy","10.1371/journal.pone.0055790","11","3","2024-02-26 retracted","Elisabeth M Bik, Hoya Camphorifolia"
"2023","article","Public Library of Science (PLoS)","PLOS ONE","Effect of varying thickness properties of the slow release fertilizer films on morphology, biodegradability, urea release, soil health, and plant growth","10.1371/journal.pone.0278568","11","2","2025-07-16 retracted","Hoya Camphorifolia, Lasiodiplodia Iranensis, Desmococcus Antarctica, Tassadia Trailiana, Nemophila Hoplandensis"
"2014","article","Public Library of Science (PLoS)","PLOS ONE","Phospho-Aspirin-2 (MDC-22) Inhibits Estrogen Receptor Positive Breast Cancer Growth Both In Vitro and In Vivo by a Redox-Dependent Effect","10.1371/journal.pone.0111720","11","1","2026-01-16 retracted","Reese Richardson"
"2025","article","Public Library of Science (PLoS)","PLOS ONE","Machine learning-based anomaly detection and prediction in commercial aircraft using autonomous surveillance data","10.1371/journal.pone.0317914","11","1","2025-05-09 retracted","Hoya Camphorifolia, Rhipidura Albiventris, Alexander Magazinov"
"2022","article","Public Library of Science (PLoS)","PLOS ONE","Combination effect of cold atmospheric plasma with green synthesized zero-valent iron nanoparticles in the treatment of melanoma cancer model","10.1371/journal.pone.0279120","11","1","2024-05-23 retracted","Hoya Camphorifolia, Dysdera Arabisenen"
"2025","article","Public Library of Science (PLoS)","PLOS ONE","RETRACTED: The association between maternal tobacco smoking during pregnancy and the risk of attention-deficit/hyperactivity disorder (ADHD) in offspring: A systematic review and meta-analysis","10.1371/journal.pone.0317112","11","1","2025-12-17 retracted","Hoya Camphorifolia"
"2022","article","Public Library of Science (PLoS)","PLOS ONE","Determining the appropriate level of farmyard manure biochar application in saline soils for three selected farm tree species","10.1371/journal.pone.0265005","11","1","2025-06-04 retracted","Hoya Camphorifolia"
"2024","article","Public Library of Science (PLoS)","PLOS ONE","Clean energy transition and climate vulnerabilities: A comparative analysis of European and non-European developed countries","10.1371/journal.pone.0297529","11","1","2025-10-09 retracted","Hoya Camphorifolia"
"2021","article","Public Library of Science (PLoS)","PLOS ONE","RETRACTED > Path analysis based on genetic association of yield components and insects pest in upland cotton varieties","10.1371/journal.pone.0260971","11","1","2022-08-31 retracted","Hoya Camphorifolia"
"2022","article","Public Library of Science (PLoS)","PLOS ONE","Do precarious female employment and political autonomy affect the under-5 mortality rate? Evidence from 166 countries","10.1371/journal.pone.0269575","11","1","2024-10-10 retracted","Hoya Camphorifolia"
"2015","article","Public Library of Science (PLoS)","PLOS ONE","RETRACTED > The Human Homolog of Drosophila Headcase Acts as a Tumor Suppressor through Its Blocking Effect on the Cell Cycle in Hepatocellular Carcinoma","10.1371/journal.pone.0137579","11","1","2019-04-02 retracted","Glonium Stellatum"
"2013","article","Public Library of Science (PLoS)","PLOS ONE","Relationship between the Autoantibody and Expression of β3-Adrenoceptor in Lung and Heart","10.1371/journal.pone.0068747","11","1","2025-06-18 retracted","Elisabeth M Bik, Peer 1, Hoya Camphorifolia"
"2014","article","Public Library of Science (PLoS)","PLOS ONE","RETRACTED > Nuclear Factor Kappa-B Signaling Is Integral to Ocular Neovascularization in Ischemia-Independent Microenvironment","10.1371/journal.pone.0101602","11","1","2019-12-30 retracted","Elisabeth M Bik, Diplazium Echinatum"
"2024","article","Public Library of Science (PLoS)","PLOS ONE","Early detection of plant leaf diseases using stacking hybrid learning","10.1371/journal.pone.0313607","11","0","2025-07-21 retracted","Hoya Camphorifolia, Phanerotoma Behriae"
"2024","article","Public Library of Science (PLoS)","PLOS ONE","Unveiling the affecting mechanism of digital transformation on total factor productivity of Chinese firms","10.1371/journal.pone.0298428","11","0","2024-11-11 retracted","Hoya Camphorifolia"
"2020","article","Public Library of Science (PLoS)","PLOS ONE","Adoption of image surface parameters under moving edge computing in the construction of mountain fire warning method","10.1371/journal.pone.0232433","11","0","2025-03-05 retracted","Hoya Camphorifolia"
"2023","article","Public Library of Science (PLoS)","PLOS ONE","Green transition in manufacturing: Dynamics and simulation","10.1371/journal.pone.0280389","11","0","2025-08-25 retracted","Hoya Camphorifolia"
"2023","article","Public Library of Science (PLoS)","PLOS ONE","Can low-carbon pilot policies improve the efficiency of urban carbon emissions?——A quasi-natural experiment based on 282 prefecture-level cities across China","10.1371/journal.pone.0282109","11","0","2025-08-25 retracted","Hoya Camphorifolia"
"2022","article","Public Library of Science (PLoS)","PLOS ONE","The world’s first glyphosate-resistant case of Avena fatua L. and Avena sterilis ssp. ludoviciana (Durieu) Gillet & Magne and alternative herbicide options for their control","10.1371/journal.pone.0262494","11","0","2025-03-24 retracted","Hoya Camphorifolia"
"2020","article","Public Library of Science (PLoS)","PLOS ONE","RETRACTED > The application of key feature extraction algorithm based on Gabor wavelet transformation in the diagnosis of lumbar intervertebral disc degenerative changes","10.1371/journal.pone.0227894","11","0","2023-09-25 retracted","Guillaume Cabanac"
"2016","article","Public Library of Science (PLoS)","PLOS Neglected Tropical Diseases","RETRACTED > Genetic Manipulation of Leishmania donovani to Explore the Involvement of Argininosuccinate Synthase in Oxidative Stress Management","10.1371/journal.pntd.0004308","11","0","2023-03-10 retracted","Elisabeth M Bik, Actinopolyspora Biskrensis"
"2022","article","Public Library of Science (PLoS)","PLOS ONE","RETRACTED > Alleviation of temperature stress in maize by integration of foliar applied growth promoting substances and sowing dates","10.1371/journal.pone.0260916","11","0","2022-08-17 retracted","Desmococcus Antarctica"
"2020","article","Public Library of Science (PLoS)","PLOS ONE","Cross-cultural adaptation and psychometric testing of the Arabic version of the Modified Oswestry Low Back Pain Disability Questionnaire","10.1371/journal.pone.0231382","11","0","2022-06-09 retracted","–"
"2021","article","Public Library of Science (PLoS)","PLOS ONE","Foliar application of seed water extract of Nigella sativa improved maize growth in cadmium-contaminated soil","10.1371/journal.pone.0254602","11","0","2023-06-14 retracted","–"
"2010","article","Public Library of Science (PLoS)","PLOS Pathogens","RETRACTED > EBV Promotes Human CD8+ NKT Cell Development","10.1371/journal.ppat.1000915","11","0","2010-12-03 retracted","–"
"2022","article","Public Library of Science (PLoS)","PLOS ONE","Accuracy Assessment of Kriging, artificial neural network, and a hybrid approach integrating spatial and terrain data in estimating and mapping of soil organic carbon","10.1371/journal.pone.0268658","11","0","2022-09-30 retracted","–"
"2019","article","Public Library of Science (PLoS)","PLOS ONE","Social success of perfumes","10.1371/journal.pone.0218664","10","102","2019-09-10 retracted","–"
"2009","article","Public Library of Science (PLoS)","PLOS ONE","RETRACTED > Susceptibility to Infection and Immune Response in Insular and Continental Populations of Egyptian Vulture: Implications for Conservation","10.1371/journal.pone.0006333","10","15","2012-10-01 retracted","Peer 1"
"2013","article","Public Library of Science (PLoS)","PLOS ONE","Biodegradation of the Allelopathic Chemical m-Tyrosine by Bacillus aquimaris SSC5 Involves the Homogentisate Central Pathway","10.1371/journal.pone.0075928","10","15","2014-07-09 retracted","–"
"2014","article","Public Library of Science (PLoS)","PLOS ONE","RETRACTED > MicroRNA-302a Functions as a Putative Tumor Suppressor in Colon Cancer by Targeting Akt","10.1371/journal.pone.0115980","10","12","2015-09-25 retracted","Peer 1"
"2012","article","Public Library of Science (PLoS)","PLOS Computational Biology","RETRACTED > Multi-scale Inference of Interaction Rules in Animal Groups Using Bayesian Model Selection","10.1371/journal.pcbi.1002308","10","12","2012-08-07 retracted","–"
"2017","article","Public Library of Science (PLoS)","PLOS ONE","Rbm46 regulates mouse embryonic stem cell differentiation by targeting β-Catenin mRNA for degradation","10.1371/journal.pone.0172420","10","11","2021-11-09 retracted","–"
"2016","article","Public Library of Science (PLoS)","PLOS ONE","Virulent Diuraphis noxia Aphids Over-Express Calcium Signaling Proteins to Overcome Defenses of Aphid-Resistant Wheat Plants","10.1371/journal.pone.0146809","10","9","2018-01-18 retracted","–"
"2020","article","Public Library of Science (PLoS)","PLOS ONE","Single image super-resolution via Image Quality Assessment-Guided Deep Learning Network","10.1371/journal.pone.0241313","10","6","2025-04-09 retracted","Hoya Camphorifolia"
"2021","article","Public Library of Science (PLoS)","PLOS ONE","RETRACTED > One-year outcome and survival analysis of deferred ventricular septal repair in cardiogenic shock supported with mechanical circulatory support","10.1371/journal.pone.0256377","10","2","2022-08-11 retracted","Sylvain Bernès, Gerris Caucasicus"
"2021","article","Public Library of Science (PLoS)","PLOS ONE","Effect of comb age on cell measurements and worker body size","10.1371/journal.pone.0260865","10","2","2022-09-30 retracted","–"
"2014","article","Public Library of Science (PLoS)","PLOS ONE","RETRACTED > Intermittent Hypoxia Effect on Osteoclastogenesis Stimulated by Neuroblastoma Cells","10.1371/journal.pone.0105555","10","1","2018-06-05 retracted","Malakichthys Barbatus, Lotus Azoricus"
"2023","article","Public Library of Science (PLoS)","PLOS ONE","Coupling coordination evaluation and driving path of digital economy and carbon emission efficiency in China: A fuzzy-set qualitative comparative analysis based on 30 provinces","10.1371/journal.pone.0287819","10","1","2025-08-25 retracted","Hoya Camphorifolia, Rhipidura Albiventris"
"2022","article","Public Library of Science (PLoS)","PLOS ONE","RETRACTED > Potential of antiviral peptide-based SARS-CoV-2 inactivators to combat COVID-19","10.1371/journal.pone.0268919","10","1","2022-08-31 retracted","Hoya Camphorifolia"
"2023","article","Public Library of Science (PLoS)","PLOS ONE","Investigating the relationship between erythropoiesis-stimulating agents and mortality in hemodialysis patients: A systematic review and meta-analysis","10.1371/journal.pone.0293980","10","1","2025-12-17 retracted","Hoya Camphorifolia"
"2024","article","Public Library of Science (PLoS)","PLOS ONE","Efficient lung cancer detection using computational intelligence and ensemble learning","10.1371/journal.pone.0310882","10","1","2025-05-12 retracted","Hoya Camphorifolia"
"2021","article","Public Library of Science (PLoS)","PLOS ONE","RETRACTED > Comparing the controlled attenuation parameter using FibroScan and attenuation imaging with ultrasound as a novel measurement for liver steatosis","10.1371/journal.pone.0254892","10","1","2022-08-22 retracted","Gerris Caucasicus"
"2013","article","Public Library of Science (PLoS)","PLOS ONE","RETRACTED > Enhanced Translation of mRNAs Encoding Proteins Involved in mRNA Translation during Recovery from Heat Shock","10.1371/journal.pone.0064171","10","1","2021-01-29 retracted","Elisabeth M Bik, Peer 1, Diatrypella Vulgaris"
"2014","article","Public Library of Science (PLoS)","PLOS ONE","RETRACTED > Human Phosphatidylethanolamine-Binding Protein 4 Promoted the Radioresistance of Human Rectal Cancer by Activating Akt in an ROS-Dependent Way","10.1371/journal.pone.0090062","10","1","2019-01-10 retracted","Elisabeth M Bik, Amylax Triacantha"
"2024","article","Public Library of Science (PLoS)","PLOS ONE","RETRACTED: Evaluation of influencing factors of China university teaching quality based on fuzzy logic and deep learning technology","10.1371/journal.pone.0303613","10","0","2026-06-23 retracted","Hoya Camphorifolia, Rhipidura Albiventris"
"2024","article","Public Library of Science (PLoS)","PLOS ONE","RETRACTED: Sulfate activation of wheat straw ash to enhance the properties of high-performance concrete with recycled aggregates and waste tire steel fibers","10.1371/journal.pone.0311838","10","0","2026-04-03 retracted","Hoya Camphorifolia, Guillaume Cabanac"
"2023","article","Public Library of Science (PLoS)","PLOS ONE","RETRACTED: Utilization of solid mine waste in the building materials for 3D printing","10.1371/journal.pone.0292951","10","0","2026-03-23 retracted","Hoya Camphorifolia, Gerris Pingreensis"
"2021","article","Public Library of Science (PLoS)","PLOS ONE","The mechanism of digitized landscape architecture design under edge computing","10.1371/journal.pone.0252087","10","0","2024-05-01 retracted","Hoya Camphorifolia, Alexander Magazinov"
"2025","article","Public Library of Science (PLoS)","PLOS ONE","Fast fault diagnosis of smart grid equipment based on deep neural network model based on knowledge graph","10.1371/journal.pone.0315143","10","0","2026-04-08 retracted","Hoya Camphorifolia"
"2020","article","Public Library of Science (PLoS)","PLOS ONE","Case–control study to develop and validate a questionnaire for the secondary prevention of endometriosis","10.1371/journal.pone.0230828","10","0","2026-05-05 retracted","Hoya Camphorifolia"
"2024","article","Public Library of Science (PLoS)","PLOS ONE","RETRACTED: Population growth poses a significant threat to forest ecosystems: A case study from the Hindukush-Himalayas of Pakistan","10.1371/journal.pone.0302192","10","0","2026-03-03 retracted","Hoya Camphorifolia"
"2014","article","Public Library of Science (PLoS)","PLOS ONE","RETRACTED > Salvage Liver Transplantation for Recurrent Hepatocellular Carcinoma after Liver Resection: Retrospective Study of the Milan and Hangzhou Criteria","10.1371/journal.pone.0087222","10","0","2019-07-23 retracted","Hibbertia Pedunculata"
"2022","article","Public Library of Science (PLoS)","PLOS ONE","RETRACTED > Application of LDA and word2vec to detect English off-topic composition","10.1371/journal.pone.0264552","10","0","2023-03-15 retracted","Gerris Caucasicus"
"2010","article","Public Library of Science (PLoS)","PLOS ONE","RETRACTED > A Femtomol Range FRET Biosensor Reports Exceedingly Low Levels of Cell Surface Furin: Implications for the Processing of Anthrax Protective Antigen","10.1371/journal.pone.0011305","10","0","2022-05-26 retracted","Elisabeth M Bik"
"2021","article","Public Library of Science (PLoS)","PLOS ONE","RETRACTED > Suitable nitrogen application mode and lateral spacing for drip-irrigated winter wheat in North China Plain","10.1371/journal.pone.0260008","10","0","2022-09-14 retracted","Desmococcus Antarctica"
"2016","article","Public Library of Science (PLoS)","PLOS ONE","RETRACTED > QiShenYiQi Attenuates Renal Interstitial Fibrosis by Blocking the Activation of β-Catenin","10.1371/journal.pone.0162873","10","0","2024-01-23 retracted","Condylocarpon Amazonicum, Actinopolyspora Biskrensis, Orchestes Quercus, Gerris Pingreensis, Jun Ai"
"2015","article","Public Library of Science (PLoS)","PLOS ONE","Association between Polymorphism of the Interleukin-13 Gene and Susceptibility to Hepatocellular Carcinoma in the Chinese Population","10.1371/journal.pone.0116682","10","0","2017-07-12 retracted","–"
"2019","article","Public Library of Science (PLoS)","PLOS ONE","RETRACTED > Is insulin resistance the cause of fibromyalgia? A preliminary report","10.1371/journal.pone.0216079","9","354","2019-12-02 retracted","Deronectes Aubei, Physella Wrighti"
"2014","article","Public Library of Science (PLoS)","PLOS ONE","Optimized Scorpion Polypeptide LMX: A Pest Control Protein Effective against Rice Leaf Folder","10.1371/journal.pone.0100232","9","16","2024-10-14 retracted","Elisabeth M Bik, Peer 1, Hoya Camphorifolia"
"2012","article","Public Library of Science (PLoS)","PLOS ONE","Mutual Regulation of Bcl-2 Proteins Independent of the BH3 Domain as Shown by the BH3-Lacking Protein Bcl-xAK","10.1371/journal.pone.0034549","9","15","2024-11-22 retracted","Erica Pectinifolia, Ophiocentrus Aspera, Baetis Maderensis, Rhinatrema Bivittatum, Ethmia Eupostica"
"2013","article","Public Library of Science (PLoS)","PLOS ONE","Up-Regulation of pVHL along with Down-Regulation of HIF-1α by NDRG2 Expression Attenuates Proliferation and Invasion in Renal Cancer Cells","10.1371/journal.pone.0084127","9","15","2014-04-16 retracted","Actinopolyspora Biskrensis"
"2019","article","Public Library of Science (PLoS)","PLOS ONE","RETRACTED > A parallel randomized controlled trial examining the effects of rhythmic sensory stimulation on fibromyalgia symptoms","10.1371/journal.pone.0212021","9","14","2020-03-06 retracted","Tetracera Parviflora"
"2022","article","Public Library of Science (PLoS)","PLOS ONE","RETRACTED > Appraisal of foliar spray of iron and salicylic acid under artificial magnetism on morpho-physiological attributes of pea (Pisum sativum L.) plants","10.1371/journal.pone.0265654","9","6","2022-09-14 retracted","Desmococcus Antarctica"
"2012","article","Public Library of Science (PLoS)","PLOS ONE","Small-Molecule Quinolinol Inhibitor Identified Provides Protection against BoNT/A in Mice","10.1371/journal.pone.0047110","9","5","2013-09-05 retracted","–"
"2022","article","Public Library of Science (PLoS)","PLOS ONE","Genome-wide investigation and functional analysis of RNA editing sites in wheat","10.1371/journal.pone.0265270","9","2","2022-09-30 retracted","–"
"2021","article","Public Library of Science (PLoS)","PLOS ONE","Impact of donors’ financial fairness perception on donation intention in nonprofit organizations after COVID-19 outbreak","10.1371/journal.pone.0251991","9","1","2025-03-18 retracted","Hoya Camphorifolia, Rhipidura Albiventris"
"2016","article","Public Library of Science (PLoS)","PLOS ONE","FSM-F: Finite State Machine Based Framework for Denial of Service and Intrusion Detection in MANET","10.1371/journal.pone.0156885","9","1","2026-02-23 retracted","Hoya Camphorifolia, Guillaume Cabanac"
"2021","article","Public Library of Science (PLoS)","PLOS ONE","RETRACTED > Sudden infant death syndrome: Melatonin, serotonin, and CD34 factor as possible diagnostic markers and prophylactic targets","10.1371/journal.pone.0256197","9","1","2023-11-13 retracted","Hoya Camphorifolia, Actinopolyspora Biskrensis"
"2024","article","Public Library of Science (PLoS)","PLOS ONE","Boosting happiness in left-behind children: Unveiling the power of physical activity through cognitive reappraisal and psychological resilience","10.1371/journal.pone.0309291","9","1","2026-02-06 retracted","Hoya Camphorifolia"
"2022","article","Public Library of Science (PLoS)","PLOS ONE","RETRACTED > Screening of drug candidates against Endothelin-1 to treat hypertension using computational based approaches: Molecular docking and dynamics simulation","10.1371/journal.pone.0269739","9","1","2023-04-26 retracted","Gerris Caucasicus"
"2014","article","Public Library of Science (PLoS)","PLOS ONE","RETRACTED > New Diagnosis and Therapy Model for Ischemic-Type Biliary Lesions following Liver Transplantation—A Retrospective Cohort Study","10.1371/journal.pone.0105795","9","1","2019-09-06 retracted","Diglyphus Albinervis"
"2007","article","Public Library of Science (PLoS)","PLOS Computational Biology","RETRACTED > Measures of Clade Confidence Do Not Correlate with Accuracy of Phylogenetic Trees","10.1371/journal.pcbi.0030051","9","1","2007-07-20 retracted","–"
"2023","article","Public Library of Science (PLoS)","PLOS ONE","RETRACTED > Modified CPT-TODIM method for evaluating the development level of digital inclusive finance under probabilistic hesitant fuzzy environment","10.1371/journal.pone.0282968","9","0","2023-05-30 retracted","Hoya Camphorifolia, Rhipidura Albiventris"
"2020","article","Public Library of Science (PLoS)","PLOS ONE","Ecopolitical discourse: Authoritarianism or democracy? — Evidence from China","10.1371/journal.pone.0239872","9","0","2025-04-09 retracted","Hoya Camphorifolia, Rhipidura Albiventris"
"2024","article","Public Library of Science (PLoS)","PLOS ONE","RETRACTED: Embracing the digital revolution: Examining the relationship between ICT adoption and carbon emissions in the Persian Gulf","10.1371/journal.pone.0304088","9","0","2025-10-23 retracted","Hoya Camphorifolia, Guillaume Cabanac"
"2018","article","Public Library of Science (PLoS)","PLOS ONE","17β-estradiol upregulates striatin protein levels via Akt pathway in human umbilical vein endothelial cells","10.1371/journal.pone.0202500","9","0","2025-01-17 retracted","Hoya Camphorifolia, Gerris Pingreensis"
"2022","article","Public Library of Science (PLoS)","PLOS ONE","RETRACTED > Integrated use of phosphorus, farmyard manure and biofertilizer improves the yield and phosphorus uptake of black gram in silt loam soil","10.1371/journal.pone.0266753","9","0","2022-08-31 retracted","Hoya Camphorifolia, Desmococcus Antarctica"
"2024","article","Public Library of Science (PLoS)","PLOS ONE","Validation of postnatal growth and retinopathy of prematurity (G-ROP) screening guidelines in a tertiary care hospital of Pakistan: A report from low-middle income country","10.1371/journal.pone.0302534","9","0","2025-06-30 retracted","Hoya Camphorifolia"
"2017","article","Public Library of Science (PLoS)","PLOS ONE","RETRACTED > rs10499194 polymorphism in the tumor necrosis factor-α inducible protein 3 (TNFAIP3) gene is associated with type-1 autoimmune hepatitis risk in Chinese Han population","10.1371/journal.pone.0176471","9","0","2018-03-27 retracted","Hoya Camphorifolia"
"2024","article","Public Library of Science (PLoS)","PLOS ONE","Role of scientific and technological innovations on industrial upgradation in China: A spatial econometric analysis","10.1371/journal.pone.0304344","9","0","2024-11-11 retracted","Hoya Camphorifolia"
"2021","article","Public Library of Science (PLoS)","PLOS ONE","Lithological information extraction and classification in hyperspectral remote sensing data using Backpropagation Neural Network","10.1371/journal.pone.0254542","9","0","2024-03-20 retracted","Hoya Camphorifolia"
"2023","article","Public Library of Science (PLoS)","PLOS ONE","RETRACTED: Does globalization and ecological footprint in OECD lead to national happiness","10.1371/journal.pone.0288630","9","0","2026-04-15 retracted","Hoya Camphorifolia"
"2022","article","Public Library of Science (PLoS)","PLOS ONE","Exploring rural inhabitants’ perceptions towards food wastage during COVID-19 lockdowns: Implications for food security in Pakistan","10.1371/journal.pone.0264534","9","0","2024-11-11 retracted","Hoya Camphorifolia"
"2024","article","Public Library of Science (PLoS)","PLOS ONE","Exploring the impact of climate technology, financial inclusion and renewable energy on ecological footprint: Evidence from top polluted economies","10.1371/journal.pone.0302034","9","0","2025-05-07 retracted","Hoya Camphorifolia"
"2024","article","Public Library of Science (PLoS)","PLOS ONE","RETRACTED: Navigating board dynamics: Configuration analysis of corporate governance’s factors and their impact on bank performance","10.1371/journal.pone.0300283","9","0","2025-10-23 retracted","Hoya Camphorifolia"
"2014","article","Public Library of Science (PLoS)","PLOS ONE","RETRACTED > Neuronal Differentiation Dictates Estrogen-Dependent Survival and ERK1/2 Kinetic by Means of Caveolin-1","10.1371/journal.pone.0109671","9","0","2019-10-23 retracted","Elisabeth M Bik, Mitracarpus Capitatus, Leucanella Acutissima, Clerodendrum Cephalanthum, Taibaiella Coffeisoli, Pharus Legumen, Floriana Volpicelli, Chamaegigas Intrepidus"
"2023","article","Public Library of Science (PLoS)","PLOS ONE","Dermokine mutations contribute to epithelial-mesenchymal transition and advanced melanoma through ERK/MAPK pathways","10.1371/journal.pone.0285806","9","0","2024-03-26 retracted","Actinopolyspora Biskrensis, Mycosphaerella Arachidis, Saber Imani"
"2022","article","Public Library of Science (PLoS)","PLOS ONE","Seed priming with growth regulators modulates production, physiology and antioxidant defense of Indian squash (Praecitrullus fistulosus) under semi-arid conditions","10.1371/journal.pone.0265694","9","0","2022-09-14 retracted","–"
"2016","article","Public Library of Science (PLoS)","PLOS ONE","Prognostic Role of Secretory Clusterin in Multiple Human Malignant Neoplasms: A Meta-Analysis of 26 Immunohistochemistry Studies","10.1371/journal.pone.0161150","9","0","2023-05-04 retracted","–"
"2017","article","Public Library of Science (PLoS)","PLOS ONE","RETRACTED > Atomic resolution studies detect new biologic evidences on the Turin Shroud","10.1371/journal.pone.0180487","8","308","2018-07-19 retracted","–"
"2024","article","Public Library of Science (PLoS)","PLOS ONE","SARS-CoV2 mRNA vaccine intravenous administration induces myocarditis in chronic inflammation","10.1371/journal.pone.0311726","8","154","2026-05-21 retracted","Hoya Camphorifolia"
"2018","article","Public Library of Science (PLoS)","PLOS ONE","RETRACTED > Comparison of acupuncture and other drugs for chronic constipation: A network meta-analysis","10.1371/journal.pone.0196128","8","86","2018-07-19 retracted","Paraburkholderia Phenoliruptrix"
"2020","article","Public Library of Science (PLoS)","PLOS ONE","RETRACTED > Interactive effects of increased temperature, elevated pCO2 and different nitrogen sources on the coccolithophore Gephyrocapsaoceanica","10.1371/journal.pone.0235755","8","11","2020-10-13 retracted","Lasiocroton Microphyllus"
"2013","article","Public Library of Science (PLoS)","PLOS ONE","Net Expression Inhibits the Growth of Pancreatic Ductal Adenocarcinoma Cell PL45 In Vitro and In Vivo","10.1371/journal.pone.0057818","8","10","2024-12-12 retracted","Elisabeth M Bik, Hedeoma Pulegioides, Actinopolyspora Biskrensis"
"2019","article","Public Library of Science (PLoS)","PLOS Genetics","RETRACTED > Pleiotropic role of Drosophila phosphoribosyl pyrophosphate synthetase in autophagy and lysosome homeostasis","10.1371/journal.pgen.1008376","8","9","2022-02-04 retracted","Aeschynanthus Pachyanthus"
"2022","article","Public Library of Science (PLoS)","PLOS ONE","RETRACTED > Foliar application of mepiquat chloride and nitrogen improves yield and fiber quality traits of cotton (Gossypium hirsutum L.)","10.1371/journal.pone.0268907","8","8","2022-08-31 retracted","Hoya Camphorifolia"
"2021","article","Public Library of Science (PLoS)","PLOS Pathogens","Androgen receptor transactivates KSHV noncoding RNA PAN to promote lytic replication–mediated oncogenesis: A mechanism of sex disparity in KS","10.1371/journal.ppat.1009947","8","7","2026-06-04 retracted","Artedidraco Skottsbergi, Xing Wang"
"2013","article","Public Library of Science (PLoS)","PLOS ONE","RETRACTED > SHBG Is an Important Factor in Stemness Induction of Cells by DHT In Vitro and Associated with Poor Clinical Features of Prostate Carcinomas","10.1371/journal.pone.0070558","8","5","2020-08-05 retracted","Stahnkeus Deserticola, Eutetrapha Ocelota, Hydrangea Yayeyamensis"
"2021","article","Public Library of Science (PLoS)","PLOS ONE","RETRACTED > Diversity of fungal pathogens associated with loquat and development of novel virulence scales","10.1371/journal.pone.0257951","8","5","2022-08-03 retracted","Gerris Caucasicus"
"2021","article","Public Library of Science (PLoS)","PLOS ONE","The impact of insecticides and plant extracts on the suppression of insect vector (Bemisia tabaci) of Mungbean yellow mosaic virus (MYMV)","10.1371/journal.pone.0256449","8","5","2022-08-03 retracted","–"
"2012","article","Public Library of Science (PLoS)","PLOS ONE","RETRACTED > DMA, a Bisbenzimidazole, Offers Radioprotection by Promoting NFκB Transactivation through NIK/IKK in Human Glioma Cells","10.1371/journal.pone.0039426","8","4","2020-06-03 retracted","Lottia Cassis, Lestes Umbrina"
"2013","article","Public Library of Science (PLoS)","PLOS ONE","Changes in Innate and Permissive Immune Responses after HBV Transgenic Mouse Vaccination and lLong-Term-siRNA Treatment","10.1371/journal.pone.0057525","8","4","2021-12-16 retracted","Elisabeth M Bik, Chirostoma Humboldtianum"
"2023","article","Public Library of Science (PLoS)","PLOS ONE","Fumagillin regulates stemness and malignancies in cancer stem-like cells derived from liver cancer via targeting to MetAP-2","10.1371/journal.pone.0289024","8","3","2024-03-26 retracted","Hoya Camphorifolia, Mycosphaerella Arachidis"
"2022","article","Public Library of Science (PLoS)","PLOS ONE","Wasp venom peptide improves the proapoptotic activity of alendronate sodium in A549 lung cancer cells","10.1371/journal.pone.0264093","8","3","2025-08-18 retracted","Hoya Camphorifolia, Diaporthe Angelicae, Phanerotoma Behriae"
"2018","article","Public Library of Science (PLoS)","PLOS ONE","Establishment and evaluation of the goose embryo epithelial (GEE) cell line as a new model for propagation of avian viruses","10.1371/journal.pone.0193876","8","3","2024-06-13 retracted","Hoya Camphorifolia"
"2023","article","Public Library of Science (PLoS)","PLOS ONE","RETRACTED: The impacts of economic policy uncertainty on firm cash holding in China","10.1371/journal.pone.0293306","8","2","2025-10-23 retracted","Hoya Camphorifolia, M Ángeles Oviedo-García"
"2022","article","Public Library of Science (PLoS)","PLOS ONE","Physio-biochemical responses and expressional profiling analysis of drought tolerant genes in new promising rice genotype","10.1371/journal.pone.0266087","8","2","2022-08-17 retracted","–"
"2021","article","Public Library of Science (PLoS)","PLOS ONE","RETRACTED > Identification and characterization of genes related to salt stress tolerance within segregation distortion regions of genetic map in F2 population of upland cotton","10.1371/journal.pone.0247593","8","1","2022-10-21 retracted","Rhipidura Albiventris, Gerris Caucasicus"
"2021","article","Public Library of Science (PLoS)","PLOS ONE","Regional effects of the renewable energy components on CO2 emissions of Asia-Pacific countries","10.1371/journal.pone.0256542","8","1","2025-05-07 retracted","Hoya Camphorifolia, Guillaume Cabanac, Petrocosmea Confluens"
"2022","article","Public Library of Science (PLoS)","PLOS Global Public Health","RETRACTED > Medication adherence and its associated factors among type 2 diabetic patients in Ethiopian General Hospital, 2019: Institutional based cross-sectional study","10.1371/journal.pgph.0000099","8","1","2023-04-10 retracted","Gerris Caucasicus"
"2012","article","Public Library of Science (PLoS)","PLOS ONE","RETRACTED > The Survival Benefit of Liver Transplantation for Hepatocellular Carcinoma Patients with Hepatitis B Virus Infection and Cirrhosis","10.1371/journal.pone.0050919","8","1","2019-08-30 retracted","Aspergillus Floccosus"
"2018","article","Public Library of Science (PLoS)","PLOS ONE","5-aminosalicylic acid improves lipid profile in mice fed a high-fat cholesterol diet through its dual effects on intestinal PPARγ and PPARα","10.1371/journal.pone.0191485","8","1","2018-07-12 retracted","–"
"2018","article","Public Library of Science (PLoS)","PLOS ONE","RETRACTED > Genetic variation and diversity in 199 Melilotus accessions based on a combination of 5 DNA sequences","10.1371/journal.pone.0194172","8","0","2020-03-05 retracted","Peltigera Granulosa"
"2024","article","Public Library of Science (PLoS)","PLOS ONE","Anti H. pylori, anti-secretory and gastroprotective effects of Thymus vulgaris on ethanol-induced gastric ulcer in Sprague Dawley rats","10.1371/journal.pone.0287569","8","0","2025-06-12 retracted","Hoya Camphorifolia, Guillaume Cabanac"
"2023","article","Public Library of Science (PLoS)","PLOS ONE","Greening the BRI countries through economic and political reforms","10.1371/journal.pone.0294967","8","0","2024-11-11 retracted","Hoya Camphorifolia"
"2023","article","Public Library of Science (PLoS)","PLOS ONE","RETRACTED: Correlations between parameters of glycaemic variability and foetal growth, neonatal hypoglycaemia and hyperbilirubinemia in women with gestational diabetes","10.1371/journal.pone.0282895","8","0","2025-12-18 retracted","Hoya Camphorifolia"
"2023","article","Public Library of Science (PLoS)","PLOS ONE","RETRACTED: Exploring novel fluorine-rich fuberidazole derivatives as hypoxic cancer inhibitors: Design, synthesis, pharmacokinetics, molecular docking, and DFT evaluations","10.1371/journal.pone.0262790","8","0","2026-05-05 retracted","Hoya Camphorifolia"
"2024","article","Public Library of Science (PLoS)","PLOS ONE","In Silico design of a multi-epitope vaccine for Human Parechovirus: Integrating immunoinformatics and computational techniques","10.1371/journal.pone.0302120","8","0","2025-05-08 retracted","Hoya Camphorifolia"
"2020","article","Public Library of Science (PLoS)","PLOS ONE","The data dimensionality reduction and bad data detection in the process of smart grid reconstruction through machine learning","10.1371/journal.pone.0237994","8","0","2025-03-05 retracted","Hoya Camphorifolia"
"2025","article","Public Library of Science (PLoS)","PLOS ONE","RETRACTED > RETRACTED: Advancing enterprise risk management with deep learning: A predictive approach using the XGBoost-CNN-BiLSTM model","10.1371/journal.pone.0319773","8","0","2026-02-23 retracted","Hoya Camphorifolia"
"2024","article","Public Library of Science (PLoS)","PLOS ONE","RETRACTED: Induction of heat shock protein expression in SP2/0 transgenic cells and its effect on the production of monoclonal antibodies","10.1371/journal.pone.0300702","8","0","2026-03-03 retracted","Hoya Camphorifolia"
"2024","article","Public Library of Science (PLoS)","PLOS ONE","Dynamic linkages between tourism development, renewable energy and high-quality economic development: Evidence from spatial Durbin model","10.1371/journal.pone.0295448","8","0","2025-09-04 retracted","Hoya Camphorifolia"
"2024","article","Public Library of Science (PLoS)","PLOS ONE","Structure-based virtual screening of Trachyspermum ammi metabolites targeting acetylcholinesterase for Alzheimer’s disease treatment","10.1371/journal.pone.0311401","8","0","2025-05-08 retracted","Hoya Camphorifolia"
"2022","article","Public Library of Science (PLoS)","PLOS ONE","RETRACTED > Silicon fertilization counteracts salinity-induced damages associated with changes in physio-biochemical modulations in spinach","10.1371/journal.pone.0267939","8","0","2022-09-14 retracted","Desmococcus Antarctica"
"2022","article","Public Library of Science (PLoS)","PLOS ONE","Abetting host immune response by inhibiting rhipicephalus sanguineus Evasin-1: An in silico approach","10.1371/journal.pone.0271401","8","0","2025-11-11 retracted","Acacia Gentlei, Chamaedorea Vulgata, Desmococcus Antarctica"
"2022","article","Public Library of Science (PLoS)","PLOS ONE","Mineral biofortification of vegetables through soil-applied poultry mortality compost","10.1371/journal.pone.0262812","8","0","2022-09-14 retracted","–"
"2021","article","Public Library of Science (PLoS)","PLOS ONE","The impact of horse purslane (Trianthema portulacastrum L.) infestation on soybean [Glycine max (L.) Merrill] productivity in northern irrigated plains of Pakistan","10.1371/journal.pone.0257083","8","0","2022-11-16 retracted","–"
"2015","article","Public Library of Science (PLoS)","PLOS ONE","RETRACTED > Metagenomic Human Repiratory Air in a Hospital Environment","10.1371/journal.pone.0139044","7","42","2016-01-13 retracted","Gerris Caucasicus PMC: David A Coil"
"2012","article","Public Library of Science (PLoS)","PLOS ONE","RETRACTED > Ectopic Pregnancy-Derived Human Trophoblastic Stem Cells Regenerate Dopaminergic Nigrostriatal Pathway to Treat Parkinsonian Rats","10.1371/journal.pone.0052491","7","26","2021-02-11 retracted","Triodia Vella"
"2020","article","Public Library of Science (PLoS)","PLOS ONE","Choosing the most appropriate minimally invasive approach to treat gynecologic cancers in the context of an enhanced recovery program: Insights from a comprehensive cancer center","10.1371/journal.pone.0231793","7","10","2025-12-18 retracted","Hoya Camphorifolia"
"2015","article","Public Library of Science (PLoS)","PLOS ONE","RETRACTED > Interleukin-1β-Induced Autophagy-Related Gene 5 Regulates Proliferation of Embryonic Stem Cell-Derived Odontoblastic Cells","10.1371/journal.pone.0124542","7","8","2019-10-18 retracted","Actinopolyspora Biskrensis, Gadopsis Bispinosus"
"2021","article","Public Library of Science (PLoS)","PLOS ONE","Tracking COVID-19 vaccine hesitancy and logistical challenges: A machine learning approach","10.1371/journal.pone.0252332","7","8","2021-07-22 retracted","–"
"2015","article","Public Library of Science (PLoS)","PLOS Genetics","RETRACTED > Loss of a Conserved tRNA Anticodon Modification Perturbs Plant Immunity","10.1371/journal.pgen.1005586","7","6","2017-04-24 retracted","Peer 1"
"2013","article","Public Library of Science (PLoS)","PLOS ONE","RETRACTED > Genomic Instability in Liver Cells Caused by an LPS-Induced Bystander-Like Effect","10.1371/journal.pone.0067342","7","6","2022-10-10 retracted","Elisabeth M Bik, Peer 1, Hoya Camphorifolia"
"2013","article","Public Library of Science (PLoS)","PLOS ONE","Drug-Eluting Stents for Acute Coronary Syndrome: A Meta-Analysis of Randomized Controlled Trials","10.1371/journal.pone.0072895","7","5","2016-07-26 retracted","–"
"2011","article","Public Library of Science (PLoS)","PLOS ONE","RETRACTED > A Regulatory Mechanism Involving TBP-1/Tat-Binding Protein 1 and Akt/PKB in the Control of Cell Proliferation","10.1371/journal.pone.0022800","7","2","2019-09-04 retracted","Unregistered Submission, Peer 2, Actinopolyspora Biskrensis, Arenaria Neelgherrensis, Coleosoma Acutiventer"
"2024","article","Public Library of Science (PLoS)","PLOS ONE","Investigating capital flight in South Asian countries: The dual influence of terrorism and corruption","10.1371/journal.pone.0295695","7","1","2025-09-04 retracted","Rhipidura Albiventris"
"2022","article","Public Library of Science (PLoS)","PLOS ONE","Screening and functional prediction of differentially expressed genes in walnut endocarp during hardening period based on deep neural network under agricultural internet of things","10.1371/journal.pone.0263755","7","1","2024-09-23 retracted","Hoya Camphorifolia, Rhipidura Albiventris"
"2020","article","Public Library of Science (PLoS)","PLOS ONE","Control of hybrid electromagnetic bearing and elastic foil gas bearing under deep learning","10.1371/journal.pone.0243107","7","1","2025-03-18 retracted","Hoya Camphorifolia, Rhipidura Albiventris"
"2021","article","Public Library of Science (PLoS)","PLOS ONE","RETRACTED > Evaluation of morphological traits of wheat varieties at germination stage under salinity stress","10.1371/journal.pone.0258703","7","1","2022-08-31 retracted","Hoya Camphorifolia, Gerris Caucasicus, Desmococcus Antarctica"
"2022","article","Public Library of Science (PLoS)","PLOS ONE","Targeted non AR mediated smart delivery of abiraterone to the prostate cancer","10.1371/journal.pone.0272396","7","1","2025-04-02 retracted","Hoya Camphorifolia, Dysdera Arabisenen"
"2022","article","Public Library of Science (PLoS)","PLOS ONE","RETRACTED > Genome-wide exploration of sugar transporter (sweet) family proteins in Fabaceae for Sustainable protein and carbon source","10.1371/journal.pone.0268154","7","1","2022-08-31 retracted","Hoya Camphorifolia"
"2024","article","Public Library of Science (PLoS)","PLOS ONE","Digital economy, resource distortion and low-carbon inclusive development-Evidence from the perspectives of a threshold effect and knowledge spillover effect","10.1371/journal.pone.0302402","7","1","2026-07-08 retracted","Hoya Camphorifolia"
"2024","article","Public Library of Science (PLoS)","PLOS ONE","Risk and causality Co-movement of Malaysia’s stock market with its emerging and OECD trading partners. Evidence from the wavelet approach","10.1371/journal.pone.0296712","7","1","2025-08-25 retracted","Hoya Camphorifolia"
"2013","article","Public Library of Science (PLoS)","PLOS ONE","RETRACTED > Heat Shock Protein 27 Is Spatially Distributed in the Human Placenta and Decreased during Labor","10.1371/journal.pone.0071127","7","1","2018-06-22 retracted","Elisabeth M Bik, Apple Chlorotic"
"2020","article","Public Library of Science (PLoS)","PLOS ONE","RETRACTED > A facile sonochemical protocol for synthesis of 3-amino- and 4-amino-1,2,4-triazole derived Schiff bases as potential antibacterial agents","10.1371/journal.pone.0229891","7","1","2020-08-20 retracted","Callicarpa Japonica"
"2022","article","Public Library of Science (PLoS)","PLOS ONE","Thin layer drying kinetics and quality dynamics of persimmon (Diospyros kaki) treated with preservatives and solar dried under different temperatures","10.1371/journal.pone.0265111","7","1","2022-09-22 retracted","–"
"2022","article","Public Library of Science (PLoS)","PLOS ONE","Cytotoxic effects of Lavandula angustifolia seed extracts on the viability of Huh-7 and Chang liver cells","10.1371/journal.pone.0267499","7","1","2022-09-30 retracted","–"
"2021","article","Public Library of Science (PLoS)","PLOS ONE","Genome-wide analysis of bZIP, BBR, and BZR transcription factors in Triticum aestivum","10.1371/journal.pone.0259404","7","1","2022-08-17 retracted","–"
"2013","article","Public Library of Science (PLoS)","PLOS ONE","RETRACTED > Residues 240–250 in the C-Terminus of the Pirh2 Protein Complement the Function of the RING Domain in Self-Ubiquitination of the Pirh2 Protein","10.1371/journal.pone.0082803","7","0","2021-08-26 retracted","Pelargonium Sublignosum"
"2020","article","Public Library of Science (PLoS)","PLOS ONE","RETRACTED > Evaluation of carboxymethylated plectranthus edulis starch as a suspending agent in metronidazole benzoate suspension formulations","10.1371/journal.pone.0228547","7","0","2021-09-07 retracted","Neoneura Esthera"
"2020","article","Public Library of Science (PLoS)","PLOS ONE","Dynamic performances of a bird-like flapping wing robot under randomly uncertain disturbances","10.1371/journal.pone.0232202","7","0","2024-09-23 retracted","Hoya Camphorifolia, Rhipidura Albiventris"
"2021","article","Public Library of Science (PLoS)","PLOS ONE","RETRACTED > The role of clustering algorithm-based big data processing in information economy development","10.1371/journal.pone.0246718","7","0","2023-08-24 retracted","Hoya Camphorifolia, Rhipidura Albiventris"
"2022","article","Public Library of Science (PLoS)","PLOS ONE","RETRACTED > Formation of recombinant bifunctional fusion protein: A newer approach to combine the activities of two enzymes in a single protein","10.1371/journal.pone.0265969","7","0","2022-08-31 retracted","Hoya Camphorifolia, Desmococcus Antarctica"
"2021","article","Public Library of Science (PLoS)","PLOS ONE","Research on multi-objective optimal scheduling considering the balance of labor workload distribution","10.1371/journal.pone.0255737","7","0","2025-03-05 retracted","Hoya Camphorifolia"
"2022","article","Public Library of Science (PLoS)","PLOS ONE","Analysis of the factors influencing the college students’ employment willingness under the strategy of “strengthening the provincial capital”","10.1371/journal.pone.0278164","7","0","2024-08-28 retracted","Hoya Camphorifolia"
"2022","article","Public Library of Science (PLoS)","PLOS ONE","RETRACTED: RETRACTED: Prevalence, correlates of undernutrition and intestinal parasitic infection among children below 5 years living in the forest community of Ndelele, East Region of Cameroon: A cross-sectional assessment","10.1371/journal.pone.0278333","7","0","2025-10-07 retracted","Hoya Camphorifolia"
"2023","article","Public Library of Science (PLoS)","PLOS ONE","Purification and characterization of novel isoforms of the polyphenol oxidase from Malus domestica fruit pulp","10.1371/journal.pone.0276041","7","0","2025-05-12 retracted","Hoya Camphorifolia"
"2023","article","Public Library of Science (PLoS)","PLOS ONE","RETRACTED: Kidney damage on fertility and pregnancy: A Mendelian randomization","10.1371/journal.pone.0288788","7","0","2025-12-18 retracted","Hoya Camphorifolia"
"2023","article","Public Library of Science (PLoS)","PLOS ONE","RETRACTED: Determinants of correct knowledge on tuberculosis transmission and self-reported tuberculosis prevalence among general population aged 15–49 years in Myanmar","10.1371/journal.pone.0290470","7","0","2026-05-29 retracted","Hoya Camphorifolia"
"2024","article","Public Library of Science (PLoS)","PLOS ONE","Encirclement of productive capacities and institutions in context of sustainable development","10.1371/journal.pone.0297350","7","0","2024-11-11 retracted","Hoya Camphorifolia"
"2024","article","Public Library of Science (PLoS)","PLOS ONE","Exploring the link between economic policy uncertainty, financial development, ecological innovation and environmental degradation; evidence from OECD countries","10.1371/journal.pone.0307014","7","0","2025-05-07 retracted","Hoya Camphorifolia"
"2024","article","Public Library of Science (PLoS)","PLOS ONE","Nexus of green energy, financial inclusion, militarization, and environmental sustainability: A global perspective","10.1371/journal.pone.0301122","7","0","2025-09-04 retracted","Hoya Camphorifolia"
"2024","article","Public Library of Science (PLoS)","PLOS ONE","RETRACTED: Economic expansion and innovation: A comprehensive analysis of Pakistan’s path to technological excellence","10.1371/journal.pone.0300734","7","0","2025-10-09 retracted","Hoya Camphorifolia"
"2024","article","Public Library of Science (PLoS)","PLOS ONE","RETRACTED: Arctigenin inhibits the progression of colorectal cancer through epithelial-mesenchymal transition via PI3K/Akt/mTOR signaling pathway","10.1371/journal.pone.0308947","7","0","2026-01-26 retracted","Hoya Camphorifolia"
"2024","article","Public Library of Science (PLoS)","PLOS ONE","Unlocking SME growth: Analyzing the government subsidies’ impact on financing in China","10.1371/journal.pone.0304589","7","0","2026-01-26 retracted","Hoya Camphorifolia"
"2025","article","Public Library of Science (PLoS)","PLOS ONE","RETRACTED: The effect of biosynthesized silver nanoparticles on Pseudomonas aeruginosa-infected dogs wounds","10.1371/journal.pone.0313166","7","0","2026-06-23 retracted","Hoya Camphorifolia"
"2019","article","Public Library of Science (PLoS)","PLOS ONE","Dye diffusion during laparoscopic tubal patency tests may suggest a lymphatic contribution to dissemination in endometriosis: A prospective, observational study","10.1371/journal.pone.0226264","7","0","2025-12-18 retracted","Hoya Camphorifolia"
"2012","article","Public Library of Science (PLoS)","PLOS ONE","RETRACTED > Relationship between Resting Pulse Rate and Lipid Metabolic Dysfunctions in Chinese Adults Living in Rural Areas","10.1371/journal.pone.0049347","7","0","2021-04-06 retracted","Hieracium Stelligerum"
"2021","article","Public Library of Science (PLoS)","PLOS ONE","RETRACTED > Diet impacts on the biological aspects of pink bollworm, Pectinophora gossypiella (Lepidoptera: Gelechiidae) under controlled laboratory conditions","10.1371/journal.pone.0258431","7","0","2023-04-19 retracted","Gerris Caucasicus"
"2022","article","Public Library of Science (PLoS)","PLOS ONE","RETRACTED > Prognostic impact of prognostic nutritional index on renal cell carcinoma: A meta-analysis of 7,629 patients","10.1371/journal.pone.0265119","7","0","2022-08-11 retracted","Gerris Caucasicus"
"2023","article","Public Library of Science (PLoS)","PLOS ONE","Synergic effect of polyester fiber and nano silica on chemical resistance of geopolymer mortar","10.1371/journal.pone.0289497","7","0","2026-04-06 retracted","Elisabeth M Bik"
"2019","article","Public Library of Science (PLoS)","PLOS ONE","RETRACTED > Biofabrication of streptomycin-conjugated calcium phosphate nanoparticles using red ginseng extract and investigation of their antibacterial potential","10.1371/journal.pone.0217318","7","0","2020-01-21 retracted","Dioscorea Buchananii"
"2020","article","Public Library of Science (PLoS)","PLOS ONE","The PAR2 signal peptide prevents premature receptor cleavage and activation","10.1371/journal.pone.0222685","7","0","2024-06-06 retracted","Alexander Magazinov"
"2020","article","Public Library of Science (PLoS)","PLOS ONE","The impact of adjacent habitats on population dynamics of red cotton bugs and lint quality","10.1371/journal.pone.0242787","7","0","2022-10-21 retracted","–"
"2022","article","Public Library of Science (PLoS)","PLOS ONE","The impact of boron seed priming on seedling establishment, growth, and grain biofortification of mungbean (Vigna radiata L.) in yermosols","10.1371/journal.pone.0265956","7","0","2022-09-30 retracted","–"
"2013","article","Public Library of Science (PLoS)","PLOS ONE","Polymorphism of 9p21.3 Locus Is Associated with 5-Year Survival in High-Risk Patients with Myocardial Infarction","10.1371/journal.pone.0072333","7","0","2014-04-11 retracted","–"
"2025","article","Public Library of Science (PLoS)","PLOS ONE","RETRACTED: Shocked quartz at the Younger Dryas onset (12.8 ka) supports cosmic airbursts/impacts contributing to North American megafaunal extinctions and collapse of the Clovis technocomplex","10.1371/journal.pone.0319840","6","601","2026-02-11 retracted","Hoya Camphorifolia, Mark Boslough, Couratari Guianensis"
"2012","article","Public Library of Science (PLoS)","PLOS Medicine","Does Development Assistance for Health Really Displace Government Health Spending? Reassessing the Evidence","10.1371/journal.pmed.1001214","6","42","2012-06-29 retracted","–"
"2014","article","Public Library of Science (PLoS)","PLOS ONE","Tidal Stretches Differently Regulate the Contractile and Cytoskeletal Elements in Intact Airways","10.1371/journal.pone.0094828","6","21","2024-02-22 retracted","Elisabeth M Bik, Hoya Camphorifolia"
"2022","article","Public Library of Science (PLoS)","PLOS ONE","RETRACTED: Endometriosis and pregnancy: The illusion of recovery","10.1371/journal.pone.0272828","6","13","2025-12-18 retracted","Hoya Camphorifolia"
"2021","article","Public Library of Science (PLoS)","PLOS ONE","Oncolytic virotherapy promotes radiosensitivity in soft tissue sarcoma by suppressing anti-apoptotic MCL1 expression","10.1371/journal.pone.0250643","6","13","2026-03-04 retracted","Hoya Camphorifolia"
"2021","article","Public Library of Science (PLoS)","PLOS Genetics","RETRACTED > Reduction of WDR81 impairs autophagic clearance of aggregated proteins and cell viability in neurodegenerative phenotypes","10.1371/journal.pgen.1009415","6","12","2021-08-17 retracted","Nepeta Laxiflora"
"2014","article","Public Library of Science (PLoS)","PLOS Neglected Tropical Diseases","RETRACTED > Wolbachia Transcription Elongation Factor “Wol GreA” Interacts with α2ββ′σ Subunits of RNA Polymerase through Its Dimeric C-Terminal Domain","10.1371/journal.pntd.0002930","6","11","2022-08-08 retracted","Elisabeth M Bik, Peer 1, Hoya Camphorifolia"
"2009","article","Public Library of Science (PLoS)","PLOS ONE","Predicting the Herd Immunity Threshold during an Outbreak: A Recursive Approach","10.1371/journal.pone.0004168","6","9","2012-10-09 retracted","–"
"2021","article","Public Library of Science (PLoS)","PLOS ONE","RETRACTED > Prevalence and management of aphids (Hemiptera: Aphididae) in different wheat genotypes and their impact on yield and related traits","10.1371/journal.pone.0257952","6","8","2022-08-03 retracted","Paralabrax Clathratus"
"2024","article","Public Library of Science (PLoS)","PLOS Digital Health","Economic impact of a vision-based patient monitoring system across five NHS mental health trusts","10.1371/journal.pdig.0000559","6","7","2026-07-15 retracted","–"
"2010","article","Public Library of Science (PLoS)","PLOS ONE","RETRACTED > Livestock Drugs and Disease: The Fatal Combination behind Breeding Failure in Endangered Bearded Vultures","10.1371/journal.pone.0014163","6","6","2012-10-31 retracted","Peer 1, Garra Festai"
"2025","article","Public Library of Science (PLoS)","PLOS ONE","RETRACTED: The green response of financial inclusion, infrastructure development and renewable energy to the environmental sustainability: A newly evidence from OECD economies","10.1371/journal.pone.0314731","6","5","2026-02-23 retracted","Hoya Camphorifolia"
"2012","article","Public Library of Science (PLoS)","PLOS ONE","Stereochemical Insignificance Discovered in Acinetobacter baumannii Quorum Sensing","10.1371/journal.pone.0037102","6","5","2013-05-10 retracted","–"
"2021","article","Public Library of Science (PLoS)","PLOS ONE","Infectious clone construction and pathogenicity confirmation of Cotton leaf curl Multan virus (CLCuMuV), Ramie mosaic virus (RamV) and Corchorus yellow vein Vietnam virus (CoYVV) by southern blot analysis","10.1371/journal.pone.0251232","6","5","2023-06-14 retracted","–"
"2013","article","Public Library of Science (PLoS)","PLOS ONE","RETRACTED > Prokaryotic Ubiquitin-Like ThiS Fusion Enhances the Heterologous Protein Overexpression and Aggregation in Escherichia coli","10.1371/journal.pone.0062529","6","4","2022-03-28 retracted","Elisabeth M Bik"
"2012","article","Public Library of Science (PLoS)","PLOS ONE","Identification of XMRV Infection-Associated microRNAs in Four Cell Types in Culture","10.1371/journal.pone.0032853","6","4","2013-06-17 retracted","–"
"2009","article","Public Library of Science (PLoS)","PLOS ONE","RETRACTED > Indirect Recruitment of a CD40 Signaling Pathway in Dendritic Cells by B7-DC Cross-Linking Antibody Modulates T Cell Functions","10.1371/journal.pone.0005373","6","3","2010-03-03 retracted","Guillaume Cabanac"
"2019","article","Public Library of Science (PLoS)","PLOS ONE","RETRACTED > A phantom study to assess the reproducibility, robustness and accuracy of PET image segmentation methods against statistical fluctuations","10.1371/journal.pone.0219127","6","3","2022-12-01 retracted","Gerris Caucasicus"
"2021","article","Public Library of Science (PLoS)","PLOS ONE","RETRACTED > A security technology of power relay using edge computing","10.1371/journal.pone.0253428","6","2","2024-05-08 retracted","Hoya Camphorifolia"
"2015","article","Public Library of Science (PLoS)","PLOS ONE","Cell-Substrate Interactions Feedback to Direct Cell Migration along or against Morphological Polarization","10.1371/journal.pone.0133117","6","2","2018-07-19 retracted","–"
"2021","article","Public Library of Science (PLoS)","PLOS ONE","De novo transcriptome analysis and identification of reproduction control genes from the red palm weevil Rhynchophorus ferrugineus","10.1371/journal.pone.0251278","6","2","2022-09-14 retracted","–"
"2022","article","Public Library of Science (PLoS)","PLOS ONE","Novel microalgae strains from selected lower Himalayan aquatic habitats as potential sources of green products","10.1371/journal.pone.0267788","6","2","2022-09-30 retracted","–"
"2015","article","Public Library of Science (PLoS)","PLOS ONE","RETRACTED > Application of an Effective Statistical Technique for an Accurate and Powerful Mining of Quantitative Trait Loci for Rice Aroma Trait","10.1371/journal.pone.0129069","6","1","2018-03-21 retracted","Seraya Maouche"
"2013","article","Public Library of Science (PLoS)","PLOS ONE","RETRACTED > Perthamide C Inhibits eNOS and iNOS Expression and Has Immunomodulating Activity In Vivo","10.1371/journal.pone.0057801","6","1","2019-08-30 retracted","Peer 1, Aspergillus Floccosus"
"2024","article","Public Library of Science (PLoS)","PLOS ONE","Role of social media to improve job performance with mediating role of transactive memory capability and employee creativity","10.1371/journal.pone.0307292","6","1","2024-12-13 retracted","Hoya Camphorifolia"
"2024","article","Public Library of Science (PLoS)","PLOS ONE","High CASC expression predicts poor prognosis of lung cancer: A systematic review with meta-analysis","10.1371/journal.pone.0292726","6","1","2026-04-28 retracted","Hoya Camphorifolia"
"2024","article","Public Library of Science (PLoS)","PLOS ONE","Unleashing the role of e-word of mouth on purchase intention in select Facebook fan pages of smart phone users","10.1371/journal.pone.0305631","6","1","2025-11-05 retracted","Hoya Camphorifolia"
"2023","article","Public Library of Science (PLoS)","PLOS ONE","RETRACTED: Does the history of opening ports and trading influence the long-term business credit environment of cities? Evidence from the Yangtze River Delta region of China","10.1371/journal.pone.0285173","6","1","2025-10-23 retracted","Hoya Camphorifolia"
"2022","article","Public Library of Science (PLoS)","PLOS ONE","RETRACTED > Identification of C-T novel polymorphism in 3rd exon of OsSPL14 gene governing seed sequence in rice","10.1371/journal.pone.0264478","6","1","2023-04-19 retracted","Gerris Caucasicus, Desmococcus Antarctica"
"2021","article","Public Library of Science (PLoS)","PLOS ONE","RETRACTED > The smoking paradox in ischemic stroke patients treated with intra-arterial thrombolysis in combination with mechanical thrombectomy–VISTA-Endovascular","10.1371/journal.pone.0251888","6","1","2022-12-12 retracted","Gerris Caucasicus"
"2015","article","Public Library of Science (PLoS)","PLOS ONE","RETRACTED > Serum Levels of 25-Hydroxyvitamin D and Functional Outcome among Postmenopausal Women with Hip Fracture","10.1371/journal.pone.0116375","6","0","2019-07-01 retracted","Triainolepis Emirnensis"
"2022","article","Public Library of Science (PLoS)","PLOS ONE","Entropy-based financial asset pricing: Evidence from Pakistan","10.1371/journal.pone.0278236","6","0","2026-04-14 retracted","Hoya Camphorifolia, Rhipidura Albiventris, Guillaume Cabanac, Vesicaperla Eylesi"
"2024","article","Public Library of Science (PLoS)","PLOS ONE","Implementation of Learning Management Systems (LMS) in higher education systems through bipolar complex hesitant fuzzy Aczel-Alsina power aggregation operators: A case review for China","10.1371/journal.pone.0300317","6","0","2026-07-08 retracted","Hoya Camphorifolia, Rhipidura Albiventris, Guillaume Cabanac"
"2021","article","Public Library of Science (PLoS)","PLOS ONE","RETRACTED > Measuring convergence in the sugarcane industry in China’s Guangxi province","10.1371/journal.pone.0244617","6","0","2025-03-18 retracted","Hoya Camphorifolia, Rhipidura Albiventris"
"2024","article","Public Library of Science (PLoS)","PLOS ONE","Optimal performance selection of sustainable mobility service projects based on IFSS ‐ Prospect theory ‐ VIKOR: A case study of electric vehicle sharing program","10.1371/journal.pone.0309512","6","0","2026-07-08 retracted","Hoya Camphorifolia, Guillaume Cabanac"
"2022","article","Public Library of Science (PLoS)","PLOS ONE","Unreferenced English articles’ translation quality-oriented automatic evaluation technology using sparse autoencoder under the background of deep learning","10.1371/journal.pone.0270308","6","0","2025-04-23 retracted","Hoya Camphorifolia, Alexander Magazinov"
"2020","article","Public Library of Science (PLoS)","PLOS ONE","RETRACTED > Seed germination ecology of Conyza stricta Willd. and implications for management","10.1371/journal.pone.0244059","6","0","2024-02-21 retracted","Hoya Camphorifolia"
"2020","article","Public Library of Science (PLoS)","PLOS ONE","Analysis of the pattern recognition algorithm of broadband satellite modulation signal under deformable convolutional neural networks","10.1371/journal.pone.0234068","6","0","2025-03-05 retracted","Hoya Camphorifolia"
"2025","article","Public Library of Science (PLoS)","PLOS ONE","Immunoinformatic strategy for developing multi-epitope subunit vaccine against Helicobacter pylori","10.1371/journal.pone.0318750","6","0","2025-05-01 retracted","Hoya Camphorifolia"
"2021","article","Public Library of Science (PLoS)","PLOS ONE","RETRACTED > Relationship between employees’ career maturity and career planning of edge computing and cloud collaboration from the perspective of organizational behavior","10.1371/journal.pone.0257582","6","0","2023-10-10 retracted","Hoya Camphorifolia"
"2022","article","Public Library of Science (PLoS)","PLOS ONE","RETRACTED: Clinical implications of first-trimester ultrasound dating in singleton pregnancies obtained through in vitro fertilization","10.1371/journal.pone.0272447","6","0","2025-12-18 retracted","Hoya Camphorifolia"
"2023","article","Public Library of Science (PLoS)","PLOS ONE","Integrative soft computing approaches for optimizing thermal energy performance in residential buildings","10.1371/journal.pone.0290719","6","0","2024-11-01 retracted","Hoya Camphorifolia"
"2024","article","Public Library of Science (PLoS)","PLOS ONE","Unveiling the Nexus: Influence of learning motivation on organizational performance and innovative climate of Chinese firms","10.1371/journal.pone.0304729","6","0","2024-12-13 retracted","Hoya Camphorifolia"
"2024","article","Public Library of Science (PLoS)","PLOS ONE","The CSR perspective: Interplay of technological innovation, ethical leadership and government regulations for sustainable financial performance","10.1371/journal.pone.0297559","6","0","2025-05-30 retracted","Hoya Camphorifolia"
"2024","article","Public Library of Science (PLoS)","PLOS ONE","Knowledge, attitude, and practice towards enhanced recovery after surgery among patients underwent thoracoscopy surgery","10.1371/journal.pone.0309821","6","0","2025-06-03 retracted","Hoya Camphorifolia"
"2024","article","Public Library of Science (PLoS)","PLOS ONE","Intersecting paths: Corporate and green innovation in Chinese firms—A penal cointegration analysis","10.1371/journal.pone.0295633","6","0","2025-09-04 retracted","Hoya Camphorifolia"
"2021","article","Public Library of Science (PLoS)","PLOS ONE","RETRACTED > 2-Day versus C-reactive protein guided antibiotherapy with levofloxacin in acute COPD exacerbation: A randomized controlled trial","10.1371/journal.pone.0251716","6","0","2024-01-18 retracted","Hoya Camphorifolia"
"2024","article","Public Library of Science (PLoS)","PLOS ONE","RETRACTED: Investigating the association between Candida albicans and early childhood dental caries: A comprehensive systematic review and meta-analysis","10.1371/journal.pone.0315086","6","0","2025-12-02 retracted","Hoya Camphorifolia"
"2023","article","Public Library of Science (PLoS)","PLOS ONE","Transcultural validation of the “revised sport motivation scale” (SMS‐II) in Arabic language: Exploratory study on motivation in sport for a sample of Tunisian Athletes","10.1371/journal.pone.0295262","6","0","2025-01-29 retracted","Gerris Caucasicus"
"2020","article","Public Library of Science (PLoS)","PLOS ONE","Functional mechanism of AMPK activation in mitochondrial regeneration of rat peritoneal macrophages mediated by uremic serum","10.1371/journal.pone.0235960","6","0","2024-08-02 retracted","Gerris Caucasicus"
"2014","article","Public Library of Science (PLoS)","PLOS ONE","RETRACTED > Effects of Naturally Occurring Six- and Twelve-Nucleotide Inserts on Newcastle Disease Virus Replication and Pathogenesis","10.1371/journal.pone.0103951","6","0","2020-12-14 retracted","Elisabeth M Bik"
"2018","article","Public Library of Science (PLoS)","PLOS ONE","RETRACTED > Regulation of gastric smooth muscle contraction via Ca2+-dependent and Ca2+-independent actin polymerization","10.1371/journal.pone.0209359","6","0","2019-11-07 retracted","Actinopolyspora Biskrensis, Opacuincola Johannstraussi"
"2022","article","Public Library of Science (PLoS)","PLOS ONE","Neonicotinoid’s resistance monitoring, diagnostic mechanisms and cytochrome P450 expression in green peach aphid [Myzus persicae (Sulzer) (Hemiptera: Aphididae)]","10.1371/journal.pone.0261090","6","0","2022-08-03 retracted","–"
"2022","article","Public Library of Science (PLoS)","PLOS ONE","Genome-wide analysis of sucrose synthase family in soybean and their expression in response to abiotic stress and seed development","10.1371/journal.pone.0264269","6","0","2022-09-14 retracted","–"
"2013","article","Public Library of Science (PLoS)","PLOS ONE","Aerobic Degradation of N-Methyl-4-Nitroaniline (MNA) by Pseudomonas sp. Strain FK357 Isolated from Soil","10.1371/journal.pone.0075046","5","13","2014-07-09 retracted","–"
"2015","article","Public Library of Science (PLoS)","PLOS ONE","A Fine Balance of Dietary Lipids Improves Pathology of a Murine Model of VCP-Associated Multisystem Proteinopathy","10.1371/journal.pone.0131995","5","11","2026-05-12 retracted","Hoya Camphorifolia"
"2017","article","Public Library of Science (PLoS)","PLOS ONE","RETRACTED > A tree of life based on ninety-eight expressed genes conserved across diverse eukaryotic species","10.1371/journal.pone.0184276","5","11","2018-05-14 retracted","–"
"2022","article","Public Library of Science (PLoS)","PLOS ONE","RETRACTED > Treatment noncompliance level among patients with type 2 diabetes mellitus: A hospital based cross-sectional study in Bangladesh","10.1371/journal.pone.0271107","5","7","2023-07-24 retracted","Gerris Caucasicus"
"2017","article","Public Library of Science (PLoS)","PLOS ONE","The Polyherbal Wattana Formula Displays Anti-Amyloidogenic Properties by Increasing α-Secretase Activities","10.1371/journal.pone.0170360","5","7","2025-07-21 retracted","Elisabeth M Bik, Hoya Camphorifolia, Illex Illecebrosus, Bruno Vincent"
"2024","article","Public Library of Science (PLoS)","PLOS ONE","RETRACTED: Towards sustainable management: Exploring the role of internal monitoring in pollution prevention","10.1371/journal.pone.0297926","5","5","2026-05-28 retracted","Hoya Camphorifolia"
"2023","article","Public Library of Science (PLoS)","PLOS ONE","RETRACTED > Sodium thiosulfate through preserving mitochondrial dynamics ameliorates oxidative stress induced renal apoptosis and ferroptosis in 5/6 nephrectomized rats with chronic kidney diseases","10.1371/journal.pone.0277652","5","2","2023-11-28 retracted","Hoya Camphorifolia, Calymperes Graeffeanum, Rhipsalis Campos-portoana, Chiang-Ting Chien"
"2023","article","Public Library of Science (PLoS)","PLOS ONE","The analysis and solution for intercity travel behaviors during holidays in the post-epidemic era based on big data","10.1371/journal.pone.0288510","5","2","2025-08-25 retracted","Hoya Camphorifolia"
"2022","article","Public Library of Science (PLoS)","PLOS ONE","RETRACTED > Enumeration of citrus endophytic bacterial communities based on illumine metagenomics technique","10.1371/journal.pone.0263144","5","2","2022-08-03 retracted","Gerris Caucasicus"
"2024","article","Public Library of Science (PLoS)","PLOS ONE","The effects of the COVID-19 pandemic period on stock market return and volatility. Evidence from the Pakistan Stock Exchange","10.1371/journal.pone.0295853","5","2","2025-09-04 retracted","–"
"2023","article","Public Library of Science (PLoS)","PLOS Neglected Tropical Diseases","Prevalence and public health significance of rabies virus in bats in the North Region of Cameroon","10.1371/journal.pntd.0010803","5","2","2024-05-09 retracted","–"
"2017","article","Public Library of Science (PLoS)","PLOS ONE","Craniofacial similarity analysis through sparse principal component analysis","10.1371/journal.pone.0179671","5","1","2025-04-23 retracted","Hoya Camphorifolia, Rhipidura Albiventris"
"2025","article","Public Library of Science (PLoS)","PLOS ONE","Optimizing chemotherapeutic targets in non-small cell lung cancer with transfer learning for precision medicine","10.1371/journal.pone.0319499","5","1","2026-04-08 retracted","Hoya Camphorifolia, Guillaume Cabanac"
"2022","article","Public Library of Science (PLoS)","PLOS ONE","RETRACTED > Assessment of composition and spatial dynamics of weed communities in agroecosystem under varying edaphic factors","10.1371/journal.pone.0266778","5","1","2022-08-31 retracted","Hoya Camphorifolia, Gerris Caucasicus, Desmococcus Antarctica"
"2019","article","Public Library of Science (PLoS)","PLOS ONE","Robust policy evaluation from large-scale observational studies","10.1371/journal.pone.0223360","5","1","2026-06-30 retracted","Hoya Camphorifolia"
"2023","article","Public Library of Science (PLoS)","PLOS ONE","A comparative study of the policy response to COVID-19 in the ASEAN region: A dynamic simulated ARDL approach","10.1371/journal.pone.0276973","5","1","2025-08-25 retracted","Hoya Camphorifolia"
"2024","article","Public Library of Science (PLoS)","PLOS ONE","Application of artificial bee colony algorithm based on homogenization mapping and collaborative acquisition control in network communication security","10.1371/journal.pone.0306699","5","1","2026-04-08 retracted","Hoya Camphorifolia"
"2025","article","Public Library of Science (PLoS)","PLOS ONE","Interpretable machine learning framework for predicting Urban air quality","10.1371/journal.pone.0336241","5","1","2026-02-04 retracted","Hoya Camphorifolia"
"2020","article","Public Library of Science (PLoS)","PLOS ONE","Super-resolution reconstruction of real infrared images acquired with unmanned aerial vehicle","10.1371/journal.pone.0234775","5","1","2025-03-05 retracted","Hoya Camphorifolia"
"2022","article","Public Library of Science (PLoS)","PLOS ONE","RETRACTED > Evaluation of queen cell acceptance and royal jelly production between hygienic and non-hygienic honey bee (Apis mellifera) colonies","10.1371/journal.pone.0266145","5","1","2022-08-03 retracted","Gerris Caucasicus"
"2023","article","Public Library of Science (PLoS)","PLOS ONE","Gulf war illness inflammation reduction trial: A phase 2 randomized controlled trial of low-dose prednisone chronotherapy, effects on health-related quality of life","10.1371/journal.pone.0286817","5","1","2025-04-15 retracted","–"
"2019","article","Public Library of Science (PLoS)","PLOS Neglected Tropical Diseases","Vector competence of biting midges and mosquitoes for Shuni virus","10.1371/journal.pntd.0006609","5","1","2019-03-13 retracted","–"
"2022","article","Public Library of Science (PLoS)","PLOS ONE","Evaluation of Pakistani wheat germplasm for leaf rust resistance at various locations","10.1371/journal.pone.0266695","5","1","2022-08-17 retracted","–"
"2017","article","Public Library of Science (PLoS)","PLOS ONE","A DNA inducing VLP vaccine designed for HIV and tested in mice","10.1371/journal.pone.0183803","5","1","2018-08-31 retracted","–"
"2021","article","Public Library of Science (PLoS)","PLOS ONE","Can core competence help reduce stock price synchronicity? - Empirical evidence based on text analysis","10.1371/journal.pone.0259409","5","0","2025-10-09 retracted","Piper Cinereum"
"2016","article","Public Library of Science (PLoS)","PLOS ONE","RETRACTED > Adaptive Neuro-Fuzzy Determination of the Effect of Experimental Parameters on Vehicle Agent Speed Relative to Vehicle Intruder","10.1371/journal.pone.0155697","5","0","2019-04-23 retracted","Kitasatospora Sampliensis"
"2023","article","Public Library of Science (PLoS)","PLOS ONE","RETRACTED > A novel MADM algorithm for physical education teaching quality evaluation based on 2-tuple linguistic neutrosophic numbers power heronian mean operators","10.1371/journal.pone.0279534","5","0","2023-05-30 retracted","Hoya Camphorifolia, Rhipidura Albiventris, Guillaume Cabanac"
"2022","article","Public Library of Science (PLoS)","PLOS ONE","RETRACTED > Grey relational analysis method for typhoon vulnerability assessment of civil engineering structures based on the 2-tuple linguistic neutrosophic number","10.1371/journal.pone.0277539","5","0","2023-05-30 retracted","Hoya Camphorifolia, Rhipidura Albiventris"
"2024","article","Public Library of Science (PLoS)","PLOS ONE","RETRACTED: Application of in-silico drug discovery techniques to discover a novel hit for target-specific inhibition of SARS-CoV-2 Mpro’s revealed allosteric binding with MAO-B receptor: A theoretical study to find a cure for post-covid neurological disorder","10.1371/journal.pone.0286848","5","0","2026-03-09 retracted","Hoya Camphorifolia, Pisonia Sandwicensis, Rhabditoides Inermis"
"2020","article","Public Library of Science (PLoS)","PLOS ONE","RETRACTED > Restoration of Mal overcomes the defects of apoptosis in lung cancer cells","10.1371/journal.pone.0227634","5","0","2023-12-28 retracted","Hoya Camphorifolia, Actinopolyspora Biskrensis, Ping-Chang Yang"
"2022","article","Public Library of Science (PLoS)","PLOS ONE","RETRACTED > Inhibitory potentials of Streptomyces exfoliatus strain ‘MUJA10’ against bacterial pathogens isolated from rural areas in Riyadh, Saudi Arabia","10.1371/journal.pone.0266297","5","0","2024-01-25 retracted","Hoya Camphorifolia"
"2023","article","Public Library of Science (PLoS)","PLOS ONE","A fuzzy model for content-centric routing in Zigbee-based wireless sensor networks (WSNs)","10.1371/journal.pone.0286913","5","0","2024-10-30 retracted","Hoya Camphorifolia"
"2023","article","Public Library of Science (PLoS)","PLOS ONE","The non-linear relationship between globalization, financial development and energy consumption: Evidence from BRICS economies","10.1371/journal.pone.0293890","5","0","2025-09-04 retracted","Hoya Camphorifolia"
"2024","article","Public Library of Science (PLoS)","PLOS ONE","Land use land cover change as a casual factor for climate variability and trends in the Bilate River Basin, Ethiopia","10.1371/journal.pone.0311961","5","0","2025-08-12 retracted","Hoya Camphorifolia"
"2024","article","Public Library of Science (PLoS)","PLOS ONE","RETRACTED: Charting a sustainable tomorrow: Advancing urban low-carbon economies through comprehensive evaluation and promotion","10.1371/journal.pone.0299688","5","0","2025-10-09 retracted","Hoya Camphorifolia"
"2024","article","Public Library of Science (PLoS)","PLOS ONE","Signal processing for enhancing railway communication by integrating deep learning and adaptive equalization techniques","10.1371/journal.pone.0311897","5","0","2026-04-08 retracted","Hoya Camphorifolia"
"2025","article","Public Library of Science (PLoS)","PLOS ONE","RETRACTED > Analysis and early warning management of resource and environmental carrying capacity in agricultural provinces: A case study of Henan Province","10.1371/journal.pone.0318848","5","0","2025-05-09 retracted","Hoya Camphorifolia"
"2025","article","Public Library of Science (PLoS)","PLOS ONE","Impact of low-carbon economic policies on the corporate environmental responsibility model in China","10.1371/journal.pone.0314589","5","0","2025-09-04 retracted","Hoya Camphorifolia"
"2025","article","Public Library of Science (PLoS)","PLOS ONE","RETRACTED: Enhanced E-commerce decision-making through sentiment analysis using machine learning-based approaches and IoT","10.1371/journal.pone.0326744","5","0","2026-02-05 retracted","Hoya Camphorifolia"
"2025","article","Public Library of Science (PLoS)","PLOS ONE","Unlocking employee creativity: How learning orientation and transformational leadership spark innovation through creative self-efficacy","10.1371/journal.pone.0334711","5","0","2026-07-08 retracted","Hoya Camphorifolia"
"2025","article","Public Library of Science (PLoS)","PLOS ONE","Enhancing the decision optimization of interaction design in sustainable healthcare with improved artificial bee colony algorithm and generative artificial intelligence","10.1371/journal.pone.0317488","5","0","2026-07-08 retracted","Hoya Camphorifolia"
"2023","article","Public Library of Science (PLoS)","PLOS ONE","RETRACTED > Transformer-based comparative multi-view illegal transaction detection","10.1371/journal.pone.0276495","5","0","2023-04-10 retracted","Gerris Caucasicus"
"2022","article","Public Library of Science (PLoS)","PLOS ONE","RETRACTED > Predictability of combined cataract surgery and trabeculectomy using Barrett Universal Ⅱ formula","10.1371/journal.pone.0270363","5","0","2024-06-06 retracted","Alexander Magazinov"
"2018","article","Public Library of Science (PLoS)","PLOS ONE","The cryoprotectant trehalose could inhibit ERS-induced apoptosis by activating autophagy in cryoprotected rat valves","10.1371/journal.pone.0194078","5","0","2018-07-17 retracted","–"
"2021","article","Public Library of Science (PLoS)","PLOS ONE","The impact of aqueous and N-hexane extracts of three Fabaceae species on seed germination and seedling growth of some broadleaved weed species","10.1371/journal.pone.0258920","5","0","2022-08-17 retracted","–"
"2021","article","Public Library of Science (PLoS)","PLOS ONE","The impact of haulm killing on yield and quality of potato (Solanum tuberosum L.)","10.1371/journal.pone.0255536","5","0","2022-09-14 retracted","–"
"2021","article","Public Library of Science (PLoS)","PLOS Global Public Health","A mixed methods analysis of the magnitude and associated factors of time management practice among primary hospital employees in North Gondar, Ethiopia","10.1371/journal.pgph.0000048","5","0","2025-11-18 retracted","–"
"2023","article","Public Library of Science (PLoS)","PLOS Global Public Health","Magnitude and associated factors of mortality among patients admitted with COVID-19 in Addis Ababa, Ethiopia","10.1371/journal.pgph.0000420","5","0","2024-05-16 retracted","–"
"2020","article","Public Library of Science (PLoS)","PLOS ONE","The impact of seed burial depths and post-emergence herbicides on seedling emergence and biomass production of wild oat (Avena fatua L.): Implications for management","10.1371/journal.pone.0240944","5","0","2022-10-21 retracted","–"
"2025","article","Public Library of Science (PLoS)","PLOS ONE","RETRACTED: A 12,800-year-old layer with cometary dust, microspherules, and platinum anomaly recorded in multiple cores from Baffin Bay","10.1371/journal.pone.0328347","4","645","2026-02-11 retracted","Hoya Camphorifolia, Actinopolyspora Biskrensis, Mark Boslough, Sinilabeo Dero, Marc D. Young, Couratari Guianensis"
"2022","article","Public Library of Science (PLoS)","PLOS ONE","An analysis of machine learning risk factors and risk parity portfolio optimization","10.1371/journal.pone.0272521","4","249","2025-05-07 retracted","Hoya Camphorifolia, Guillaume Cabanac"
"2016","article","Public Library of Science (PLoS)","PLOS ONE","RETRACTED > Anthropogenic Radio-Frequency Electromagnetic Fields Elicit Neuropathic Pain in an Amputation Model","10.1371/journal.pone.0144268","4","193","2018-01-05 retracted","Phyllostegia Hirsuta"
"2021","article","Public Library of Science (PLoS)","PLOS ONE","RETRACTED > A Priori Activation of Apoptosis Pathways of Tumor (AAAPT) technology: Development of targeted apoptosis initiators for cancer treatment","10.1371/journal.pone.0225869","4","63","2023-06-08 retracted","Hoya Camphorifolia, Actinopolyspora Biskrensis, Harikrishna Nakshatri, Mediaster Sladeni, Raghu S. Pandurangi"
"2015","article","Public Library of Science (PLoS)","PLOS ONE","RETRACTED > Genetic Variants in DNA Double-Strand Break Repair Genes and Risk of Salivary Gland Carcinoma: A Case-Control Study","10.1371/journal.pone.0128753","4","20","2018-06-21 retracted","Apple Chlorotic"
"2022","article","Public Library of Science (PLoS)","PLOS ONE","RETRACTED > Genetic characterization of the highlander Tibetan population from Qinghai-Tibet Plateau revealed by X chromosomal STRs","10.1371/journal.pone.0271769","4","13","2023-01-19 retracted","Gerris Caucasicus"
"2023","article","Public Library of Science (PLoS)","PLOS ONE","Spatial distribution of elements, environmental effects, and economic potential of waste from the Aksu ferroalloy plant [Kazakhstan]","10.1371/journal.pone.0283251","4","10","2024-08-15 retracted","Encoelia Furfuracea, Alexander Magazinov"
"2020","article","Public Library of Science (PLoS)","PLOS ONE","RETRACTED > Pressure regulated basis for gene transcription by delta-cell micro-compliance modeled in silico: Biphenyl, bisphenol and small molecule ligand models of cell contraction-expansion","10.1371/journal.pone.0236446","4","8","2021-03-25 retracted","Rossia Macrosoma, Pedicularis Semibarbata"
"2017","article","Public Library of Science (PLoS)","PLOS ONE","Automatic structural scene digitalization","10.1371/journal.pone.0187513","4","5","2025-05-28 retracted","Hoya Camphorifolia, Rhipidura Albiventris"
"2021","article","Public Library of Science (PLoS)","PLOS ONE","Application and effect evaluation of nursing quality target management in free flap transplantation for hand injury","10.1371/journal.pone.0245097","4","5","2025-04-09 retracted","Hoya Camphorifolia, Rhipidura Albiventris"
"2021","article","Public Library of Science (PLoS)","PLOS ONE","RETRACTED > Analyzing the regional economic changes in a high-tech industrial development zone using machine learning algorithms","10.1371/journal.pone.0250802","4","5","2023-09-14 retracted","Hoya Camphorifolia, Rhipidura Albiventris"
"2021","article","Public Library of Science (PLoS)","PLOS ONE","Implementation of organization and end-user computing-anti-money laundering monitoring and analysis system security control","10.1371/journal.pone.0258627","4","3","2025-03-18 retracted","Hoya Camphorifolia, Rhipidura Albiventris"
"2022","article","Public Library of Science (PLoS)","PLOS ONE","RETRACTED > Application of LSTM algorithm combined with Kalman filter and SOGI in phase-locked technology of aviation variable frequency power supply","10.1371/journal.pone.0263634","4","1","2023-09-14 retracted","Hoya Camphorifolia, Rhipidura Albiventris"
"2023","article","Public Library of Science (PLoS)","PLOS ONE","Secure transmission for IoT wireless energy-carrying communication systems","10.1371/journal.pone.0289251","4","1","2024-11-01 retracted","Hoya Camphorifolia, M Ángeles Oviedo-García"
"2024","article","Public Library of Science (PLoS)","PLOS ONE","RETRACTED: Investigating the relationship between insulin use and all-cause mortality, breast cancer mortality, and recurrence risk in diabetic patients with breast cancer: A comprehensive systematic review and meta-analysis","10.1371/journal.pone.0314565","4","1","2025-12-18 retracted","Hoya Camphorifolia"
"2024","article","Public Library of Science (PLoS)","PLOS ONE","RETRACTED: Downregulation of the CD151 protects the cardiac function by the crosstalk between the endothelial cells and cardiomyocytes via exosomes","10.1371/journal.pone.0297121","4","1","2026-05-12 retracted","Hoya Camphorifolia"
"2019","article","Public Library of Science (PLoS)","PLOS ONE","How well do software assistants for minimally invasive partial nephrectomy meet surgeon information needs? A cognitive task analysis and literature review study","10.1371/journal.pone.0219920","4","1","2026-04-28 retracted","Hoya Camphorifolia"
"2023","article","Public Library of Science (PLoS)","PLOS ONE","Dynamic risk spillover effect and path of risk transmission across industrial sectors in China during COVID-19 epidemic","10.1371/journal.pone.0292859","4","1","2025-09-10 retracted","Hoya Camphorifolia"
"2021","article","Public Library of Science (PLoS)","PLOS ONE","International trade and finance exploration using network model of computer trade platform","10.1371/journal.pone.0260883","4","1","2025-03-05 retracted","Hoya Camphorifolia"
"2024","article","Public Library of Science (PLoS)","PLOS ONE","RETRACTED: Intelligence level evaluation and influencing factors analysis of equipment manufacturing industry in the Yangtze River Delta","10.1371/journal.pone.0299119","4","1","2025-10-23 retracted","Hoya Camphorifolia"
"2022","article","Public Library of Science (PLoS)","PLOS ONE","The impact of newly synthesized sulfonamides on soil microbial population and respiration in rhizospheric soil of wheat (Triticum aestivum L.)","10.1371/journal.pone.0264476","4","1","2022-08-17 retracted","–"
"2017","article","Public Library of Science (PLoS)","PLOS ONE","A wireless soil moisture sensor powered by solar energy","10.1371/journal.pone.0184125","4","1","2018-03-23 retracted","–"
"2015","article","Public Library of Science (PLoS)","PLOS ONE","Percutaneous Aspiration Thrombectomy for Arterial Thromboembolism during Infrainguinal Endovascular Recanalization","10.1371/journal.pone.0140494","4","1","2018-04-26 retracted","–"
"2021","article","Public Library of Science (PLoS)","PLOS ONE","RETRACTED > Prevalence of rheumatic heart disease in a major referral cardiology clinic in Ethiopia: A retrospective cross-sectional study","10.1371/journal.pone.0246519","4","0","2021-09-23 retracted","Phaegoptera Histrionica"
"2021","article","Public Library of Science (PLoS)","PLOS ONE","RETRACTED > A multiple information model incorporating limited attention and information environment","10.1371/journal.pone.0257844","4","0","2023-09-06 retracted","Hoya Camphorifolia, Rhipidura Albiventris"
"2024","article","Public Library of Science (PLoS)","PLOS ONE","Unveiling the economic potential of sports industry in China: A data driven analysis","10.1371/journal.pone.0310131","4","0","2024-12-13 retracted","Hoya Camphorifolia, Rhipidura Albiventris"
"2021","article","Public Library of Science (PLoS)","PLOS ONE","Clinical features of 375 COVID-19 cases imported from Russia through the Suifenhe port and countermeasures","10.1371/journal.pone.0261437","4","0","2025-05-27 retracted","Hoya Camphorifolia, Rhipidura Albiventris"
"2024","article","Public Library of Science (PLoS)","PLOS ONE","Development of Timolol Maleate-Loaded Poloxamer-co-Poly (acrylic acid) based hydrogel for controlled drug delivery","10.1371/journal.pone.0309101","4","0","2025-05-09 retracted","Hoya Camphorifolia, Ramboldia Elabens"
"2024","article","Public Library of Science (PLoS)","PLOS ONE","Epidemiological insights into paratuberculosis in camels in Saudi Arabia: Bayesian estimation of true prevalence and identification of risk factors","10.1371/journal.pone.0299881","4","0","2024-07-17 retracted","Hoya Camphorifolia, Ramboldia Elabens"
"2023","article","Public Library of Science (PLoS)","PLOS ONE","Prediction and optimization of employee turnover intentions in enterprises based on unbalanced data","10.1371/journal.pone.0290086","4","0","2024-07-16 retracted","Hoya Camphorifolia"
"2023","article","Public Library of Science (PLoS)","PLOS ONE","An improved beluga whale optimizer—Derived Adaptive multi-channel DeepLabv3+ for semantic segmentation of aerial images","10.1371/journal.pone.0290624","4","0","2025-03-17 retracted","Hoya Camphorifolia"
"2023","article","Public Library of Science (PLoS)","PLOS ONE","Biogenic sunflower oil-chitosan decorated fly ash nanocomposite film using white shrimp shell waste: Antibacterial and immunomodulatory potential","10.1371/journal.pone.0282742","4","0","2026-06-23 retracted","Hoya Camphorifolia"
"2024","article","Public Library of Science (PLoS)","PLOS ONE","Spatio-Temporal analysis of exports of cultural products and their affecting factors for spatial distribution","10.1371/journal.pone.0299654","4","0","2024-08-06 retracted","Hoya Camphorifolia"
"2024","article","Public Library of Science (PLoS)","PLOS ONE","Elucidating the monoamine oxidase B inhibitory effect of kaurene diterpenoids from Xylopia aethiopica: An in silico approach","10.1371/journal.pone.0308021","4","0","2025-05-08 retracted","Hoya Camphorifolia"
"2024","article","Public Library of Science (PLoS)","PLOS ONE","Knowledge, attitudes, and practices of orthopedic operating room personnel regarding the use of pneumatic tourniquets","10.1371/journal.pone.0307545","4","0","2025-06-03 retracted","Hoya Camphorifolia"
"2024","article","Public Library of Science (PLoS)","PLOS ONE","AI-assisted design of lightweight and strong 3D-printed wheels for electric vehicles","10.1371/journal.pone.0308004","4","0","2025-06-25 retracted","Hoya Camphorifolia"
"2024","article","Public Library of Science (PLoS)","PLOS ONE","Anthropological responses to environmental challenges in SAARC nations: A comparative analysis","10.1371/journal.pone.0296516","4","0","2025-08-25 retracted","Hoya Camphorifolia"
"2024","article","Public Library of Science (PLoS)","PLOS ONE","RETRACTED > RETRACTED: Regional integration and export performance of Pakistan: Empirical evidence from the Shanghai Cooperation Organization (SCO)","10.1371/journal.pone.0311984","4","0","2025-12-01 retracted","Hoya Camphorifolia"
"2024","article","Public Library of Science (PLoS)","PLOS ONE","RETRACTED: Effects of the Alexander technique on pain and adverse events in chronic non-specific neck pain: A systematic review and meta-analysis","10.1371/journal.pone.0313526","4","0","2026-03-25 retracted","Hoya Camphorifolia"
"2024","article","Public Library of Science (PLoS)","PLOS ONE","A novel primary stability test method for artificial acetabular shells considering vertical load during level walking and shell position","10.1371/journal.pone.0296919","4","0","2026-05-26 retracted","Hoya Camphorifolia"
"2024","article","Public Library of Science (PLoS)","PLOS ONE","RETRACTED: Enhancing the power quality in radial electrical systems using optimal sizing and selective allocation of distributed generations","10.1371/journal.pone.0316281","4","0","2026-06-15 retracted","Hoya Camphorifolia"
"2025","article","Public Library of Science (PLoS)","PLOS ONE","RETRACTED > Exploratory algorithms to devise multi-epitope subunit vaccine by examining HIV-1 envelope glycoprotein: An immunoinformatics and viroinformatics approach","10.1371/journal.pone.0318523","4","0","2025-05-06 retracted","Hoya Camphorifolia"
"2025","article","Public Library of Science (PLoS)","PLOS ONE","RETRACTED > RETRACTED: Cardiovascular and mortality outcomes of DPP-4 inhibitors vs. sulfonylureas as metformin add-on therapy in patients with type 2 diabetes: A systematic review and meta-analysis","10.1371/journal.pone.0321032","4","0","2025-12-17 retracted","Hoya Camphorifolia"
"2025","article","Public Library of Science (PLoS)","PLOS ONE","RETRACTED: N-Beats architecture for explainable forecasting of multi-dimensional poultry data","10.1371/journal.pone.0320979","4","0","2026-02-09 retracted","Hoya Camphorifolia"
"2025","article","Public Library of Science (PLoS)","PLOS ONE","RETRACTED: Unlocking the power of L1 regularization: A novel approach to taming overfitting in CNN for image classification","10.1371/journal.pone.0327985","4","0","2026-06-23 retracted","Hoya Camphorifolia"
"2025","article","Public Library of Science (PLoS)","PLOS ONE","RETRACTED: SPAG6 hypermethylation silences a novel tumor suppressor and inhibits renal cell carcinoma progression via PI3K/AKT/mTOR pathway","10.1371/journal.pone.0333202","4","0","2026-05-22 retracted","Hoya Camphorifolia"
"2025","article","Public Library of Science (PLoS)","PLOS ONE","Optimizing the impact of time domain segmentation techniques on upper limb EMG decoding using multimodal features","10.1371/journal.pone.0322580","4","0","2026-04-08 retracted","Hoya Camphorifolia"
"2021","article","Public Library of Science (PLoS)","PLOS ONE","RETRACTED > Seed germination ecology of Conyza sumatrensis populations stemming from different habitats and implications for management","10.1371/journal.pone.0260674","4","0","2023-04-19 retracted","Gerris Caucasicus"
"2019","article","Public Library of Science (PLoS)","PLOS ONE","RETRACTED > Prognostic significance of DAPK promoter methylation in lymphoma: A meta-analysis","10.1371/journal.pone.0210943","4","0","2023-05-18 retracted","Gerris Caucasicus"
"2013","article","Public Library of Science (PLoS)","PLOS ONE","RETRACTED > An Occult Hepatitis B-Derived Hepatoma Cell Line Carrying Persistent Nuclear Viral DNA and Permissive for Exogenous Hepatitis B Virus Infection","10.1371/journal.pone.0065456","4","0","2021-01-28 retracted","Elisabeth M Bik, Actinopolyspora Biskrensis, Chau-Ting Yeh"
"2025","article","Public Library of Science (PLoS)","PLOS ONE","RETRACTED: Enhancing IoT cybersecurity through lean-based hybrid feature selection and ensemble learning: A visual analytics approach to intrusion detection","10.1371/journal.pone.0328050","4","0","2026-04-06 retracted","Elisabeth M Bik"
"2024","article","Public Library of Science (PLoS)","PLOS ONE","Stacked-gait: A human gait recognition scheme based on stacked autoencoders","10.1371/journal.pone.0310887","4","0","2026-04-07 retracted","Elisabeth M Bik"
"2015","article","Public Library of Science (PLoS)","PLOS ONE","A Novel Image Recuperation Approach for Diagnosing and Ranking Retinopathy Disease Level Using Diabetic Fundus Image","10.1371/journal.pone.0125542","4","0","2017-07-18 retracted","–"
"2023","article","Public Library of Science (PLoS)","PLOS ONE","Intimate but not intimate: The perils of workplace romance in fostering knowledge sabotage","10.1371/journal.pone.0285837","3","99","2025-08-25 retracted","Hoya Camphorifolia"
"2020","article","Public Library of Science (PLoS)","PLOS ONE","Improving measles vaccine uptake rates in Nigeria: An RCT evaluating the impact of incentive sizes and reminder calls on vaccine uptake","10.1371/journal.pone.0233149","3","45","2020-07-14 retracted","–"
"2016","article","Public Library of Science (PLoS)","PLOS ONE","RETRACTED > Solar-Aligned Pictographs at the Paleoindian Site of Painel do Pilão along the Lower Amazon River at Monte Alegre, Brazil","10.1371/journal.pone.0167692","3","14","2019-04-04 retracted","Helichrysum Petiolare"
"2015","article","Public Library of Science (PLoS)","PLOS ONE","RETRACTED > Gradual Rarefaction of Hematopoietic Precursors and Atrophy in a Depleted microRNA 29a, b and c Environment","10.1371/journal.pone.0131981","3","9","2017-10-30 retracted","Teleiopsis Laetitiae"
"2019","article","Public Library of Science (PLoS)","PLOS ONE","RETRACTED > Impacts of rock properties on Danxia landform formation based on lithological experiments at Kongtongshan National Geopark, northwest China","10.1371/journal.pone.0210604","3","8","2019-09-26 retracted","Lepismium Cruciforme"
"2013","article","Public Library of Science (PLoS)","PLOS ONE","Association of Polymorphism rs198977 in Human Kallikrein-2 Gene (KLK2) with Susceptibility of Prostate Cancer: A Meta-Analysis","10.1371/journal.pone.0065651","3","8","2016-07-26 retracted","–"
"2024","article","Public Library of Science (PLoS)","PLOS ONE","Nesfatin-1 regulates the phenotype transition of cavernous smooth muscle cells by activating PI3K/AKT/mTOR signaling pathway to improve diabetic erectile dysfunction","10.1371/journal.pone.0304485","3","6","2024-12-02 retracted","Hoya Camphorifolia"
"2024","article","Public Library of Science (PLoS)","PLOS ONE","A model study of teaching method reform of computer laboratory course integrating internet of things technology","10.1371/journal.pone.0298534","3","5","2025-01-23 retracted","Leonid Schneider"
"2022","article","Public Library of Science (PLoS)","PLOS ONE","RETRACTED > Sole and combined effect of foliar zinc and arbuscular mycorrhizae inoculation on basmati rice growth, productivity and grains nutrient","10.1371/journal.pone.0266248","3","5","2022-08-31 retracted","Hoya Camphorifolia, Desmococcus Antarctica"
"2014","article","Public Library of Science (PLoS)","PLOS ONE","RETRACTED > Genetically Engineered Synthetic Miniaturized Versions of Plasmodium falciparum UvrD Helicase Are Catalytically Active","10.1371/journal.pone.0090951","3","5","2016-06-30 retracted","Elisabeth M Bik"
"2012","article","Public Library of Science (PLoS)","PLOS ONE","A β-Lactamase Based Reporter System for ESX Dependent Protein Translocation in Mycobacteria","10.1371/journal.pone.0035453","3","5","2013-01-07 retracted","–"
"2025","article","Public Library of Science (PLoS)","PLOS ONE","Astragaloside IV combined with quercetin attenuates silica-induced pulmonary fibrosis by promoting autophagy and suppressing pyroptosis","10.1371/journal.pone.0327255","3","2","2025-10-01 retracted","–"
"2025","article","Public Library of Science (PLoS)","PLOS ONE","RETRACTED: In silico investigation of novel Plasmodium Falciparum glycogen synthase kinase (pfGSk3β) inhibitors for the treatment of malaria infection","10.1371/journal.pone.0326834","3","1","2026-06-23 retracted","Hoya Camphorifolia, Picea Breweriana"
"2020","article","Public Library of Science (PLoS)","PLOS ONE","A freight integer linear programming model under fog computing and its application in the optimization of vehicle networking deployment","10.1371/journal.pone.0239628","3","1","2025-03-05 retracted","Hoya Camphorifolia"
"2020","article","Public Library of Science (PLoS)","PLOS ONE","Population dynamics in pre-Inca human groups from the Osmore Valley, the Azapa Valley and the coast of the South Central Andes","10.1371/journal.pone.0229370","3","1","2026-05-11 retracted","Hoya Camphorifolia"
"2023","article","Public Library of Science (PLoS)","PLOS ONE","RETRACTED: Expression of microRNAs and their target genes in melanomas originating from gynecologic sites","10.1371/journal.pone.0285804","3","1","2025-12-18 retracted","Hoya Camphorifolia"
"2024","article","Public Library of Science (PLoS)","PLOS ONE","Dual generative adversarial networks based on regression and neighbor characteristics","10.1371/journal.pone.0291656","3","1","2025-05-15 retracted","Hoya Camphorifolia"
"2022","article","Public Library of Science (PLoS)","PLOS ONE","RETRACTED > Novel insights into Pinus species plastids genome through phylogenetic relationships and repeat sequence analysis","10.1371/journal.pone.0262040","3","1","2023-04-19 retracted","Gerris Caucasicus"
"2014","article","Public Library of Science (PLoS)","PLOS ONE","RETRACTED > Apelin Receptor (APJ) Expression during Cardiopulmonary Bypass in Children Undergoing Surgical Repair","10.1371/journal.pone.0106262","3","1","2018-08-06 retracted","Elisabeth M Bik, Apple Chlorotic, Richeria Grandis"
"2025","article","Public Library of Science (PLoS)","PLOS Neglected Tropical Diseases","RETRACTED: Effectiveness of carbon dioxide cryotherapy for the treatment of cutaneous leishmaniasis: Systematic review and meta-analysis","10.1371/journal.pntd.0012741","3","1","2026-06-16 retracted","–"
"2013","article","Public Library of Science (PLoS)","PLOS ONE","Eafs Control Erythroid Cell Fate by Regulating c-myb Expression through Wnt Signaling","10.1371/journal.pone.0064576","3","1","2013-08-12 retracted","–"
"2022","article","Public Library of Science (PLoS)","PLOS ONE","The effect of dietary behaviors on the nutritional status and associated factors of Yemeni students in Saudi Arabia","10.1371/journal.pone.0268659","3","1","2022-09-30 retracted","–"
"2022","article","Public Library of Science (PLoS)","PLOS ONE","Relay cropping of cotton in wheat improves productivity of cotton-wheat cropping system","10.1371/journal.pone.0266694","3","1","2022-08-03 retracted","–"
"2015","article","Public Library of Science (PLoS)","PLOS ONE","Effects of the Forecasting Methods, Precipitation Character, and Satellite Resolution on the Predictability of Short-Term Quantitative Precipitation Nowcasting (QPN) from a Geostationary Satellite","10.1371/journal.pone.0140044","3","1","2018-04-17 retracted","–"
"2022","article","Public Library of Science (PLoS)","PLOS ONE","RETRACTED > Construct comprehensive indicators through a signal extraction approach for predicting housing price crises","10.1371/journal.pone.0272213","3","0","2023-03-01 retracted","Rhipidura Albiventris, Gerris Caucasicus"
"2019","article","Public Library of Science (PLoS)","PLOS ONE","On the networking synthesis of studio factors to the integration of design pedagogy","10.1371/journal.pone.0212177","3","0","2025-04-23 retracted","Hoya Camphorifolia, Rhipidura Albiventris"
"2025","article","Public Library of Science (PLoS)","PLOS ONE","RETRACTED: HGLER: A hierarchical heterogeneous graph networks for enhanced multimodal emotion recognition in conversations","10.1371/journal.pone.0330632","3","0","2026-05-26 retracted","Hoya Camphorifolia, Rhipidura Albiventris"
"2021","article","Public Library of Science (PLoS)","PLOS ONE","RETRACTED > Analysis on frosting of heat exchanger and numerical simulation of heat transfer characteristics using BP neural network learning algorithm","10.1371/journal.pone.0256836","3","0","2023-09-07 retracted","Hoya Camphorifolia, Rhipidura Albiventris"
"2021","article","Public Library of Science (PLoS)","PLOS ONE","RETRACTED > Magnetic resonance imaging reconstruction algorithm under complex convolutional neural network in diagnosis and prognosis of cerebral infarction","10.1371/journal.pone.0251529","3","0","2023-08-24 retracted","Hoya Camphorifolia, Rhipidura Albiventris"
"2025","article","Public Library of Science (PLoS)","PLOS ONE","RETRACTED: Mitochondrial dysfunction and cell death induced by Toona sinensis leaf extracts through MEK/ERK signaling in glioblastoma cells","10.1371/journal.pone.0320849","3","0","2026-05-12 retracted","Hoya Camphorifolia, René Aquarius"
"2024","article","Public Library of Science (PLoS)","PLOS ONE","Urban transportation system toughness assessment under New Crown epidemics","10.1371/journal.pone.0300652","3","0","2025-05-12 retracted","Hoya Camphorifolia, Guillaume Cabanac"
"2025","article","Public Library of Science (PLoS)","PLOS ONE","RETRACTED > RETRACTED: Prioritizing robots in intelligent manufacturing using q-rung orthopair fuzzy decision-making method and unknown weight information","10.1371/journal.pone.0330082","3","0","2026-06-23 retracted","Hoya Camphorifolia"
"2021","article","Public Library of Science (PLoS)","PLOS ONE","Performance for rotor system of hybrid electromagnetic bearing and elastic foil gas bearing with dynamic characteristics analysis under deep learning","10.1371/journal.pone.0244403","3","0","2025-04-09 retracted","Hoya Camphorifolia"
"2025","article","Public Library of Science (PLoS)","PLOS ONE","Analysis of disease burden and future trends of ischemic heart disease in China and globally, 1990–2023","10.1371/journal.pone.0333927","3","0","2026-06-17 retracted","Hoya Camphorifolia"
"2024","article","Public Library of Science (PLoS)","PLOS ONE","An immunoinformatics and extensive molecular dynamics study to develop a polyvalent multi-epitope vaccine against cryptococcosis","10.1371/journal.pone.0315105","3","0","2025-04-04 retracted","Hoya Camphorifolia"
"2023","article","Public Library of Science (PLoS)","PLOS ONE","Double graph correlation encryption based on hyperchaos","10.1371/journal.pone.0291759","3","0","2024-10-14 retracted","Hoya Camphorifolia"
"2024","article","Public Library of Science (PLoS)","PLOS ONE","National income accounting attributes and economic welfare. Evidence from Pakistan","10.1371/journal.pone.0301829","3","0","2025-09-04 retracted","Hoya Camphorifolia"
"2024","article","Public Library of Science (PLoS)","PLOS ONE","RETRACTED: Drivers of domestic migration in Vietnam: The characteristics of the households and their heads, environmental factors and living conditions","10.1371/journal.pone.0304321","3","0","2026-03-17 retracted","Hoya Camphorifolia"
"2024","article","Public Library of Science (PLoS)","PLOS ONE","RETRACTED: An inherently interpretable deep learning model for local explanations using visual concepts","10.1371/journal.pone.0311879","3","0","2026-04-02 retracted","Hoya Camphorifolia"
"2025","article","Public Library of Science (PLoS)","PLOS ONE","RETRACTED > Effect of co-encapsulation using white and red onion peel extract on the viability and stability of Lacticaseibacillus rhamnosus under stressful conditions","10.1371/journal.pone.0311952","3","0","2025-06-27 retracted","Hoya Camphorifolia"
"2025","article","Public Library of Science (PLoS)","PLOS ONE","LGD_Net: Capsule network with extreme learning machine for classification of lung diseases using CT scans","10.1371/journal.pone.0327419","3","0","2026-04-08 retracted","Hoya Camphorifolia"
"2023","article","Public Library of Science (PLoS)","PLOS ONE","RETRACTED: Study on the deterioration characteristics of aeolian sand concrete under the coupling effect of multiple factors in harsh environments","10.1371/journal.pone.0289847","3","0","2026-04-06 retracted","Elisabeth M Bik"
"2022","article","Public Library of Science (PLoS)","PLOS ONE","The helix of CO2, household income, and oil pricing under the assumption of Keynesian consumption function: A policy-mix scenario of oil-importing South Asia for SDGs-2030","10.1371/journal.pone.0265515","3","0","2022-09-14 retracted","–"
"2023","article","Public Library of Science (PLoS)","PLOS ONE","Influence of lumbar support on tractor seat comfort based on body pressure distribution","10.1371/journal.pone.0282682","3","0","2023-04-25 retracted","–"
"2011","article","Public Library of Science (PLoS)","PLOS ONE","Sensory Coding by Cerebellar Mossy Fibres through Inhibition-Driven Phase Resetting and Synchronisation","10.1371/journal.pone.0026503","3","0","2012-04-16 retracted","–"
"2018","article","Public Library of Science (PLoS)","PLOS ONE","A new drilling method—Earthworm-like vibration drilling","10.1371/journal.pone.0194582","3","0","2022-06-13 retracted","–"
"2010","article","Public Library of Science (PLoS)","PLOS ONE","OsPIE1, the Rice Ortholog of Arabidopsis PHOTOPERIOD-INDEPENDENT EARLY FLOWERING1, Is Essential for Embryo Development","10.1371/journal.pone.0011299","3","0","2011-02-09 retracted","–"
"2026","article","Public Library of Science (PLoS)","PLOS Pathogens","RETRACTED: Plant rhabdovirus glycoprotein activates unfolded protein response-mediated antiviral ER-phagy in insect vectors","10.1371/journal.ppat.1013888","3","0","2026-06-12 retracted","–"
"2025","article","Public Library of Science (PLoS)","PLOS ONE","RETRACTED: Edge computing based english translation model using fuzzy semantic optimal control technique","10.1371/journal.pone.0320481","3","0","2026-06-23 retracted","–"
"2025","article","Public Library of Science (PLoS)","PLOS ONE","RETRACTED: An eel-like robot based on a dielectric elastomer","10.1371/journal.pone.0324738","2","25","2026-04-02 retracted","Hoya Camphorifolia"
"2016","article","Public Library of Science (PLoS)","PLOS ONE","RETRACTED > A High-Throughput Screening-Compatible Strategy for the Identification of Inositol Pyrophosphate Kinase Inhibitors","10.1371/journal.pone.0164378","2","11","2017-06-21 retracted","Neritina Granosa"
"2024","article","Public Library of Science (PLoS)","PLOS ONE","RETRACTED > RETRACTED: The association between mode of childbirth delivery and early childhood caries: A comprehensive systematic review and meta-analysis","10.1371/journal.pone.0310405","2","5","2025-12-17 retracted","Hoya Camphorifolia"
"2015","article","Public Library of Science (PLoS)","PLOS ONE","Clonal Analysis of Meningococci during a 26 Year Period Prior to the Introduction of Meningococcal Serogroup C Vaccines","10.1371/journal.pone.0115741","2","5","2015-10-16 retracted","–"
"2014","article","Public Library of Science (PLoS)","PLOS ONE","Pimecrolimus Cream 1% in the Management of Atopic Dermatitis in Pediatric Patients: A Meta-Analysis","10.1371/journal.pone.0093095","2","5","2014-09-16 retracted","–"
"2017","article","Public Library of Science (PLoS)","PLOS ONE","Anti Japanese encephalitis virus IgM positivity among patients with acute encephalitic syndrome admitted to different hospitals from all over Nepal","10.1371/journal.pone.0173434","2","2","2017-11-06 retracted","–"
"2022","article","Public Library of Science (PLoS)","PLOS ONE","RETRACTED > A new approach to constructing confidence intervals for population means based on small samples","10.1371/journal.pone.0271163","2","1","2023-03-01 retracted","Rhipidura Albiventris, Gerris Caucasicus"
"2013","article","Public Library of Science (PLoS)","PLOS ONE","RETRACTED > Fluid–Structure Interaction-Based Biomechanical Perception Model for Tactile Sensing","10.1371/journal.pone.0079472","2","1","2019-10-16 retracted","Potentilla Humifusa"
"2022","article","Public Library of Science (PLoS)","PLOS ONE","RETRACTED > Deletion of the scavenger receptor Scarb1 in osteoblast progenitors does not affect bone mass","10.1371/journal.pone.0265893","2","1","2023-08-16 retracted","Phalanger Lullulae"
"2022","article","Public Library of Science (PLoS)","PLOS ONE","Does money buy health? evaluation of stock market performance and economic growth in the wake of the COVID-19 pandemic","10.1371/journal.pone.0269879","2","1","2024-10-14 retracted","Gerris Caucasicus"
"2021","article","Public Library of Science (PLoS)","PLOS ONE","Sub-lethal doses of Nucleopolyhedrosis Virus and synthetic ınsecticides alter the biological parameters of Helicoverpa armigera Hübner (Lepidoptera: Noctuidae)","10.1371/journal.pone.0259867","2","1","2022-08-03 retracted","–"
"2024","article","Public Library of Science (PLoS)","PLOS ONE","RETRACTED: Measurement and analysis of the distortion of factor prices in China","10.1371/journal.pone.0302825","2","0","2025-11-04 retracted","Piper Cinereum"
"2025","article","Public Library of Science (PLoS)","PLOS ONE","RETRACTED: A novel spectral transformation technique based on special functions for improved chest X-ray image classification","10.1371/journal.pone.0325058","2","0","2026-06-23 retracted","Opecarcinus Cathyae"
"2020","article","Public Library of Science (PLoS)","PLOS ONE","RETRACTED > The effect of autophagy and mitochondrial fission on Harderian gland is greater than apoptosis in male hamsters during different photoperiods","10.1371/journal.pone.0241561","2","0","2023-02-10 retracted","Indigofera Tanganyikensis, Gerris Caucasicus"
"2025","article","Public Library of Science (PLoS)","PLOS ONE","RETRACTED: Short communication: Upregulation of hypoxia/reoxygenation-induced Shc3 by downregulated miR-455-5p, suppresses trophoblast invasion and is associated with placental inflammation and angiogenesis in preeclampsia","10.1371/journal.pone.0314544","2","0","2026-03-05 retracted","Illex Illecebrosus, Archasia Belfragei, Polychrus Liogaster"
"2023","article","Public Library of Science (PLoS)","PLOS ONE","RETRACTED: Business credit network characteristics and impact on green economy efficiency: Evidence from the Greater Bay Area around Hangzhou Bay of China","10.1371/journal.pone.0284019","2","0","2025-10-23 retracted","Hoya Camphorifolia, Rhipidura Albiventris"
"2025","article","Public Library of Science (PLoS)","PLOS ONE","Mechanisms of adipocyte regulation: Insights from HADHB gene modulation","10.1371/journal.pone.0319384","2","0","2026-07-14 retracted","Hoya Camphorifolia, Actinopolyspora Biskrensis, Ran Guan"
"2023","article","Public Library of Science (PLoS)","PLOS ONE","A multi-objective optimization based doherty power amplifier and its matching network optimization method","10.1371/journal.pone.0293371","2","0","2024-10-14 retracted","Hoya Camphorifolia"
"2021","article","Public Library of Science (PLoS)","PLOS ONE","Distribution characteristics of insect diversity in long-term fixed monitoring plots in Northeast China","10.1371/journal.pone.0250689","2","0","2025-03-05 retracted","Hoya Camphorifolia"
"2023","article","Public Library of Science (PLoS)","PLOS ONE","GIS-statically-based modelling the groundwater quality assessment coupled with soil and terrain attributes data","10.1371/journal.pone.0292680","2","0","2024-10-14 retracted","Hoya Camphorifolia"
"2025","article","Public Library of Science (PLoS)","PLOS ONE","RETRACTED: Perennial plants and traditional medicine: Assessing the socio-demographic impacts on traditional remedies","10.1371/journal.pone.0328913","2","0","2026-04-01 retracted","Hoya Camphorifolia"
"2022","article","Public Library of Science (PLoS)","PLOS ONE","Public perceptions About Foreign Investment, A PLS-SEM Analysis toward republic sustainable infrastructure","10.1371/journal.pone.0277673","2","0","2024-08-28 retracted","Hoya Camphorifolia"
"2025","article","Public Library of Science (PLoS)","PLOS ONE","RETRACTED > Consumption quota compilation based on BP artificial neural network algorithm in mechanical and electrical installation engineering of prefabricated buildings","10.1371/journal.pone.0324854","2","0","2026-04-08 retracted","Hoya Camphorifolia"
"2022","article","Public Library of Science (PLoS)","PLOS ONE","The impact of agricultural water salvation investment on economics development: Evidence from Eastern China","10.1371/journal.pone.0267627","2","0","2026-04-15 retracted","Hoya Camphorifolia"
"2021","article","Public Library of Science (PLoS)","PLOS ONE","Influence of the use of various imaging units and projections on the radiation dose received by children during chest digital radiography","10.1371/journal.pone.0255749","2","0","2025-05-09 retracted","Hoya Camphorifolia"
"2025","article","Public Library of Science (PLoS)","PLOS ONE","RETRACTED > RETRACTED: Chemical mechanisms of biogas production from wastewater algal biomass via cobalt-catalysed pyrolysis and methanogenic co-digestion","10.1371/journal.pone.0321364","2","0","2026-01-29 retracted","Hoya Camphorifolia"
"2025","article","Public Library of Science (PLoS)","PLOS ONE","RETRACTED: Recognition method of bridge apparent defects based on image processing and improved convolutional neural networks","10.1371/journal.pone.0335446","2","0","2026-06-23 retracted","Hoya Camphorifolia"
"2025","article","Public Library of Science (PLoS)","PLOS ONE","RETRACTED: Digital twin–driven design and testing of laser shock processed aluminum–graphene composites for spacecraft docking tribology","10.1371/journal.pone.0324501","2","0","2026-06-22 retracted","Hoya Camphorifolia"
"2024","article","Public Library of Science (PLoS)","PLOS ONE","RTA408 alleviates retinal ganglion cells damage in mouse glaucoma by inhibiting excessive autophagy","10.1371/journal.pone.0313446","2","0","2025-07-14 retracted","Hoya Camphorifolia"
"2024","article","Public Library of Science (PLoS)","PLOS ONE","Corporate social responsibility: A key driver of sustainable development in China’s post-COVID economy","10.1371/journal.pone.0300209","2","0","2025-05-07 retracted","Hoya Camphorifolia"
"2024","article","Public Library of Science (PLoS)","PLOS ONE","Multiliteracies meet new methods: The case for digital writing in English education case study in G-7 countries","10.1371/journal.pone.0304343","2","0","2025-05-07 retracted","Hoya Camphorifolia"
"2025","article","Public Library of Science (PLoS)","PLOS ONE","RETRACTED: SiC ultra -thin films for high-performance quantum spacecraft applications fabricated via nanosecond pulsed laser deposition and doping","10.1371/journal.pone.0327455","2","0","2026-06-22 retracted","Hoya Camphorifolia"
"2023","article","Public Library of Science (PLoS)","PLOS ONE","RETRACTED: Inclined analysis of water diversion project supply chain profits in the occurrence of whole supply chain damage in undeveloped regions of China","10.1371/journal.pone.0284174","2","0","2026-04-13 retracted","Hoya Camphorifolia"
"2023","article","Public Library of Science (PLoS)","PLOS ONE","RETRACTED: The yield of procalcitonin and Interleukin-6 in predicting intraamniotic infection in the presence of intrapartum fever: A pilot study","10.1371/journal.pone.0288537","2","0","2025-12-18 retracted","Hoya Camphorifolia"
"2023","article","Public Library of Science (PLoS)","PLOS ONE","Corporate social responsibility stimulus on environmental problems: Spatial threshold model analysis","10.1371/journal.pone.0286033","2","0","2025-08-25 retracted","Hoya Camphorifolia"
"2025","article","Public Library of Science (PLoS)","PLOS ONE","ICN intrusion detection method based on GA-CNN","10.1371/journal.pone.0325367","2","0","2026-04-08 retracted","Hoya Camphorifolia"
"2022","article","Public Library of Science (PLoS)","PLOS ONE","RETRACTED > The ancestral origin of the critically endangered Quadricorna sheep as revealed by genome-wide analysis","10.1371/journal.pone.0275989","2","0","2022-12-07 retracted","Gerris Caucasicus"
"2020","article","Public Library of Science (PLoS)","PLOS ONE","RETRACTED > Evaluation of Tegaran Formula ZhenHua cytotoxicity against human cancer cell lines","10.1371/journal.pone.0240969","2","0","2023-03-09 retracted","Gerris Caucasicus"
"2022","article","Public Library of Science (PLoS)","PLOS ONE","Assessment of genetic variation in Apis mellifera jemenitica (Hymenoptera: Apidae) based on mitochondrial Cytochrome Oxidase Subunit II and III","10.1371/journal.pone.0265454","2","0","2022-09-14 retracted","–"
"2022","article","Public Library of Science (PLoS)","PLOS ONE","Medication regimen complexity and its association with adherence and blood pressure control among hypertensive patients at selected hospitals of South Gondar Zone: A hospital based cross sectional study","10.1371/journal.pone.0272717","2","0","2023-06-23 retracted","–"
"2013","article","Public Library of Science (PLoS)","PLOS ONE","Inhibition of Rho-Kinase by Fasudil Suppresses Formation and Progression of Experimental Abdominal Aortic Aneurysms","10.1371/journal.pone.0080145","2","0","2014-07-03 retracted","–"
"2023","article","Public Library of Science (PLoS)","PLOS ONE","Preliminary validity of the BNSSS-20 in Arabic: Exploratory study on basic needs satisfaction in sport for a sample of Tunisian athletes","10.1371/journal.pone.0294582","2","0","2025-01-28 retracted","–"
"2024","article","Public Library of Science (PLoS)","PLOS ONE","Identification and classification of surface defects for digital twin models of the workpiece","10.1371/journal.pone.0302419","2","0","2024-09-16 retracted","–"
"2026","article","Public Library of Science (PLoS)","PLOS ONE","Anti-vibration method for sensing ring of fiber optical current transformer integrating structural design and adaptive signal processing","10.1371/journal.pone.0342161","2","0","2026-07-06 retracted","–"
"2026","article","Public Library of Science (PLoS)","PLOS ONE","RETRACTED: Super-Resolution pedestrian re-identification method based on bidirectional generative adversarial network","10.1371/journal.pone.0340378","2","0","2026-06-23 retracted","–"
"2025","article","Public Library of Science (PLoS)","PLOS ONE","RETRACTED: Evaluation of all-for-one tourism development level: Evidence from Xinjiang production and construction corps, China","10.1371/journal.pone.0317834","2","0","2026-06-23 retracted","–"
"2025","article","Public Library of Science (PLoS)","PLOS ONE","RETRACTED: Physical fitness characteristics and comprehensive physical fitness evaluation model of basketball players based on association rule algorithm","10.1371/journal.pone.0325925","2","0","2026-06-23 retracted","–"
"2026","article","Public Library of Science (PLoS)","PLOS ONE","Advanced machine learning-guided optimization platform for high-yield soluble expression of Pseudomonas aeruginosa exotoxin A in engineered Escherichia coli strains","10.1371/journal.pone.0347213","1","7","2026-07-13 retracted","Hoya Camphorifolia, Ramboldia Elabens"
"2025","article","Public Library of Science (PLoS)","PLOS ONE","RETRACTED > Can artificial intelligence and face recognition using deep learning detect emotions in children with autism?","10.1371/journal.pone.0338701","1","5","2025-12-26 retracted","Hoya Camphorifolia"
"2025","article","Public Library of Science (PLoS)","PLOS ONE","Evaluating sports complex sustainable supply chains: A prospective assessment technique method of moments quantile regression research","10.1371/journal.pone.0323054","1","5","2025-08-25 retracted","Hoya Camphorifolia"
"2011","article","Public Library of Science (PLoS)","PLOS ONE","Fisheries and Marine Animal Populations: Learning from the Long Term","10.1371/journal.pone.0016011","1","5","2011-02-03 retracted","–"
"2022","article","Public Library of Science (PLoS)","PLOS ONE","RETRACTED > Transcriptome characterization of Larrea tridentata and identification of genes associated with phenylpropanoid metabolic pathways","10.1371/journal.pone.0265231","1","1","2023-12-19 retracted","Hoya Camphorifolia"
"2025","article","Public Library of Science (PLoS)","PLOS ONE","Application of IRSA-BP neural network in diagnosing diabetes","10.1371/journal.pone.0324759","1","1","2026-07-22 retracted","Hoya Camphorifolia"
"2025","article","Public Library of Science (PLoS)","PLOS ONE","RETRACTED: Machine vision model for drip leakage detection of pipeline","10.1371/journal.pone.0316951","1","1","2025-12-01 retracted","Hoya Camphorifolia"
"2025","article","Public Library of Science (PLoS)","PLOS ONE","RETRACTED: Shaping environmental responsibility through virtual wilderness: The key role of aesthetic psychology","10.1371/journal.pone.0332120","1","1","2025-10-13 retracted","–"
"2022","article","Public Library of Science (PLoS)","PLOS ONE","Awareness and perception of malaria and dengue at school and college level in the district of Multan","10.1371/journal.pone.0260868","1","1","2022-11-16 retracted","–"
"2012","article","Public Library of Science (PLoS)","PLOS ONE","Functional Conservation of the Drosophila gooseberry Gene and Its Evolutionary Alleles","10.1371/journal.pone.0030980","1","1","2012-06-29 retracted","–"
"2025","article","Public Library of Science (PLoS)","PLOS ONE","Evaluating the spillover effects of the Sugira Muryango home-visiting intervention on temperament of children aged (0.3–3years) exposed to domestic violence: A cluster randomized controlled trial","10.1371/journal.pone.0320595","1","1","2025-07-10 retracted","–"
"2019","article","Public Library of Science (PLoS)","PLOS ONE","RETRACTED > Identifying developmental trajectories of worldwide road traffic accident death rates using a latent growth mixture modeling approach","10.1371/journal.pone.0212402","1","0","2021-06-04 retracted","Thamnophilus Doliatus"
"2023","article","Public Library of Science (PLoS)","PLOS ONE","Reduced levels of A20 protein prompted RIPK1-dependent apoptosis and blood–brain barrier breakdown during cerebral ischemia reperfusion injury","10.1371/journal.pone.0290015","1","0","2024-04-16 retracted","Indigofera Tanganyikensis, Hoya Camphorifolia, Min Gong"
"2025","article","Public Library of Science (PLoS)","PLOS ONE","RETRACTED: Fischer’s ratio and DNA damage in hypoxemia-induced brain injury in rat model: prophylactic role of quercetin and mexamine supplementation","10.1371/journal.pone.0319898","1","0","2026-02-23 retracted","Hoya Camphorifolia, Sholto David"
"2021","article","Public Library of Science (PLoS)","PLOS ONE","Examining failure learning in online lending: Complete failure vs. incomplete failure","10.1371/journal.pone.0255666","1","0","2025-03-18 retracted","Hoya Camphorifolia, Rhipidura Albiventris"
"2025","article","Public Library of Science (PLoS)","PLOS ONE","RETRACTED > RETRACTED: Ph-triazole as a therapeutic agent for pancreatic cancer: Synthesis, in silico, and in vitro evaluation","10.1371/journal.pone.0334618","1","0","2026-03-25 retracted","Hoya Camphorifolia, Gerris Pingreensis"
"2023","article","Public Library of Science (PLoS)","PLOS ONE","RETRACTED: Regional impact of aging population on carbon dioxide emissions in China: Evidence from panel threshold regression (PTR)","10.1371/journal.pone.0290582","1","0","2026-01-20 retracted","Hoya Camphorifolia"
"2024","article","Public Library of Science (PLoS)","PLOS ONE","Mathematical modeling and numerical simulation of supercritical processing of drug nanoparticles optimization for green processing: AI analysis","10.1371/journal.pone.0309242","1","0","2024-12-19 retracted","Hoya Camphorifolia"
"2024","article","Public Library of Science (PLoS)","PLOS ONE","Research on risk identification of manufacturing enterprises’ Internet strategic transformation","10.1371/journal.pone.0299857","1","0","2025-09-11 retracted","Hoya Camphorifolia"
"2024","article","Public Library of Science (PLoS)","PLOS ONE","RETRACTED: Spatial-temporal differences and convergence analysis of residential building carbon emission efficiency in China","10.1371/journal.pone.0311097","1","0","2025-11-25 retracted","Hoya Camphorifolia"
"2025","article","Public Library of Science (PLoS)","PLOS ONE","RETRACTED > A hybrid PSO-FFNN approach for optimized seismic design and accurate structural response prediction in steel moment-resisting frames","10.1371/journal.pone.0322396","1","0","2025-08-05 retracted","Hoya Camphorifolia"
"2025","article","Public Library of Science (PLoS)","PLOS ONE","RETRACTED > RETRACTED: Optimization of house price evaluation model based on multi-source geographic big data and deep neural network","10.1371/journal.pone.0335722","1","0","2025-12-18 retracted","Hoya Camphorifolia"
"2025","article","Public Library of Science (PLoS)","PLOS ONE","RETRACTED > RETRACTED: Enhancing pipa tuning stability with piezoelectric materials: An adaptive system for real-time performance adjustment","10.1371/journal.pone.0323840","1","0","2026-01-29 retracted","Hoya Camphorifolia"
"2025","article","Public Library of Science (PLoS)","PLOS ONE","RETRACTED > RETRACTED: Natural gas price prediction based on artificial intelligence models","10.1371/journal.pone.0336582","1","0","2026-02-23 retracted","Hoya Camphorifolia"
"2025","article","Public Library of Science (PLoS)","PLOS ONE","Wind energy resource assessment based on joint wolf pack intelligent optimization algorithm","10.1371/journal.pone.0326035","1","0","2026-04-08 retracted","Hoya Camphorifolia"
"2025","article","Public Library of Science (PLoS)","PLOS ONE","An innovative efficiency of incubator to enhance organization supportive business using machine learning approach","10.1371/journal.pone.0327249","1","0","2026-04-08 retracted","Hoya Camphorifolia"
"2025","article","Public Library of Science (PLoS)","PLOS ONE","RETRACTED: Do natural environmental protection, regional innovation climate, entrepreneurs’ cognition of green development positively influence the sustainable development of small rural businesses","10.1371/journal.pone.0332897","1","0","2026-04-27 retracted","Hoya Camphorifolia"
"2025","article","Public Library of Science (PLoS)","PLOS ONE","RETRACTED: Enhanced heart disease diagnosis and management: A multi-phase framework leveraging deep learning and personalized nutrition","10.1371/journal.pone.0334217","1","0","2026-06-12 retracted","Hoya Camphorifolia"
"2026","article","Public Library of Science (PLoS)","PLOS ONE","RETRACTED > RETRACTED: SHP2 improved Late-onset fetal growth restriction via modulating ROS/BRD4/PI3K/YAP/PIGF signaling induced angiogenesis","10.1371/journal.pone.0342649","1","0","2026-06-01 retracted","Hoya Camphorifolia"
"2026","article","Public Library of Science (PLoS)","PLOS ONE","RETRACTED > RETRACTED: NFIC suppressed the development of Glioma via modulating the balance of SHP2/PI3K and NF-κB/PTEN Signaling","10.1371/journal.pone.0341816","1","0","2026-05-27 retracted","Hoya Camphorifolia"
"2026","article","Public Library of Science (PLoS)","PLOS ONE","RETRACTED > A novel method based on clustering and decision-making for construction project portfolio selection","10.1371/journal.pone.0338697","1","0","2026-07-21 retracted","Hoya Camphorifolia"
"2021","article","Public Library of Science (PLoS)","PLOS ONE","RETRACTED > Transcriptome profiling reveals new insights into the roles of neuronal nitric oxide synthase on macrophage polarization towards classically activated phenotype","10.1371/journal.pone.0257908","1","0","2021-12-17 retracted","Cercospora Violae"
"2025","article","Public Library of Science (PLoS)","PLOS ONE","RETRACTED: Human swimming posture recognition combining improved 3D convolutional network and attention residual network","10.1371/journal.pone.0337577","1","0","2026-06-23 retracted","–"
"2025","article","Public Library of Science (PLoS)","PLOS Pathogens","Genome-wide characterization of Src Homology-3 (SH3) domain-containing proteins in the development and pathogenicity of Fusarium graminearum.","10.1371/journal.ppat.1013726","1","0","2026-07-20 retracted","–"
"2026","article","Public Library of Science (PLoS)","PLOS ONE","Retraction: ω3-PUFAs Exert Anti-Inflammatory Activity in Visceral Adipocytes from Colorectal Cancer Patients.","10.1371/journal.pone.0343572","0","5","	- retracted","–"
"2026","article","Public Library of Science (PLoS)","PLOS ONE","Retraction: Population growth poses a significant threat to forest ecosystems: A case study from the Hindukush-Himalayas of Pakistan.","10.1371/journal.pone.0343943","0","1","	- retracted","–"
"2026","article","Public Library of Science (PLoS)","PLOS ONE","Hybrid deep learning and feature selection approach for autism detection from rs-fMRI data","10.1371/journal.pone.0339921","0","1","2026-07-27 retracted","–"
"2026","article","Public Library of Science (PLoS)","PLOS ONE","Retraction: The green response of financial inclusion, infrastructure development and renewable energy to the environmental sustainability: A newly evidence from OECD economies.","10.1371/journal.pone.0343281","0","0","	- retracted","–"
"2026","article","Public Library of Science (PLoS)","PLOS ONE","Retraction: Fischer's ratio and DNA damage in hypoxemia-induced brain injury in rat model: Prophylactic role of quercetin and mexamine supplementation.","10.1371/journal.pone.0343460","0","0","	- retracted","–"
"2026","article","Public Library of Science (PLoS)","PLOS ONE","Retraction: Molecular docking and dynamics simulation study of bioactive compounds from Ficus carica L. with important anticancer drug targets.","10.1371/journal.pone.0343359","0","0","	- retracted","–"
"2026","article","Public Library of Science (PLoS)","PLOS ONE","Retraction: Design and validation of ultra-compact metamaterial-based biosensor for non-invasive cervical cancer diagnosis in terahertz regime.","10.1371/journal.pone.0343674","0","0","	- retracted","–"
"2026","article","Public Library of Science (PLoS)","PLOS ONE","Retraction: The artificial intelligence-based agricultural field irrigation warning system using GA-BP neural network under smart agriculture.","10.1371/journal.pone.0343197","0","0","	- retracted","–"
"2026","article","Public Library of Science (PLoS)","PLOS ONE","Retraction: Advancing enterprise risk management with deep learning: A predictive approach using the XGBoost-CNN-BiLSTM model.","10.1371/journal.pone.0343285","0","0","	- retracted","–"
"2026","article","Public Library of Science (PLoS)","PLOS ONE","Retraction: FSM-F: Finite State Machine Based Framework for Denial of Service and Intrusion Detection in MANET.","10.1371/journal.pone.0343279","0","0","	- retracted","–"
"2026","article","Public Library of Science (PLoS)","PLOS ONE","Retraction: Synergistic development of intangible cultural heritage and tourism industry: Empirical experiences from Jilin, China.","10.1371/journal.pone.0343268","0","0","	- retracted","–"
"2026","article","Public Library of Science (PLoS)","PLOS ONE","Retraction: Oncolytic virotherapy promotes radiosensitivity in soft tissue sarcoma by suppressing anti-apoptotic MCL1 expression.","10.1371/journal.pone.0343958","0","0","	- retracted","–"
"2026","article","Public Library of Science (PLoS)","PLOS ONE","Retraction: High Glucose Induced Oxidative Stress and Apoptosis in Cardiac Microvascular Endothelial Cells Are Regulated by FoxO3a.","10.1371/journal.pone.0344069","0","0","	- retracted","–"
"2026","article","Public Library of Science (PLoS)","PLOS ONE","Retraction: Natural gas price prediction based on artificial intelligence models.","10.1371/journal.pone.0343466","0","0","	- retracted","–"
"2026","article","Public Library of Science (PLoS)","PLOS ONE","Retraction: Induction of heat shock protein expression in SP2/0 transgenic cells and its effect on the production of monoclonal antibodies.","10.1371/journal.pone.0343942","0","0","	- retracted","–"
