"Year","Doctype","Publisher","Venue","Title","DOI","Citations","Altmetric","Decision","PubPeer Users"
"2011","article","Public Library of Science (PLoS)","PLOS ONE","Age Related Changes in NAD+ Metabolism Oxidative Stress and Sirt1 Activity in Wistar Rats","10.1371/journal.pone.0019194","564","80","2022-01-31 expression of concern","Elisabeth M Bik, Edentulina Martensi, Mycosphaerella Arachidis, Encoelia Furfuracea, Mastigona Mutabile, Pittosporum Tenuifolium, Nocardioides Hwasunensis"
"2015","article","Public Library of Science (PLoS)","PLOS ONE","Alcohol-Related Risk of Suicidal Ideation, Suicide Attempt, and Completed Suicide: A Meta-Analysis","10.1371/journal.pone.0126870","426","401","2022-12-19 expression of concern","–"
"2007","article","Public Library of Science (PLoS)","PLOS Biology","Targeted Inhibition of miRNA Maturation with Morpholinos Reveals a Role for miR-375 in Pancreatic Islet Development","10.1371/journal.pbio.0050203","423","31","2022-04-29 expression of concern","Elisabeth M Bik, Unregistered Submission"
"2009","article","Public Library of Science (PLoS)","PLOS ONE","High-Fat Diet Induces Apoptosis of Hypothalamic Neurons","10.1371/journal.pone.0005045","362","9","2023-10-10 expression of concern","Elisabeth M Bik, Cortinarius Sanguineus, Illex Illecebrosus, Homorthodes Carneola"
"2012","article","Public Library of Science (PLoS)","PLOS ONE","Over-Expression of LSD1 Promotes Proliferation, Migration and Invasion in Non-Small Cell Lung Cancer","10.1371/journal.pone.0035065","262","12","2024-02-02 expression of concern","–"
"2009","article","Public Library of Science (PLoS)","PLOS Biology","Neuropilin-1/GIPC1 Signaling Regulates α5β1 Integrin Traffic and Function in Endothelial Cells","10.1371/journal.pbio.1000025","260","6","2022-10-05 expression of concern","Unregistered Submission, Peer 2, Oxyrrhynchium Vagans"
"2020","article","Public Library of Science (PLoS)","PLOS ONE","Vitamin D sufficiency, a serum 25-hydroxyvitamin D at least 30 ng/mL reduced risk for adverse clinical outcomes in patients with COVID-19 infection","10.1371/journal.pone.0239799","243","1421","2020-10-14 expression of concern","Nicholas J. L. Brown, Actinopolyspora Biskrensis, Tagiades Flesus, Charadra Pata, Alexander Magazinov, Aquipuribacter Hungaricus"
"2017","article","Public Library of Science (PLoS)","PLOS ONE","Progression of Parkinson's disease is associated with gut dysbiosis: Two-year follow-up study","10.1371/journal.pone.0187307","241","27","2023-01-11 expression of concern","–"
"2013","article","Public Library of Science (PLoS)","PLOS ONE","Dietary Compound Isoliquiritigenin Inhibits Breast Cancer Neoangiogenesis via VEGF/VEGFR-2 Signaling Pathway","10.1371/journal.pone.0068566","239","22","2026-02-26 expression of concern","Hoya Camphorifolia, Actinopolyspora Biskrensis"
"2014","article","Public Library of Science (PLoS)","PLOS ONE","Genetic Dissection of Drought and Heat Tolerance in Chickpea through Genome-Wide and Candidate Gene-Based Association Mapping Approaches","10.1371/journal.pone.0096758","224","48","2026-05-26 expression of concern","–"
"2013","article","Public Library of Science (PLoS)","PLOS ONE","Curcumin Enhances the Effect of Chemotherapy against Colorectal Cancer Cells by Inhibition of NF-κB and Src Protein Kinase Signaling Pathways","10.1371/journal.pone.0057218","220","37","2024-11-22 expression of concern","Elisabeth M Bik, Peer 1"
"2009","article","Public Library of Science (PLoS)","PLOS ONE","The Excitotoxin Quinolinic Acid Induces Tau Phosphorylation in Human Neurons","10.1371/journal.pone.0006344","218","4","2024-11-14 expression of concern","Elisabeth M Bik, Harmothoe Glabra"
"2017","article","Public Library of Science (PLoS)","PLOS Biology","RETRACTED > Brain–Computer Interface–Based Communication in the Completely Locked-In State","10.1371/journal.pbio.1002593","214","2183","2019-10-16 expression of concern","Martin Spüler, Xenorhina Fuscigula, Astroloma Tectum, Potentilla Humifusa, Akanthomyces Koratensis"
"2010","article","Public Library of Science (PLoS)","PLOS Neglected Tropical Diseases","Coxiella burnetii in Humans and Ticks in Rural Senegal","10.1371/journal.pntd.0000654","211","5","2022-12-13 expression of concern","Elisabeth M Bik, Thomas Kesteman"
"2017","article","Public Library of Science (PLoS)","PLOS ONE","Nanoparticle curcumin ameliorates experimental colitis via modulation of gut microbiota and induction of regulatory T cells","10.1371/journal.pone.0185999","205","48","2023-01-11 expression of concern","–"
"2012","article","Public Library of Science (PLoS)","PLOS ONE","The IkappaB Kinase Family Phosphorylates the Parkinson’s Disease Kinase LRRK2 at Ser935 and Ser910 during Toll-Like Receptor Signaling","10.1371/journal.pone.0039132","203","10","2025-08-26 expression of concern","Inke Näthke, Panulirus Gracilis, Amycle Vernalis"
"2009","article","Public Library of Science (PLoS)","PLOS ONE","The Oncogenic EWS-FLI1 Protein Binds In Vivo GGAA Microsatellite Sequences with Potential Transcriptional Activation Function","10.1371/journal.pone.0004932","199","7","2022-06-23 expression of concern","Thunbergia Affinis"
"2010","article","Public Library of Science (PLoS)","PLOS Biology","Global Regulator SATB1 Recruits β-Catenin and Regulates TH2 Differentiation in Wnt-Dependent Manner","10.1371/journal.pbio.1000296","194","5","2022-11-23 expression of concern","Actinopolyspora Biskrensis, Zieria Citriodora, Sanjeev Galande, Leptolyngbya Halophila"
"2010","article","Public Library of Science (PLoS)","PLOS ONE","Pepper Mild Mottle Virus, a Plant Virus Associated with Specific Immune Responses, Fever, Abdominal Pains, and Pruritus in Humans","10.1371/journal.pone.0010041","193","56","2022-12-13 expression of concern","Elisabeth M Bik, Condylocarpon Amazonicum, Discus Catskillensis, SAMUEL MONDY, Kobresia Uncinioides, Agrochola Meridionalis, Selliguea Plantaginea"
"2012","article","Public Library of Science (PLoS)","PLOS ONE","Topical Insulin Accelerates Wound Healing in Diabetes by Enhancing the AKT and ERK Pathways: A Double-Blind Placebo-Controlled Clinical Trial","10.1371/journal.pone.0036974","187","17","2024-02-06 expression of concern","Elisabeth M Bik"
"2011","article","Public Library of Science (PLoS)","PLOS ONE","Bioavailability of Iron, Zinc, Phytate and Phytase Activity during Soaking and Germination of White Sorghum Varieties","10.1371/journal.pone.0025512","174","23","2026-06-17 expression of concern","–"
"2012","article","Public Library of Science (PLoS)","PLOS ONE","ZEB2 Mediates Multiple Pathways Regulating Cell Proliferation, Migration, Invasion, and Apoptosis in Glioma","10.1371/journal.pone.0038842","169","3","2020-04-01 expression of concern","Hoya Camphorifolia, Bacillus Mannanilyticus, Elmantis Trincomaliae"
"2009","article","Public Library of Science (PLoS)","PLOS ONE","Analysis of Allogenicity of Mesenchymal Stem Cells in Engraftment and Wound Healing in Mice","10.1371/journal.pone.0007119","168","6","2024-02-29 expression of concern","Actinopolyspora Biskrensis"
"2023","article","Public Library of Science (PLoS)","PLOS ONE","Detection of microplastics in human saphenous vein tissue using μFTIR: A pilot study","10.1371/journal.pone.0280594","164","728","2025-03-24 expression of concern","–"
"2014","article","Public Library of Science (PLoS)","PLOS ONE","Cigarette Smoke Toxins Deposited on Surfaces: Implications for Human Health","10.1371/journal.pone.0086391","164","407","2023-08-03 expression of concern","–"
"2013","article","Public Library of Science (PLoS)","PLOS ONE","Effects of High and Low Fat Dairy Food on Cardio-Metabolic Risk Factors: A Meta-Analysis of Randomized Studies","10.1371/journal.pone.0076480","161","78","2023-11-13 expression of concern","Elisabeth M Bik"
"2010","article","Public Library of Science (PLoS)","PLOS Neglected Tropical Diseases","Tick-Borne Rickettsioses, Neglected Emerging Diseases in Rural Senegal","10.1371/journal.pntd.0000821","154","0","2022-12-13 expression of concern","Elisabeth M Bik"
"2013","article","Public Library of Science (PLoS)","PLOS ONE","Hydrazinocurcumin Encapsuled Nanoparticles “Re-Educate” Tumor-Associated Macrophages and Exhibit Anti-Tumor Effects on Breast Cancer Following STAT3 Suppression","10.1371/journal.pone.0065896","152","12","2019-07-29 expression of concern","Elisabeth M Bik, Farfantepenaeus Paulensis"
"2008","article","Public Library of Science (PLoS)","PLOS ONE","The PHA Test Reflects Acquired T-Cell Mediated Immunocompetence in Birds","10.1371/journal.pone.0003295","144","6","	- expression of concern","Peer 1"
"2014","article","Public Library of Science (PLoS)","PLOS ONE","High-Lard and High-Fish-Oil Diets Differ in Their Effects on Function and Dynamic Behaviour of Rat Hepatic Mitochondria","10.1371/journal.pone.0092753","139","0","2022-03-16 expression of concern","Actinopolyspora Biskrensis, Clerodendrum Cephalanthum"
"2017","article","Public Library of Science (PLoS)","PLOS Neglected Tropical Diseases","Molecular and MALDI-TOF identification of ticks and tick-associated bacteria in Mali","10.1371/journal.pntd.0005762","135","2","2022-12-13 expression of concern","Elisabeth M Bik"
"2014","article","Public Library of Science (PLoS)","PLOS ONE","Genomewide Association Studies for 50 Agronomic Traits in Peanut Using the ‘Reference Set’ Comprising 300 Genotypes from 48 Countries of the Semi-Arid Tropics of the World","10.1371/journal.pone.0105228","134","5","2026-06-01 expression of concern","Desmococcus Antarctica"
"2012","article","Public Library of Science (PLoS)","PLOS ONE","Protein Solubility, Digestibility and Fractionation after Germination of Sorghum Varieties","10.1371/journal.pone.0031154","132","0","2026-06-15 expression of concern","–"
"2013","article","Public Library of Science (PLoS)","PLOS ONE","Shikonin Kills Glioma Cells through Necroptosis Mediated by RIP-1","10.1371/journal.pone.0066326","131","4","2026-02-23 expression of concern","René Aquarius"
"2022","article","Public Library of Science (PLoS)","PLOS ONE","Prevalence of type-2 diabetes and prediabetes in Malaysia: A systematic review and meta-analysis","10.1371/journal.pone.0263139","128","85","2025-06-23 expression of concern","–"
"2012","article","Public Library of Science (PLoS)","PLOS ONE","Glutamine Treatment Attenuates Endoplasmic Reticulum Stress and Apoptosis in TNBS-Induced Colitis","10.1371/journal.pone.0050407","125","2","2024-01-19 expression of concern","Aneurus Inconstans"
"2010","article","Public Library of Science (PLoS)","PLOS ONE","Resveratrol Enhances Antitumor Activity of TRAIL in Prostate Cancer Xenografts through Activation of FOXO Transcription Factor","10.1371/journal.pone.0015627","125","1","2019-09-24 expression of concern","Peer 1, Tabebuia Rosea, Actinopolyspora Biskrensis, Phomopsis Juniperivora"
"2014","article","Public Library of Science (PLoS)","PLOS ONE","Fructose-Bisphosphate Aldolase A Is a Potential Metastasis-Associated Marker of Lung Squamous Cell Carcinoma and Promotes Lung Cell Tumorigenesis and Migration","10.1371/journal.pone.0085804","123","8","2023-04-24 expression of concern","Hoya Camphorifolia, Actinopolyspora Biskrensis, Agromyza Nigripes"
"2012","article","Public Library of Science (PLoS)","PLOS ONE","Tumor Associated Macrophage × Cancer Cell Hybrids May Acquire Cancer Stem Cell Properties in Breast Cancer","10.1371/journal.pone.0041942","122","11","2026-02-10 expression of concern","Euphorbia Ceroderma"
"2013","article","Public Library of Science (PLoS)","PLOS ONE","Different Patterns of Akt and ERK Feedback Activation in Response to Rapamycin, Active-Site mTOR Inhibitors and Metformin in Pancreatic Cancer Cells","10.1371/journal.pone.0057289","122","1","2023-09-28 expression of concern","Elisabeth M Bik, Peer 1"
"2012","article","Public Library of Science (PLoS)","PLOS ONE","Signaling Networks Associated with AKT Activation in Non-Small Cell Lung Cancer (NSCLC): New Insights on the Role of Phosphatydil-Inositol-3 kinase","10.1371/journal.pone.0030427","119","1","2026-05-14 expression of concern","Streptomyces Coelicoflavus"
"2013","article","Public Library of Science (PLoS)","PLOS Neglected Tropical Diseases","Point-of-Care Laboratory of Pathogen Diagnosis in Rural Senegal","10.1371/journal.pntd.0001999","115","25","2022-12-13 expression of concern","Elisabeth M Bik"
"2012","article","Public Library of Science (PLoS)","PLOS ONE","Repertoire of Intensive Care Unit Pneumonia Microbiota","10.1371/journal.pone.0032486","112","2","2022-12-13 expression of concern","Elisabeth M Bik"
"2014","article","Public Library of Science (PLoS)","PLOS ONE","Ginsenoside Metabolite Compound K Promotes Recovery of Dextran Sulfate Sodium-Induced Colitis and Inhibits Inflammatory Responses by Suppressing NF-κB Activation","10.1371/journal.pone.0087810","110","3","2025-12-11 expression of concern","Elisabeth M Bik, Gang Song"
"2012","article","Public Library of Science (PLoS)","PLOS ONE","Overexpression of miR-142-5p and miR-155 in Gastric Mucosa-Associated Lymphoid Tissue (MALT) Lymphoma Resistant to Helicobacter pylori Eradication","10.1371/journal.pone.0047396","109","4","2023-01-11 expression of concern","–"
"2022","article","Public Library of Science (PLoS)","PLOS ONE","Soft computing models to predict the compressive strength of GGBS/FA- geopolymer concrete","10.1371/journal.pone.0265846","108","0","2026-05-28 expression of concern","Hoya Camphorifolia"
"2013","article","Public Library of Science (PLoS)","PLOS ONE","Engineering Pseudomonas protegens Pf-5 for Nitrogen Fixation and its Application to Improve Plant Growth under Nitrogen-Deficient Conditions","10.1371/journal.pone.0063666","107","15","2026-06-17 expression of concern","–"
"2013","article","Public Library of Science (PLoS)","PLOS ONE","A Versatile Medium for Cultivating Methanogenic Archaea","10.1371/journal.pone.0061563","107","7","2022-12-13 expression of concern","Elisabeth M Bik, Pterocarpus Officinalis"
"2018","article","Public Library of Science (PLoS)","PLOS ONE","RNA-Seq analysis revealed genes associated with drought stress response in kabuli chickpea (Cicer arietinum L.)","10.1371/journal.pone.0199774","105","9","2026-06-01 expression of concern","–"
"2014","article","Public Library of Science (PLoS)","PLOS ONE","Sox9 Potentiates BMP2-Induced Chondrogenic Differentiation and Inhibits BMP2-Induced Osteogenic Differentiation","10.1371/journal.pone.0089025","104","7","2021-04-01 expression of concern","Elisabeth M Bik"
"2014","article","Public Library of Science (PLoS)","PLOS ONE","Fisetin Inhibits Human Melanoma Cell Invasion through Promotion of Mesenchymal to Epithelial Transition and by Targeting MAPK and NFκB Signaling Pathways","10.1371/journal.pone.0086338","103","25","2024-10-28 expression of concern","Hoya Camphorifolia"
"2016","article","Public Library of Science (PLoS)","PLOS ONE","Urinary Exosomal microRNA-451-5p Is a Potential Early Biomarker of Diabetic Nephropathy in Rats","10.1371/journal.pone.0154055","103","1","2024-12-23 expression of concern","Actinopolyspora Biskrensis, Carolyn M. Ecelbarger"
"2023","article","Public Library of Science (PLoS)","PLOS Digital Health","Imbalanced class distribution and performance evaluation metrics: A systematic review of prediction accuracy for determining model performance in healthcare systems","10.1371/journal.pdig.0000290","103","0","2025-08-08 expression of concern","–"
"2012","article","Public Library of Science (PLoS)","PLOS ONE","Cytomegalovirus and Herpes Simplex Virus Effect on the Prognosis of Mechanically Ventilated Patients Suspected to Have Ventilator-Associated Pneumonia","10.1371/journal.pone.0051340","102","15","2022-12-13 expression of concern","Elisabeth M Bik, Hoya Camphorifolia"
"2015","article","Public Library of Science (PLoS)","PLOS ONE","Trend and Risk Factors of Diverticulosis in Japan: Age, Gender, and Lifestyle/Metabolic-Related Factors May Cooperatively Affect on the Colorectal Diverticula Formation","10.1371/journal.pone.0123688","102","6","2023-01-11 expression of concern","–"
"2014","article","Public Library of Science (PLoS)","PLOS ONE","Tumor Suppressor MicroRNA-27a in Colorectal Carcinogenesis and Progression by Targeting SGPP1 and Smad2","10.1371/journal.pone.0105991","100","0","2023-01-26 expression of concern","Indigofera Tanganyikensis, Hoya Camphorifolia, Actinopolyspora Biskrensis, Wancai Yang"
"2015","article","Public Library of Science (PLoS)","PLOS ONE","Genetic Mapping of QTLs Controlling Fatty Acids Provided Insights into the Genetic Control of Fatty Acid Synthesis Pathway in Peanut (Arachis hypogaea L.)","10.1371/journal.pone.0119454","99","0","2026-06-01 expression of concern","–"
"2018","article","Public Library of Science (PLoS)","PLOS ONE","The prognostic value of HER2 in ovarian cancer: A meta-analysis of observational studies","10.1371/journal.pone.0191972","98","1","2022-12-30 expression of concern","Gerris Caucasicus"
"2013","article","Public Library of Science (PLoS)","PLOS ONE","MiR-125b Reduces Porcine Reproductive and Respiratory Syndrome Virus Replication by Negatively Regulating the NF-κB Pathway","10.1371/journal.pone.0055838","97","7","2026-07-22 expression of concern","Elisabeth M Bik, Dang Wang"
"2013","article","Public Library of Science (PLoS)","PLOS ONE","Natural Borneol, a Monoterpenoid Compound, Potentiates Selenocystine-Induced Apoptosis in Human Hepatocellular Carcinoma Cells by Enhancement of Cellular Uptake and Activation of ROS-Mediated DNA Damage","10.1371/journal.pone.0063502","97","5","2025-12-01 expression of concern","Elisabeth M Bik, Actinopolyspora Biskrensis, Asclepias Prostrata"
"2014","article","Public Library of Science (PLoS)","PLOS ONE","Neuroprotective Effect of Hydrogen-Rich Saline against Neurologic Damage and Apoptosis in Early Brain Injury following Subarachnoid Hemorrhage: Possible Role of the Akt/GSK3β Signaling Pathway","10.1371/journal.pone.0096212","97","5","2026-03-09 expression of concern","Hoya Camphorifolia, René Aquarius, Yuan Hong"
"2015","article","Public Library of Science (PLoS)","PLOS ONE","Oral Administration of Faecalibacterium prausnitzii Decreased the Incidence of Severe Diarrhea and Related Mortality Rate and Increased Weight Gain in Preweaned Dairy Heifers","10.1371/journal.pone.0145485","97","4","2023-01-17 expression of concern","–"
"2014","article","Public Library of Science (PLoS)","PLOS ONE","miRNA 17 Family Regulates Cisplatin-Resistant and Metastasis by Targeting TGFbetaR2 in NSCLC","10.1371/journal.pone.0094639","96","0","2019-09-19 expression of concern","Elisabeth M Bik, Acroporium Pungens"
"2022","article","Public Library of Science (PLoS)","PLOS Genetics","WAPO-A1 is the causal gene of the 7AL QTL for spikelet number per spike in wheat","10.1371/journal.pgen.1009747","93","24","2023-12-20 expression of concern","Gerris Pingreensis"
"2011","article","Public Library of Science (PLoS)","PLOS Pathogens","Misregulation of AUXIN RESPONSE FACTOR 8 Underlies the Developmental Abnormalities Caused by Three Distinct Viral Silencing Suppressors in Arabidopsis","10.1371/journal.ppat.1002035","93","4","2015-10-09 expression of concern","Peer 1, Peer 2, Unregistered Submission, Peer 6"
"2017","article","Public Library of Science (PLoS)","PLOS ONE","16S rRNA gene sequencing and healthy reference ranges for 28 clinically relevant microbial taxa from the human gut microbiome","10.1371/journal.pone.0176555","92","522","2022-10-20 expression of concern","Elisabeth M Bik, Limnodrilus Claparedeanus, Thamnaconus Modestoides, Sorbus Commixta, Pseudamnicola Beckmanni"
"2012","article","Public Library of Science (PLoS)","PLOS ONE","Molecular Detection of Eukaryotes in a Single Human Stool Sample from Senegal","10.1371/journal.pone.0040888","92","13","2022-12-13 expression of concern","Elisabeth M Bik, Peronospora Silvatica"
"2013","article","Public Library of Science (PLoS)","PLOS ONE","Identification of the Sites of Tau Hyperphosphorylation and Activation of Tau Kinases in Synucleinopathies and Alzheimer’s Diseases","10.1371/journal.pone.0075025","91","16","2023-12-05 expression of concern","Hoya Camphorifolia, Actinopolyspora Biskrensis, Deborah C. Mash"
"2006","article","Public Library of Science (PLoS)","PLOS Biology","Shellfish Dredging Pushes a Flexible Avian Top Predator out of a Marine Protected Area","10.1371/journal.pbio.0040376","91","12","2026-04-22 expression of concern","Iridophycus Sinicola"
"2015","article","Public Library of Science (PLoS)","PLOS ONE","HIF-1α Activation by Intermittent Hypoxia Requires NADPH Oxidase Stimulation by Xanthine Oxidase","10.1371/journal.pone.0119762","91","9","2024-02-14 expression of concern","Actinopolyspora Biskrensis, Paxillus Obscurosporus"
"2016","article","Public Library of Science (PLoS)","PLOS ONE","A Global Meta-Analysis on the Impact of Management Practices on Net Global Warming Potential and Greenhouse Gas Intensity from Cropland Soils","10.1371/journal.pone.0148527","89","5","2022-05-02 expression of concern","–"
"2013","article","Public Library of Science (PLoS)","PLOS ONE","Enhancement of Auranofin-Induced Apoptosis in MCF-7 Human Breast Cells by Selenocystine, a Synergistic Inhibitor of Thioredoxin Reductase","10.1371/journal.pone.0053945","89","0","2025-12-01 expression of concern","Actinopolyspora Biskrensis, Illex Illecebrosus"
"2013","article","Public Library of Science (PLoS)","PLOS ONE","Plant and Fungal Diversity in Gut Microbiota as Revealed by Molecular and Culture Investigations","10.1371/journal.pone.0059474","88","13","2022-12-13 expression of concern","Elisabeth M Bik, Hoya Camphorifolia, Peronospora Silvatica"
"2016","article","Public Library of Science (PLoS)","PLOS Neglected Tropical Diseases","Multiple Pathogens Including Potential New Species in Tick Vectors in Côte d’Ivoire","10.1371/journal.pntd.0004367","88","5","2022-12-13 expression of concern","Elisabeth M Bik"
"2019","article","Public Library of Science (PLoS)","PLOS ONE","LRRK2 kinase plays a critical role in manganese-induced inflammation and apoptosis in microglia","10.1371/journal.pone.0210248","87","11","2023-12-13 expression of concern","Indigofera Tanganyikensis, Actinopolyspora Biskrensis, Michael Aschner"
"2011","article","Public Library of Science (PLoS)","PLOS Biology","Lipoprotein Receptor LRP1 Regulates Leptin Signaling and Energy Homeostasis in the Adult Central Nervous System","10.1371/journal.pbio.1000575","87","1","2025-12-01 expression of concern","Unregistered Submission, Actinopolyspora Biskrensis"
"2014","article","Public Library of Science (PLoS)","PLOS ONE","Eukaryote Culturomics of the Gut Reveals New Species","10.1371/journal.pone.0106994","86","12","2022-12-13 expression of concern","Elisabeth M Bik, Peronospora Silvatica"
"2009","article","Public Library of Science (PLoS)","PLOS Neglected Tropical Diseases","WR279,396, a Third Generation Aminoglycoside Ointment for the Treatment of Leishmania major Cutaneous Leishmaniasis: A Phase 2, Randomized, Double Blind, Placebo Controlled Study","10.1371/journal.pntd.0000432","86","6","2026-03-05 expression of concern","Gerris Caucasicus"
"2013","article","Public Library of Science (PLoS)","PLOS ONE","Stimulation of the Sigma-1 Receptor by DHEA Enhances Synaptic Efficacy and Neurogenesis in the Hippocampal Dentate Gyrus of Olfactory Bulbectomized Mice","10.1371/journal.pone.0060863","86","2","2023-08-15 expression of concern","Actinopolyspora Biskrensis, Kohji Fukunaga"
"2014","article","Public Library of Science (PLoS)","PLOS Genetics","RETRACTED > 24-Hour Rhythms of DNA Methylation and Their Relation with Rhythms of RNA Expression in the Human Dorsolateral Prefrontal Cortex","10.1371/journal.pgen.1004792","84","24","2021-03-19 expression of concern","Acanthosaura Armata, Phylica Empetroides"
"2013","article","Public Library of Science (PLoS)","PLOS Pathogens","The EBV Latent Antigen 3C Inhibits Apoptosis through Targeted Regulation of Interferon Regulatory Factors 4 and 8","10.1371/journal.ppat.1003314","82","1","2025-12-16 expression of concern","Illex Illecebrosus, Pedicularis Batangensis, Albinaria Turrita, Argiope Ranomafanensis, Chrysosplenium Microspermum"
"2009","article","Public Library of Science (PLoS)","PLOS ONE","Early Events Associated with Infection of Epstein-Barr Virus Infection of Primary B-Cells","10.1371/journal.pone.0007214","81","8","2021-08-19 expression of concern","Elisabeth M Bik, Parapsectra Nana"
"2014","article","Public Library of Science (PLoS)","PLOS ONE","Lichen Secondary Metabolites in Flavocetraria cucullata Exhibit Anti-Cancer Effects on Human Cancer Cells through the Induction of Apoptosis and Suppression of Tumorigenic Potentials","10.1371/journal.pone.0111575","81","3","2023-02-24 expression of concern","Elisabeth M Bik, Actinopolyspora Biskrensis, Hangun Kim"
"2017","article","Public Library of Science (PLoS)","PLOS ONE","Cholecystectomy can increase the risk of colorectal cancer: A meta-analysis of 10 cohort studies","10.1371/journal.pone.0181852","81","2","2024-03-08 expression of concern","–"
"2008","article","Public Library of Science (PLoS)","PLOS Biology","The Communication Factor EDF and the Toxin–Antitoxin Module mazEF Determine the Mode of Action of Antibiotics","10.1371/journal.pbio.0060319","80","21","2021-05-10 expression of concern","Leonid Schneider, Elisabeth M Bik, Unregistered Submission, Peer 2, Peer 3, Peer 6, Peer 7, Actinopolyspora Biskrensis, Freycinetia Impavida, Cladonia Fruticulosa, Ilana Kolodkin-Gal, Hedyosmum Grisebachii"
"2020","article","Public Library of Science (PLoS)","PLOS Genetics","Epistatic interactions between PHOTOPERIOD1, CONSTANS1 and CONSTANS2 modulate the photoperiodic response in wheat","10.1371/journal.pgen.1008812","77","11","2023-12-20 expression of concern","Gerris Pingreensis"
"2010","article","Public Library of Science (PLoS)","PLOS ONE","Tumor Associated Macrophages Protect Colon Cancer Cells from TRAIL-Induced Apoptosis through IL-1β- Dependent Stabilization of Snail in Tumor Cells","10.1371/journal.pone.0011700","77","4","2022-01-27 expression of concern","Sylvain Bernès, Unregistered Submission, Clepsis Moeschleriana, Deprea Orinocensis, Pittosporum Tenuifolium"
"2011","article","Public Library of Science (PLoS)","PLOS Biology","RETRACTED > A Chaperonin Subunit with Unique Structures Is Essential for Folding of a Specific Substrate","10.1371/journal.pbio.1001040","76","25","2020-10-20 expression of concern","Elisabeth M Bik, Yamadazyma Phyllophila"
"2012","article","Public Library of Science (PLoS)","PLOS ONE","Adaptive Pacing, Cognitive Behaviour Therapy, Graded Exercise, and Specialist Medical Care for Chronic Fatigue Syndrome: A Cost-Effectiveness Analysis","10.1371/journal.pone.0040808","75","205","2017-05-02 expression of concern","Unregistered Submission, Peer 3"
"2009","article","Public Library of Science (PLoS)","PLOS ONE","The Post-Synaptic Density of Human Postmortem Brain Tissues: An Experimental Study Paradigm for Neuropsychiatric Illnesses","10.1371/journal.pone.0005251","74","13","2022-09-09 expression of concern","Elisabeth M Bik, Panicum Schwackeanum"
"2011","article","Public Library of Science (PLoS)","PLOS ONE","Synaptic Dysbindin-1 Reductions in Schizophrenia Occur in an Isoform-Specific Manner Indicating Their Subsynaptic Location","10.1371/journal.pone.0016886","74","0","2024-03-20 expression of concern","Elisabeth M Bik, Ficus Subtrinervia, Matthew Schrag, Konrad Talbot, Illex Illecebrosus"
"2014","article","Public Library of Science (PLoS)","PLOS Neglected Tropical Diseases","Enhanced Protective Efficacy of Nonpathogenic Recombinant Leishmania tarentolae Expressing Cysteine Proteinases Combined with a Sand Fly Salivary Antigen","10.1371/journal.pntd.0002751","74","0","2021-02-17 expression of concern","Elisabeth M Bik, Sima Rafati"
"2015","article","Public Library of Science (PLoS)","PLOS ONE","Influence of the PNPLA3 rs738409 Polymorphism on Non-Alcoholic Fatty Liver Disease and Renal Function among Normal Weight Subjects","10.1371/journal.pone.0132640","73","38","2023-01-11 expression of concern","–"
"2016","article","Public Library of Science (PLoS)","PLOS ONE","Hyaluronan Hybrid Cooperative Complexes as a Novel Frontier for Cellular Bioprocesses Re-Activation","10.1371/journal.pone.0163510","73","4","2024-04-10 expression of concern","Actinopolyspora Biskrensis, Lottia Cassis"
"2012","article","Public Library of Science (PLoS)","PLOS ONE","Simvastatin Reduces Endotoxin-Induced Acute Lung Injury by Decreasing Neutrophil Recruitment and Radical Formation","10.1371/journal.pone.0038917","73","3","2020-10-15 expression of concern","Feresa Attenuata, Meriania Tomentosa"
"2011","article","Public Library of Science (PLoS)","PLOS Neglected Tropical Diseases","Orientia tsutsugamushi Stimulates an Original Gene Expression Program in Monocytes: Relationship with Gene Expression in Patients with Scrub Typhus","10.1371/journal.pntd.0001028","72","3","2022-12-13 expression of concern","Elisabeth M Bik"
"2007","article","Public Library of Science (PLoS)","PLOS ONE","Role of Ubiquitination in IGF-1 Receptor Signaling and Degradation","10.1371/journal.pone.0000340","72","3","2025-02-06 expression of concern","Fritillaria Pinardii, Aristolochia Nummularifolia"
"2014","article","Public Library of Science (PLoS)","PLOS ONE","Genetic Diversity and Demographic History of Cajanus spp. Illustrated from Genome-Wide SNPs","10.1371/journal.pone.0088568","71","1","2026-06-01 expression of concern","–"
"2020","article","Public Library of Science (PLoS)","PLOS ONE","How to detect a polytrauma patient at risk of complications: A validation and database analysis of four published scales","10.1371/journal.pone.0228082","71","1","2026-04-29 expression of concern","–"
"2011","article","Public Library of Science (PLoS)","PLOS Neglected Tropical Diseases","Tropheryma whipplei: A Common Bacterium in Rural Senegal","10.1371/journal.pntd.0001403","70","11","2022-12-13 expression of concern","Elisabeth M Bik, Encoelia Furfuracea, Gerris Pingreensis, Peronospora Silvatica"
"2014","article","Public Library of Science (PLoS)","PLOS ONE","Multiple Low-Dose Radiation Prevents Type 2 Diabetes-Induced Renal Damage through Attenuation of Dyslipidemia and Insulin Resistance and Subsequent Renal Inflammation and Oxidative Stress","10.1371/journal.pone.0092574","69","3","2025-06-30 expression of concern","Elisabeth M Bik, Minglong Shao"
"2013","article","Public Library of Science (PLoS)","PLOS ONE","Ginsenoside Rg-1 Protects Retinal Pigment Epithelium (RPE) Cells from Cobalt Chloride (CoCl2) and Hypoxia Assaults","10.1371/journal.pone.0084171","69","2","2024-05-24 expression of concern","Elisabeth M Bik, Peer 1, Unregistered Submission, Peer 3"
"2016","article","Public Library of Science (PLoS)","PLOS ONE","Prediction of Pneumonia in Acute Stroke Patients Using Tongue Pressure Measurements","10.1371/journal.pone.0165837","68","8","2023-01-11 expression of concern","–"
"2019","article","Public Library of Science (PLoS)","PLOS ONE","InDel markers: An extended marker resource for molecular breeding in chickpea","10.1371/journal.pone.0213999","67","8","2026-06-01 expression of concern","–"
"2023","article","Public Library of Science (PLoS)","PLOS Computational Biology","HiSV: A control-free method for structural variation detection from Hi-C data","10.1371/journal.pcbi.1010760","67","3","2025-04-17 expression of concern","–"
"2014","article","Public Library of Science (PLoS)","PLOS ONE","DUSP1 Is a Novel Target for Enhancing Pancreatic Cancer Cell Sensitivity to Gemcitabine","10.1371/journal.pone.0084982","65","3","2020-05-21 expression of concern","Hedeoma Pulegioides, Cremanthodium Lineare"
"2012","article","Public Library of Science (PLoS)","PLOS ONE","Differential Effects of UCHL1 Modulation on Alpha-Synuclein in PD-Like Models of Alpha-Synucleinopathy","10.1371/journal.pone.0034713","65","1","2025-02-21 expression of concern","Dysdera Arabisenen, Arctostaphylos Manzanita"
"2013","article","Public Library of Science (PLoS)","PLOS ONE","Triglyceride-Rich Lipoprotein Modulates Endothelial Vascular Cell Adhesion Molecule (VCAM)-1 Expression via Differential Regulation of Endoplasmic Reticulum Stress","10.1371/journal.pone.0078322","65","1","2024-03-13 expression of concern","Elisabeth M Bik, Illex Illecebrosus"
"2016","article","Public Library of Science (PLoS)","PLOS ONE","The Multidisciplinary Swallowing Team Approach Decreases Pneumonia Onset in Acute Stroke Patients","10.1371/journal.pone.0154608","64","22","2023-01-11 expression of concern","–"
"2012","article","Public Library of Science (PLoS)","PLOS ONE","General Sensitization of Melanoma Cells for TRAIL-Induced Apoptosis by the Potassium Channel Inhibitor TRAM-34 Depends on Release of SMAC","10.1371/journal.pone.0039290","64","5","2025-04-28 expression of concern","Baetis Maderensis, Rice Stripe, Nicotiana Kawakamii"
"2014","article","Public Library of Science (PLoS)","PLOS ONE","MiR-23a Facilitates the Replication of HSV-1 through the Suppression of Interferon Regulatory Factor 1","10.1371/journal.pone.0114021","64","5","2020-05-29 expression of concern","Elisabeth M Bik, Actinopolyspora Biskrensis"
"2018","article","Public Library of Science (PLoS)","PLOS ONE","Differential expression and function of CAIX and CAXII in breast cancer: A comparison between tumorgraft models and cells","10.1371/journal.pone.0199476","64","3","2025-07-03 expression of concern","Leonid Schneider, Actinopolyspora Biskrensis"
"2019","article","Public Library of Science (PLoS)","PLOS Genetics","NKILA represses nasopharyngeal carcinoma carcinogenesis and metastasis by NF-κB pathway inhibition","10.1371/journal.pgen.1008325","63","2","2022-08-16 expression of concern","Hoya Camphorifolia, Acacia Aulacophylla, Geoglossum Inflatum"
"2021","article","Public Library of Science (PLoS)","PLOS ONE","Menstrual hygiene practices among high school girls in urban areas in Northeastern Ethiopia: A neglected issue in water, sanitation, and hygiene research","10.1371/journal.pone.0248825","63","1","2025-07-29 expression of concern","–"
"2016","article","Public Library of Science (PLoS)","PLOS Neglected Tropical Diseases","Head Lice of Pygmies Reveal the Presence of Relapsing Fever Borreliae in the Republic of Congo","10.1371/journal.pntd.0005142","62","5","2022-12-13 expression of concern","Elisabeth M Bik, Smerinthus Ocellata"
"2012","article","Public Library of Science (PLoS)","PLOS ONE","Rickettsia Species in African Anopheles Mosquitoes","10.1371/journal.pone.0048254","62","2","2022-12-13 expression of concern","Elisabeth M Bik, Hoya Camphorifolia"
"2014","article","Public Library of Science (PLoS)","PLOS ONE","MicroRNA-152 Regulates DNA Methyltransferase 1 and Is Involved in the Development and Lactation of Mammary Glands in Dairy Cows","10.1371/journal.pone.0101358","62","1","2020-06-29 expression of concern","Elisabeth M Bik, Peer 1"
"2014","article","Public Library of Science (PLoS)","PLOS ONE","Atypical Mismatch Negativity in Response to Emotional Voices in People with Autism Spectrum Conditions","10.1371/journal.pone.0102471","61","9","2021-08-16 expression of concern","Tomato Yellow"
"2010","article","Public Library of Science (PLoS)","PLOS ONE","Cyclin B1/Cdk1 Phosphorylation of Mitochondrial p53 Induces Anti-Apoptotic Response","10.1371/journal.pone.0012341","61","4","2019-07-25 expression of concern","Peer 1, Vibrio Salilacus, Jian Jian Li"
"2012","article","Public Library of Science (PLoS)","PLOS ONE","Schisandrin B Attenuates Cancer Invasion and Metastasis Via Inhibiting Epithelial-Mesenchymal Transition","10.1371/journal.pone.0040480","61","3","2022-09-29 expression of concern","–"
"2012","article","Public Library of Science (PLoS)","PLOS ONE","Ontological Differences in First Compared to Third Trimester Human Fetal Placental Chorionic Stem Cells","10.1371/journal.pone.0043395","60","11","2025-08-01 expression of concern","Actinopolyspora Biskrensis, Illex Illecebrosus, Pascale V. Guillot"
"2021","article","Public Library of Science (PLoS)","PLOS ONE","Real-time recognition of spraying area for UAV sprayers using a deep learning approach","10.1371/journal.pone.0249436","60","7","2025-06-20 expression of concern","–"
"2011","article","Public Library of Science (PLoS)","PLOS ONE","Distinct Characteristics of Circulating Vascular Endothelial Growth Factor-A and C Levels in Human Subjects","10.1371/journal.pone.0029351","60","1","2023-01-11 expression of concern","–"
"2019","article","Public Library of Science (PLoS)","PLOS ONE","Steady expression of high oleic acid in peanut bred by marker-assisted backcrossing for fatty acid desaturase mutant alleles and its effect on seed germination along with other seedling traits","10.1371/journal.pone.0226252","60","1","2026-06-01 expression of concern","–"
"2021","article","Public Library of Science (PLoS)","PLOS ONE","The introduction of a mandatory mask policy was associated with significantly reduced COVID-19 cases in a major metropolitan city","10.1371/journal.pone.0253510","59","817","2023-04-21 expression of concern","Kyle Sheldrick, Gerris Caucasicus"
"2019","article","Public Library of Science (PLoS)","PLOS Genetics","Exome sequencing in multiple sclerosis families identifies 12 candidate genes and nominates biological pathways for the genesis of disease","10.1371/journal.pgen.1008180","58","138","2019-10-11 expression of concern","Actinopolyspora Biskrensis, Euplotes Qatarensis"
"2013","article","Public Library of Science (PLoS)","PLOS ONE","The Antimetastatic Effects of Resveratrol on Hepatocellular Carcinoma through the Downregulation of a Metastasis-Associated Protease by SP-1 Modulation","10.1371/journal.pone.0056661","58","8","2024-07-03 expression of concern","Elisabeth M Bik, Anemone Sellowii"
"2013","article","Public Library of Science (PLoS)","PLOS ONE","Activation of Notch Signaling Is Required for Cholangiocarcinoma Progression and Is Enhanced by Inactivation of p53 In Vivo","10.1371/journal.pone.0077433","58","5","2019-12-05 expression of concern","Leonid Schneider, Lotus Azoricus, Campanula Velata"
"2023","article","Public Library of Science (PLoS)","PLOS Genetics","EARLY FLOWERING 3 interactions with PHYTOCHROME B and PHOTOPERIOD1 are critical for the photoperiodic regulation of wheat heading time","10.1371/journal.pgen.1010655","58","1","2023-12-20 expression of concern","Gerris Pingreensis"
"2016","article","Public Library of Science (PLoS)","PLOS ONE","Mapping Quantitative Trait Loci of Resistance to Tomato Spotted Wilt Virus and Leaf Spots in a Recombinant Inbred Line Population of Peanut (Arachis hypogaea L.) from SunOleic 97R and NC94022","10.1371/journal.pone.0158452","58","1","2026-06-01 expression of concern","–"
"2014","article","Public Library of Science (PLoS)","PLOS ONE","Identification of CD24 as a Cancer Stem Cell Marker in Human Nasopharyngeal Carcinoma","10.1371/journal.pone.0099412","57","19","2019-01-03 expression of concern","Elisabeth M Bik, Peer 1, Unregistered Submission, Hsin-Chih Lai"
"2012","article","Public Library of Science (PLoS)","PLOS ONE","Carbapenem Resistance and Acinetobacter baumannii in Senegal: The Paradigm of a Common Phenomenon in Natural Reservoirs","10.1371/journal.pone.0039495","57","5","2022-12-13 expression of concern","Elisabeth M Bik, Encoelia Furfuracea, Nesobasis Malcolmi"
"2014","article","Public Library of Science (PLoS)","PLOS ONE","Effects of Maternal Smoking on the Placental Expression of Genes Related to Angiogenesis and Apoptosis during the First Trimester","10.1371/journal.pone.0106140","56","4","2023-01-11 expression of concern","–"
"2011","article","Public Library of Science (PLoS)","PLOS Neglected Tropical Diseases","Cell-Associated Flagella Enhance the Protection Conferred by Mucosally-Administered Attenuated Salmonella Paratyphi A Vaccines","10.1371/journal.pntd.0001373","56","3","2024-05-06 expression of concern","Elisabeth M Bik"
"2016","article","Public Library of Science (PLoS)","PLOS ONE","miR-130b-3p Modulates Epithelial-Mesenchymal Crosstalk in Lung Fibrosis by Targeting IGF-1","10.1371/journal.pone.0150418","56","1","2022-02-03 expression of concern","Linaria Rubioides, Dianhua Jiang, René Aquarius"
"2012","article","Public Library of Science (PLoS)","PLOS ONE","Serological Evidence of Ebola Virus Infection in Indonesian Orangutans","10.1371/journal.pone.0040740","55","60","	- expression of concern","Peer 1"
"2019","article","Public Library of Science (PLoS)","PLOS ONE","Liberals lecture, conservatives communicate: Analyzing complexity and ideology in 381,609 political speeches","10.1371/journal.pone.0208450","54","100","2022-11-14 expression of concern","–"
"2013","article","Public Library of Science (PLoS)","PLOS Neglected Tropical Diseases","Protective Role of Acetylsalicylic Acid in Experimental Trypanosoma cruzi Infection: Evidence of a 15-epi-Lipoxin A4-Mediated Effect","10.1371/journal.pntd.0002173","54","9","2024-09-05 expression of concern","Elisabeth M Bik, Aneurus Inconstans, Rodrigo López-Muñoz, Illex Illecebrosus"
"2008","article","Public Library of Science (PLoS)","PLOS Genetics","Protein Under-Wrapping Causes Dosage Sensitivity and Decreases Gene Duplicability","10.1371/journal.pgen.0040011","53","14","2015-09-14 expression of concern","Peer 1, Unregistered Submission, Peer 2, Peer 3"
"2017","article","Public Library of Science (PLoS)","PLOS ONE","Neoadjuvant chemotherapy versus primary debulking surgery in advanced epithelial ovarian cancer: A meta-analysis of peri-operative outcome","10.1371/journal.pone.0186725","53","6","2023-05-04 expression of concern","–"
"2015","article","Public Library of Science (PLoS)","PLOS ONE","Insulin Protects Cardiac Myocytes from Doxorubicin Toxicity by Sp1-Mediated Transactivation of Survivin","10.1371/journal.pone.0135438","53","2","2023-05-11 expression of concern","–"
"2012","article","Public Library of Science (PLoS)","PLOS ONE","The Gene Expression Analysis of Blood Reveals S100A11 and AQP9 as Potential Biomarkers of Infective Endocarditis","10.1371/journal.pone.0031490","53","1","2022-12-13 expression of concern","Elisabeth M Bik, Hoya Camphorifolia"
"2017","article","Public Library of Science (PLoS)","PLOS ONE","Prognostic significance of neutrophil-to-lymphocyte ratio in diffuse large B-cell lymphoma: A meta-analysis","10.1371/journal.pone.0176008","53","0","2022-11-10 expression of concern","–"
"2016","article","Public Library of Science (PLoS)","PLOS ONE","Prognostic Significance of Neutrophil-to-Lymphocyte Ratio in Colorectal Liver Metastasis: A Systematic Review and Meta-Analysis","10.1371/journal.pone.0159447","52","1","2023-07-03 expression of concern","–"
"2013","article","Public Library of Science (PLoS)","PLOS ONE","The MAPK Pathway Signals Telomerase Modulation in Response to Isothiocyanate-Induced DNA Damage of Human Liver Cancer Cells","10.1371/journal.pone.0053240","52","0","2026-03-09 expression of concern","Gerris Caucasicus, Paenibacillus Urinalis"
"2021","article","Public Library of Science (PLoS)","PLOS ONE","Comparative phenotypic, genotypic and genomic analyses of Bacillus thuringiensis associated with foodborne outbreaks in France","10.1371/journal.pone.0246885","51","20","2023-05-01 expression of concern","–"
"2022","article","Public Library of Science (PLoS)","PLOS Genetics","MiR172-APETALA2-like genes integrate vernalization and plant age to control flowering time in wheat","10.1371/journal.pgen.1010157","51","10","2023-09-19 expression of concern","Gerris Pingreensis"
"2018","article","Public Library of Science (PLoS)","PLOS Neglected Tropical Diseases","Antivirus effectiveness of ivermectin on dengue virus type 2 in Aedes albopictus","10.1371/journal.pntd.0006934","50","585","2022-01-11 expression of concern","Guillaume Cabanac, Kyle Sheldrick"
"2019","article","Public Library of Science (PLoS)","PLOS ONE","Extensive culturomics of 8 healthy samples enhances metagenomics efficiency","10.1371/journal.pone.0223543","50","9","2022-12-13 expression of concern","Elisabeth M Bik, Mesembrina Resplendens"
"2008","article","Public Library of Science (PLoS)","PLOS Pathogens","The Uptake of Apoptotic Cells Drives Coxiella burnetii Replication and Macrophage Polarization: A Model for Q Fever Endocarditis","10.1371/journal.ppat.1000066","50","7","2022-12-13 expression of concern","Elisabeth M Bik"
"2015","article","Public Library of Science (PLoS)","PLOS Neglected Tropical Diseases","Mansonella, including a Potential New Species, as Common Parasites in Children in Gabon","10.1371/journal.pntd.0004155","50","6","2022-12-13 expression of concern","Elisabeth M Bik"
"2013","article","Public Library of Science (PLoS)","PLOS ONE","RETRACTED > Neurotoxicity Induced by Bupivacaine via T-Type Calcium Channels in SH-SY5Y Cells","10.1371/journal.pone.0062942","50","1","2019-09-12 expression of concern","Elisabeth M Bik, Actinopolyspora Biskrensis, Cicindela Batesi, Xianjie Wen, Coniochaeta Malacotricha, Stenogrammitis Myosuroides"
"2019","article","Public Library of Science (PLoS)","PLOS ONE","A novel image encryption technique using hybrid method of discrete dynamical chaotic maps and Brownian motion","10.1371/journal.pone.0225031","50","0","2025-12-19 expression of concern","Tricholoma Atrodiscum"
"2013","article","Public Library of Science (PLoS)","PLOS ONE","Minocycline Suppresses Interleukine-6, Its Receptor System and Signaling Pathways and Impairs Migration, Invasion and Adhesion Capacity of Ovarian Cancer Cells: In Vitro and In Vivo Studies","10.1371/journal.pone.0060817","49","11","2024-02-02 expression of concern","Actinopolyspora Biskrensis"
"2019","article","Public Library of Science (PLoS)","PLOS ONE","Metagenomic analyses of the gut microbiota associated with colorectal adenoma","10.1371/journal.pone.0212406","49","3","2023-01-11 expression of concern","–"
"2016","article","Public Library of Science (PLoS)","PLOS ONE","Prognostic Value of Serum Lactate Dehydrogenase in Renal Cell Carcinoma: A Systematic Review and Meta-Analysis","10.1371/journal.pone.0166482","49","0","2023-04-21 expression of concern","–"
"2020","article","Public Library of Science (PLoS)","PLOS ONE","Development of plasma and whole blood taurine reference ranges and identification of dietary features associated with taurine deficiency and dilated cardiomyopathy in golden retrievers: A prospective, observational study","10.1371/journal.pone.0233206","48","52","2020-09-09 expression of concern","Hyptis Pachyarthra"
"2019","article","Public Library of Science (PLoS)","PLOS ONE","Specific clones of Trichomonas tenax are associated with periodontitis","10.1371/journal.pone.0213338","48","13","2022-12-13 expression of concern","Elisabeth M Bik, Hoya Camphorifolia, Mesembrina Resplendens, Oocystis Apiculata"
"2008","article","Public Library of Science (PLoS)","PLOS ONE","Induction of ErbB-3 Expression by α6β4 Integrin Contributes to Tamoxifen Resistance in ERβ1-Negative Breast Carcinomas","10.1371/journal.pone.0001592","48","12","2022-03-25 expression of concern","Peer 1, Synanthedon Fulvipes, Notadusta Martini"
"2013","article","Public Library of Science (PLoS)","PLOS ONE","NF-κB and CREB Are Required for Angiotensin II Type 1 Receptor Upregulation in Neurons","10.1371/journal.pone.0078695","48","5","2023-11-02 expression of concern","Elisabeth M Bik, Illex Illecebrosus, Irving H. Zucker"
"2024","article","Public Library of Science (PLoS)","PLOS ONE","Classification of white blood cells (leucocytes) from blood smear imagery using machine and deep learning models: A global scoping review","10.1371/journal.pone.0292026","48","0","2026-07-07 expression of concern","Hoya Camphorifolia"
"2015","article","Public Library of Science (PLoS)","PLOS ONE","The Complete Mitochondrial Genome of the Foodborne Parasitic Pathogen Cyclospora cayetanensis","10.1371/journal.pone.0128645","47","3","2023-02-21 expression of concern","–"
"2013","article","Public Library of Science (PLoS)","PLOS Neglected Tropical Diseases","Multiplex Real-Time PCR Diagnostic of Relapsing Fevers in Africa","10.1371/journal.pntd.0002042","46","17","2022-12-13 expression of concern","Elisabeth M Bik"
"2018","article","Public Library of Science (PLoS)","PLOS ONE","Metabarcoding analysis of eukaryotic microbiota in the gut of HIV-infected patients","10.1371/journal.pone.0191913","46","17","2022-12-13 expression of concern","Elisabeth M Bik, Mesembrina Resplendens, Orius Sauteri, Dryocopus Fulvus"
"2013","article","Public Library of Science (PLoS)","PLOS ONE","Iron-Ascorbate-Mediated Lipid Peroxidation Causes Epigenetic Changes in the Antioxidant Defense in Intestinal Epithelial Cells: Impact on Inflammation","10.1371/journal.pone.0063456","46","11","2022-04-14 expression of concern","Elisabeth M Bik, Guillaume Cabanac"
"2017","article","Public Library of Science (PLoS)","PLOS ONE","Comparison of 18F-FDG PET/CT and DWI for detection of mediastinal nodal metastasis in non-small cell lung cancer: A meta-analysis","10.1371/journal.pone.0173104","46","3","2024-02-14 expression of concern","–"
"2017","article","Public Library of Science (PLoS)","PLOS ONE","The low expression of miR-451 predicts a worse prognosis in non-small cell lung cancer cases","10.1371/journal.pone.0181270","46","2","2023-01-18 expression of concern","–"
"2014","article","Public Library of Science (PLoS)","PLOS ONE","Cooperativity of Oncogenic K-Ras and Downregulated p16/INK4A in Human Pancreatic Tumorigenesis","10.1371/journal.pone.0101452","46","0","2019-11-08 expression of concern","Aeschynomene Indica"
"2014","article","Public Library of Science (PLoS)","PLOS ONE","Clinicopathological Significance and Prognostic Value of Lactate Dehydrogenase A Expression in Gastric Cancer Patients","10.1371/journal.pone.0091068","46","0","2022-08-23 expression of concern","–"
"2018","article","Public Library of Science (PLoS)","PLOS ONE","Hippo signaling pathway is altered in Duchenne muscular dystrophy","10.1371/journal.pone.0205514","45","10","2024-06-27 expression of concern","Actinopolyspora Biskrensis, Johanneshowellia Crateriorum"
"2011","article","Public Library of Science (PLoS)","PLOS ONE","The p53 Tumor Suppressor Is Stabilized by Inhibitor of Growth 1 (ING1) by Blocking Polyubiquitination","10.1371/journal.pone.0021065","45","5","2026-04-07 expression of concern","Fomitiporia Bakeri, Henosepilachna Firma, Karl Riabowol"
"2014","article","Public Library of Science (PLoS)","PLOS ONE","Mucuna pruriens (Velvet bean) Rescues Motor, Olfactory, Mitochondrial and Synaptic Impairment in PINK1B9 Drosophila melanogaster Genetic Model of Parkinson’s Disease","10.1371/journal.pone.0110802","45","4","2020-04-01 expression of concern","Actinopolyspora Biskrensis, Lasiomerus Annulatus, Elmantis Trincomaliae"
"2016","article","Public Library of Science (PLoS)","PLOS Neglected Tropical Diseases","Deprivation of L-Arginine Induces Oxidative Stress Mediated Apoptosis in Leishmania donovani Promastigotes: Contribution of the Polyamine Pathway","10.1371/journal.pntd.0004373","44","14","2021-07-08 expression of concern","Peer 1, Peer 2, Syrphoctonus Signatus, Drosophila Ambochila"
"2013","article","Public Library of Science (PLoS)","PLOS Neglected Tropical Diseases","A Potential Role for the Interaction of Wolbachia Surface Proteins with the Brugia malayi Glycolytic Enzymes and Cytoskeleton in Maintenance of Endosymbiosis","10.1371/journal.pntd.0002151","44","2","2023-12-29 expression of concern","Elisabeth M Bik, Illex Illecebrosus"
"2017","article","Public Library of Science (PLoS)","PLOS ONE","Prognostic value of programmed cell death ligand 1 expression in patients with head and neck cancer: A systematic review and meta-analysis","10.1371/journal.pone.0179536","44","2","2022-11-28 expression of concern","–"
"2013","article","Public Library of Science (PLoS)","PLOS ONE","Distinguishing Body Lice from Head Lice by Multiplex Real-Time PCR Analysis of the Phum_PHUM540560 Gene","10.1371/journal.pone.0058088","43","15","2022-12-13 expression of concern","Elisabeth M Bik, Encoelia Furfuracea, Nabis Subcoleoptratus"
"2013","article","Public Library of Science (PLoS)","PLOS ONE","Development and Validation of a Microarray for the Investigation of the CAZymes Encoded by the Human Gut Microbiome","10.1371/journal.pone.0084033","43","9","2022-12-13 expression of concern","Elisabeth M Bik, Hoya Camphorifolia, Ipomoea Simulans"
"2021","article","Public Library of Science (PLoS)","PLOS ONE","Facemask wearing to prevent COVID-19 transmission and associated factors among taxi drivers in Dessie City and Kombolcha Town, Ethiopia","10.1371/journal.pone.0247954","43","7","2025-07-08 expression of concern","–"
"2012","article","Public Library of Science (PLoS)","PLOS ONE","HTLV-1 Tax Mediated Downregulation of miRNAs Associated with Chromatin Remodeling Factors in T Cells with Stably Integrated Viral Promoter","10.1371/journal.pone.0034490","43","3","2020-02-18 expression of concern","Peer 1, Unregistered Submission, Cephalotes Trichophorus"
"2013","article","Public Library of Science (PLoS)","PLOS ONE","HGF and c-Met Interaction Promotes Migration in Human Chondrosarcoma Cells","10.1371/journal.pone.0053974","43","1","2024-01-11 expression of concern","Elisabeth M Bik, Salsola Zygophylla, Anemone Sellowii, Chih-Hsin Tang"
"2014","article","Public Library of Science (PLoS)","PLOS ONE","Meta-Analysis Assessment of GP210 and SP100 for the Diagnosis of Primary Biliary Cirrhosis","10.1371/journal.pone.0101916","43","0","2026-05-05 expression of concern","–"
"2013","article","Public Library of Science (PLoS)","PLOS ONE","The Orai-1 and STIM-1 Complex Controls Human Dendritic Cell Maturation","10.1371/journal.pone.0061595","42","10","2020-04-02 expression of concern","Elisabeth M Bik, Elmantis Trincomaliae"
"2018","article","Public Library of Science (PLoS)","PLOS ONE","Split inactivated COBRA vaccine elicits protective antibodies against H1N1 and H3N2 influenza viruses","10.1371/journal.pone.0204284","42","4","2024-01-10 expression of concern","Elisabeth M Bik"
"2020","article","Public Library of Science (PLoS)","PLOS ONE","Pneumonia remains a leading public health problem among under-five children in peri-urban areas of north-eastern Ethiopia","10.1371/journal.pone.0235818","42","0","2025-10-10 expression of concern","–"
"2014","article","Public Library of Science (PLoS)","PLOS Biology","The RSF1 Histone-Remodelling Factor Facilitates DNA Double-Strand Break Repair by Recruiting Centromeric and Fanconi Anaemia Proteins","10.1371/journal.pbio.1001856","41","11","2024-05-07 expression of concern","Elisabeth M Bik"
"2019","article","Public Library of Science (PLoS)","PLOS ONE","Effect of three different forms of handling on the variation of aggression-associated parameters in individually and group-housed male C57BL/6NCrl mice","10.1371/journal.pone.0215367","41","4","2023-11-09 expression of concern","–"
"2013","article","Public Library of Science (PLoS)","PLOS ONE","MRI-Based Analysis of Intracerebral Hemorrhage in Mice Reveals Relationship between Hematoma Expansion and the Severity of Symptoms","10.1371/journal.pone.0067691","41","0","2023-01-11 expression of concern","–"
"2013","article","Public Library of Science (PLoS)","PLOS Genetics","RETRACTED > RNAi-Dependent and Independent Control of LINE1 Accumulation and Mobility in Mouse Embryonic Stem Cells","10.1371/journal.pgen.1003791","40","25","2015-06-29 expression of concern","Unregistered Submission, Peer 1, Peer 2, Peer 4"
"2011","article","Public Library of Science (PLoS)","PLOS ONE","RETRACTED > Antitumor Activity of Sorafenib in Human Cancer Cell Lines with Acquired Resistance to EGFR and VEGFR Tyrosine Kinase Inhibitors","10.1371/journal.pone.0028841","40","8","2019-04-11 expression of concern","Unregistered Submission, Indigofera Tanganyikensis, Hoya Camphorifolia, Crocus Pelistericus, Aspicarpa Salicifolia, Podandrogyne Mathewsii"
"2016","article","Public Library of Science (PLoS)","PLOS ONE","Production Conditions Affect the In Vitro Anti-Tumoral Effects of a High Concentration Multi-Strain Probiotic Preparation","10.1371/journal.pone.0163216","40","7","2019-02-07 expression of concern","Eukoenenia Bonadonai"
"2011","article","Public Library of Science (PLoS)","PLOS ONE","Regulation of Brown Fat Adipogenesis by Protein Tyrosine Phosphatase 1B","10.1371/journal.pone.0016446","40","0","2023-12-21 expression of concern","Actinopolyspora Biskrensis"
"2013","article","Public Library of Science (PLoS)","PLOS ONE","Serologic Prevalence of Amoeba-Associated Microorganisms in Intensive Care Unit Pneumonia Patients","10.1371/journal.pone.0058111","40","0","2022-12-13 expression of concern","Elisabeth M Bik"
"2014","article","Public Library of Science (PLoS)","PLOS ONE","Distinct Interactions with Cellular E-Cadherin of the Two Virulent Metalloproteinases Encoded by a Bacteroides fragilis Pathogenicity Island","10.1371/journal.pone.0113896","40","0","2022-06-06 expression of concern","Elisabeth M Bik, Hoya Camphorifolia"
"2018","article","Public Library of Science (PLoS)","PLOS Neglected Tropical Diseases","Body lice of homeless people reveal the presence of several emerging bacterial pathogens in northern Algeria","10.1371/journal.pntd.0006397","39","7","2022-12-13 expression of concern","Elisabeth M Bik, Philippe Parola"
"2013","article","Public Library of Science (PLoS)","PLOS ONE","Secretory Phosphatases Deficient Mutant of Mycobacterium tuberculosis Imparts Protection at the Primary Site of Infection in Guinea Pigs","10.1371/journal.pone.0077930","39","3","2022-11-10 expression of concern","Hernandia Lychnifera, Ramandeep Singh"
"2013","article","Public Library of Science (PLoS)","PLOS ONE","Microenvironment Promotes Tumor Cell Reprogramming in Human Breast Cancer Cell Lines","10.1371/journal.pone.0083770","39","1","2019-05-31 expression of concern","Unregistered Submission, Clerodendrum Cephalanthum, Molineria Villosa, Vellozia Abietina"
"2024","article","Public Library of Science (PLoS)","PLOS ONE","Hybrid feature selection and classification technique for early prediction and severity of diabetes type 2","10.1371/journal.pone.0292100","39","0","2025-05-08 expression of concern","Guillaume Cabanac"
"2008","article","Public Library of Science (PLoS)","PLOS Neglected Tropical Diseases","A Single-Step Sequencing Method for the Identification of Mycobacterium tuberculosis Complex Species","10.1371/journal.pntd.0000253","38","23","2022-12-13 expression of concern","Elisabeth M Bik, Pterocarpus Officinalis"
"2021","article","Public Library of Science (PLoS)","PLOS ONE","Construction of a high-density genetic map and QTL analysis for yield, yield components and agronomic traits in chickpea (Cicer arietinum L.)","10.1371/journal.pone.0251669","38","5","2026-06-01 expression of concern","Desmococcus Antarctica"
"2013","article","Public Library of Science (PLoS)","PLOS ONE","Enhancement of Differentiation and Mineralisation of Osteoblast-like Cells by Degenerate Electrical Waveform in an In Vitro Electrical Stimulation Model Compared to Capacitive Coupling","10.1371/journal.pone.0072978","38","3","2026-01-20 expression of concern","Epistaurus Meridionalis"
"2012","article","Public Library of Science (PLoS)","PLOS ONE","Akt Mediates Metastasis-Associated Gene 1 (MTA1) Regulating the Expression of E-cadherin and Promoting the Invasiveness of Prostate Cancer Cells","10.1371/journal.pone.0046888","38","2","2022-04-07 expression of concern","Elisabeth M Bik, Hoya Camphorifolia, Lotus Azoricus, Hongyan Wang"
"2014","article","Public Library of Science (PLoS)","PLOS ONE","How the Venom from the Ectoparasitoid Wasp Nasonia vitripennis Exhibits Anti-Inflammatory Properties on Mammalian Cell Lines","10.1371/journal.pone.0096825","38","1","2025-05-20 expression of concern","Elisabeth M Bik, Halarachnion Parvum"
"2013","article","Public Library of Science (PLoS)","PLOS ONE","A Rational Diagnostic Algorithm for the Identification of ALK Rearrangement in Lung Cancer: A Comprehensive Study of Surgically Treated Japanese Patients","10.1371/journal.pone.0069794","38","1","2023-01-11 expression of concern","–"
"2023","article","Public Library of Science (PLoS)","PLOS ONE","Utilization of complementary and alternative medicine (CAM) by women with breast cancer or gynecological cancer","10.1371/journal.pone.0285718","38","1","2025-12-18 expression of concern","–"
"2012","article","Public Library of Science (PLoS)","PLOS ONE","Anti-Tumor Effects of the Peptide TMTP1-GG-D(KLAKLAK)2 on Highly Metastatic Cancers","10.1371/journal.pone.0042685","37","12","2020-04-14 expression of concern","Actinopolyspora Biskrensis, Lotus Azoricus, Marsilea Crenata"
"2020","article","Public Library of Science (PLoS)","PLOS ONE","Impact of smoking cessation, coffee and bread consumption on the intestinal microbial composition among Saudis: A cross-sectional study","10.1371/journal.pone.0230895","37","3","2022-12-13 expression of concern","Elisabeth M Bik, Actinopolyspora Biskrensis, Bombax Anceps, Scleria Hilsenbergii, Steve Harakeh, Perenniporia Nanlingensis, Suhad Bahijri, Gerris Pingreensis"
"2017","article","Public Library of Science (PLoS)","PLOS Neglected Tropical Diseases","Use of eschar swabbing for the molecular diagnosis and genotyping of Orientia tsutsugamushi causing scrub typhus in Quang Nam province, Vietnam","10.1371/journal.pntd.0005397","37","2","2022-12-13 expression of concern","Elisabeth M Bik, Philippe Parola, Pterocarpus Officinalis"
"2021","article","Public Library of Science (PLoS)","PLOS ONE","Direct anterior approach (DAA) vs. conventional approaches in total hip arthroplasty: A RCT meta-analysis with an overview of related meta-analyses","10.1371/journal.pone.0255888","37","1","2023-03-20 expression of concern","–"
"2014","article","Public Library of Science (PLoS)","PLOS ONE","Impact of the Superoxide Dismutase 2 Val16Ala Polymorphism on the Relationship between Valproic Acid Exposure and Elevation of γ-Glutamyltransferase in Patients with Epilepsy: A Population Pharmacokinetic-Pharmacodynamic Analysis","10.1371/journal.pone.0111066","37","0","2023-01-11 expression of concern","–"
"2016","article","Public Library of Science (PLoS)","PLOS ONE","A Health Threat to Bystanders Living in the Homes of Smokers: How Smoke Toxins Deposited on Surfaces Can Cause Insulin Resistance","10.1371/journal.pone.0149510","36","205","2023-08-03 expression of concern","–"
"2013","article","Public Library of Science (PLoS)","PLOS ONE","Molecular Evidence for the Presence of Rickettsia Felis in the Feces of Wild-living African Apes","10.1371/journal.pone.0054679","36","37","2022-12-13 expression of concern","Elisabeth M Bik, Hoya Camphorifolia"
"2014","article","Public Library of Science (PLoS)","PLOS ONE","Bacillus pumilus Reveals a Remarkably High Resistance to Hydrogen Peroxide Provoked Oxidative Stress","10.1371/journal.pone.0085625","36","13","2014-07-10 expression of concern","Unregistered Submission"
"2013","article","Public Library of Science (PLoS)","PLOS ONE","Adenosine A2A Receptor: A Target for Regulating Renal Interstitial Fibrosis in Obstructive Nephropathy","10.1371/journal.pone.0060173","36","3","2024-11-14 expression of concern","Elisabeth M Bik, Illex Illecebrosus"
"2013","article","Public Library of Science (PLoS)","PLOS ONE","Concomitant Targeting of Multiple Key Transcription Factors Effectively Disrupts Cancer Stem Cells Enriched in Side Population of Human Pancreatic Cancer Cells","10.1371/journal.pone.0073942","36","2","2017-03-14 expression of concern","Peer 1"
"2015","article","Public Library of Science (PLoS)","PLOS ONE","Determination of the Optimal Concentration of Valproic Acid in Patients with Epilepsy: A Population Pharmacokinetic-Pharmacodynamic Analysis","10.1371/journal.pone.0141266","36","1","2023-01-11 expression of concern","–"
"2013","article","Public Library of Science (PLoS)","PLOS ONE","Unique Association between Global DNA Hypomethylation and Chromosomal Alterations in Human Hepatocellular Carcinoma","10.1371/journal.pone.0072312","36","1","2023-01-11 expression of concern","–"
"2021","article","Public Library of Science (PLoS)","PLOS ONE","Prevalence and associated factors of needle stick and sharps injuries among healthcare workers in northwestern Ethiopia","10.1371/journal.pone.0252039","36","0","2025-07-24 expression of concern","–"
"2017","article","Public Library of Science (PLoS)","PLOS ONE","Malaria in Dielmo, a Senegal village: Is its elimination possible after seven years of implementation of long-lasting insecticide-treated nets?","10.1371/journal.pone.0179528","35","14","2022-12-13 expression of concern","Elisabeth M Bik, Encoelia Furfuracea"
"2012","article","Public Library of Science (PLoS)","PLOS Neglected Tropical Diseases","Multispacer Sequence Typing Relapsing Fever Borreliae in Africa","10.1371/journal.pntd.0001652","35","13","2022-12-13 expression of concern","Elisabeth M Bik"
"2019","article","Public Library of Science (PLoS)","PLOS ONE","RETRACTED > Clinicopathologic and prognostic significance of tumor-associated macrophages in patients with hepatocellular carcinoma: A meta-analysis","10.1371/journal.pone.0223971","35","3","2023-02-17 expression of concern","Gerris Caucasicus"
"2016","article","Public Library of Science (PLoS)","PLOS ONE","Enterococcus durans TN-3 Induces Regulatory T Cells and Suppresses the Development of Dextran Sulfate Sodium (DSS)-Induced Experimental Colitis","10.1371/journal.pone.0159705","34","5","2023-01-11 expression of concern","–"
"2012","article","Public Library of Science (PLoS)","PLOS ONE","Zinc Transporter 8 (ZnT8) Expression Is Reduced by Ischemic Insults: A Potential Therapeutic Target to Prevent Ischemic Retinopathy","10.1371/journal.pone.0050360","34","5","2019-12-27 expression of concern","–"
"2018","article","Public Library of Science (PLoS)","PLOS ONE","Prognostic value of baseline, interim and end-of-treatment 18F-FDG PET/CT parameters in extranodal natural killer/T-cell lymphoma: A meta-analysis","10.1371/journal.pone.0194435","34","2","2023-10-11 expression of concern","–"
"2013","article","Public Library of Science (PLoS)","PLOS ONE","Reduced CTGF Expression Promotes Cell Growth, Migration, and Invasion in Nasopharyngeal Carcinoma","10.1371/journal.pone.0064976","34","1","2020-04-02 expression of concern","Peer 1, Elmantis Trincomaliae"
"2016","article","Public Library of Science (PLoS)","PLOS ONE","Prognostic Impact of Epidermal Growth Factor Receptor Overexpression in Patients with Cervical Cancer: A Meta-Analysis","10.1371/journal.pone.0158787","34","1","2023-05-04 expression of concern","–"
"2017","article","Public Library of Science (PLoS)","PLOS ONE","2-aminoethoxydiphenyl borate provides an anti-oxidative effect and mediates cardioprotection during ischemia reperfusion in mice","10.1371/journal.pone.0189948","34","0","2023-01-11 expression of concern","–"
"2020","article","Public Library of Science (PLoS)","PLOS ONE","New insights into the existing image encryption algorithms based on DNA coding","10.1371/journal.pone.0241184","33","5","2026-07-07 expression of concern","Hoya Camphorifolia"
"2016","article","Public Library of Science (PLoS)","PLOS ONE","The Intelligent Control System and Experiments for an Unmanned Wave Glider","10.1371/journal.pone.0168792","33","3","2022-04-28 expression of concern","–"
"2013","article","Public Library of Science (PLoS)","PLOS ONE","Association between Genetic Polymorphisms in Cav2.3 (R-type) Ca2+ Channels and Fentanyl Sensitivity in Patients Undergoing Painful Cosmetic Surgery","10.1371/journal.pone.0070694","33","3","2023-01-11 expression of concern","–"
"2019","article","Public Library of Science (PLoS)","PLOS ONE","Vitamin E TPGS based transferosomes augmented TAT as a promising delivery system for improved transdermal delivery of raloxifene","10.1371/journal.pone.0226639","33","1","2023-08-30 expression of concern","Aotearoa Magna, Gerris Pingreensis"
"2016","article","Public Library of Science (PLoS)","PLOS ONE","Pulchrin A, a New Natural Coumarin Derivative of Enicosanthellum pulchrum, Induces Apoptosis in Ovarian Cancer Cells via Intrinsic Pathway","10.1371/journal.pone.0154023","33","1","2026-02-12 expression of concern","–"
"2013","article","Public Library of Science (PLoS)","PLOS ONE","Crucial Role of Calcium-Sensing Receptor Activation in Cardiac Injury of Diabetic Rats","10.1371/journal.pone.0065147","33","0","2023-05-18 expression of concern","Elisabeth M Bik"
"2012","article","Public Library of Science (PLoS)","PLOS ONE","Apoptosis Induced by Knockdown of uPAR and MMP-9 is Mediated by Inactivation of EGFR/STAT3 Signaling in Medulloblastoma","10.1371/journal.pone.0044798","33","0","2025-07-15 expression of concern","Hoya Camphorifolia"
"2021","article","Public Library of Science (PLoS)","PLOS ONE","Magnitude and associated factors of disrespect and abusive care among laboring mothers at public health facilities in Borena District, South Wollo, Ethiopia","10.1371/journal.pone.0256951","33","0","2025-07-30 expression of concern","–"
"2021","article","Public Library of Science (PLoS)","PLOS ONE","The effect of geriatric comanagement (GC) in geriatric trauma patients treated in a level 1 trauma setting: A comparison of data before and after the implementation of a certified geriatric trauma center","10.1371/journal.pone.0244554","33","0","2026-04-29 expression of concern","–"
"2014","article","Public Library of Science (PLoS)","PLOS ONE","Impaired Expression of Type I and Type II Interferon Receptors in HCV-Associated Chronic Liver Disease and Liver Cirrhosis","10.1371/journal.pone.0108616","33","0","2025-03-19 expression of concern","–"
"2016","article","Public Library of Science (PLoS)","PLOS Pathogens","KSHV-Mediated Regulation of Par3 and SNAIL Contributes to B-Cell Proliferation","10.1371/journal.ppat.1005801","32","15","2022-04-11 expression of concern","Elisabeth M Bik, Sepia Furcata"
"2014","article","Public Library of Science (PLoS)","PLOS ONE","Dynamic Localization of Glucokinase and Its Regulatory Protein in Hypothalamic Tanycytes","10.1371/journal.pone.0094035","32","5","2025-01-30 expression of concern","Elisabeth M Bik, Peer 1, Illex Illecebrosus"
"2021","article","Public Library of Science (PLoS)","PLOS ONE","Water, sanitation, and hygiene conditions and prevalence of intestinal parasitosis among primary school children in Dessie City, Ethiopia","10.1371/journal.pone.0245463","32","0","2025-08-04 expression of concern","–"
"2011","article","Public Library of Science (PLoS)","PLOS ONE","The Interplay between NF-kappaB and E2F1 Coordinately Regulates Inflammation and Metabolism in Human Cardiac Cells","10.1371/journal.pone.0019724","31","7","2019-04-30 expression of concern","Dunaliella Pseudosalina, Eucalyptus Delicata, Pheidole Inquilina"
"2020","article","Public Library of Science (PLoS)","PLOS ONE","Evaluation of CA125 in relation to pain symptoms among adolescents and young adult women with and without surgically-confirmed endometriosis","10.1371/journal.pone.0238043","31","4","2025-12-18 expression of concern","Gerris Caucasicus"
"2021","article","Public Library of Science (PLoS)","PLOS ONE","Phyto-ecological studies and distribution pattern of plant species and communities of Dhirkot, Azad Jammu and Kashmir, Pakistan","10.1371/journal.pone.0257493","31","2","2026-06-15 expression of concern","–"
"2015","article","Public Library of Science (PLoS)","PLOS ONE","Endogenously Generated Plasmin at the Vascular Wall Injury Site Amplifies Lysine Binding Site-Dependent Plasminogen Accumulation in Microthrombi","10.1371/journal.pone.0122196","31","1","2023-01-11 expression of concern","–"
"2013","article","Public Library of Science (PLoS)","PLOS Neglected Tropical Diseases","Molecular Characterization of Severin fromClonorchis sinensis Excretory/Secretory Products and Its Potential Anti-apoptotic Role in Hepatocarcinoma PLC Cells","10.1371/journal.pntd.0002606","31","0","2024-03-19 expression of concern","Elisabeth M Bik"
"2016","article","Public Library of Science (PLoS)","PLOS ONE","HER3, but Not HER4, Plays an Essential Role in the Clinicopathology and Prognosis of Gastric Cancer: A Meta-Analysis","10.1371/journal.pone.0161219","31","0","2023-05-24 expression of concern","–"
"2009","article","Public Library of Science (PLoS)","PLOS ONE","p63 Promotes Cell Survival through Fatty Acid Synthase","10.1371/journal.pone.0005877","30","15","2019-07-11 expression of concern","Unregistered Submission, Peer 1, Chaetocalathus Fragilis, Pseudomassariella Vexata, Warneckea Amaniensis"
"2012","article","Public Library of Science (PLoS)","PLOS ONE","Immuno-PCR - A New Tool for Paleomicrobiology: The Plague Paradigm","10.1371/journal.pone.0031744","30","13","2022-12-13 expression of concern","Elisabeth M Bik, Gerris Pingreensis"
"2017","article","Public Library of Science (PLoS)","PLOS Neglected Tropical Diseases","Detection of relapsing fever Borrelia spp., Bartonella spp. and Anaplasmataceae bacteria in argasid ticks in Algeria","10.1371/journal.pntd.0006064","30","5","2022-12-13 expression of concern","Elisabeth M Bik"
"2011","article","Public Library of Science (PLoS)","PLOS ONE","Regulation of Glioblastoma Progression by Cord Blood Stem Cells Is Mediated by Downregulation of Cyclin D1","10.1371/journal.pone.0018017","30","0","2025-12-02 expression of concern","Hoya Camphorifolia"
"2024","article","Public Library of Science (PLoS)","PLOS ONE","Compressive strength prediction and low-carbon optimization of fly ash geopolymer concrete based on big data and ensemble learning","10.1371/journal.pone.0310422","30","0","2026-04-08 expression of concern","–"
"2021","article","Public Library of Science (PLoS)","PLOS ONE","Exploring the determinants of exclusive breastfeeding among infants under-six months in Ethiopia using multilevel analysis","10.1371/journal.pone.0245034","30","0","2025-07-15 expression of concern","–"
"2015","article","Public Library of Science (PLoS)","PLOS ONE","Interleukin (IL)-1β Is a Strong Inducer of IL-36γ Expression in Human Colonic Myofibroblasts","10.1371/journal.pone.0138423","30","0","2023-01-11 expression of concern","–"
"2012","article","Public Library of Science (PLoS)","PLOS ONE","Evidence for an African Cluster of Human Head and Body Lice with Variable Colors and Interbreeding of Lice between Continents","10.1371/journal.pone.0037804","29","29","2022-12-13 expression of concern","Elisabeth M Bik, Hoya Camphorifolia"
"2013","article","Public Library of Science (PLoS)","PLOS ONE","Schizophrenia as a Network Disease: Disruption of Emergent Brain Function in Patients with Auditory Hallucinations","10.1371/journal.pone.0050625","29","15","2026-03-18 expression of concern","Gerris Caucasicus"
"2012","article","Public Library of Science (PLoS)","PLOS ONE","Evidence That Head and Body Lice on Homeless Persons Have the Same Genotype","10.1371/journal.pone.0045903","29","14","2022-12-13 expression of concern","Elisabeth M Bik, Hoya Camphorifolia"
"2020","article","Public Library of Science (PLoS)","PLOS ONE","Medical findings and symptoms in infants exposed to witnessed or admitted abusive shaking: A nationwide registry study","10.1371/journal.pone.0240182","29","13","2024-06-27 expression of concern","–"
"2015","article","Public Library of Science (PLoS)","PLOS ONE","Host-Associated Metagenomics: A Guide to Generating Infectious RNA Viromes","10.1371/journal.pone.0139810","29","8","2022-12-13 expression of concern","Elisabeth M Bik, Lobesia Artemisiana"
"2025","article","Public Library of Science (PLoS)","PLOS ONE","Comprehensive framework for thyroid disorder diagnosis: Integrating advanced feature selection, genetic algorithms, and machine learning for enhanced accuracy and other performance matrices","10.1371/journal.pone.0325900","29","1","2026-02-23 expression of concern","Hoya Camphorifolia"
"2021","article","Public Library of Science (PLoS)","PLOS ONE","Knowledge, attitude, and preventive practices towards COVID-19 and associated factors among adult hospital visitors in South Gondar Zone Hospitals, Northwest Ethiopia","10.1371/journal.pone.0250145","29","1","2025-07-29 expression of concern","–"
"2013","article","Public Library of Science (PLoS)","PLOS ONE","Musashi-1 Post-Transcriptionally Enhances Phosphotyrosine-Binding Domain-Containing m-Numb Protein Expression in Regenerating Gastric Mucosa","10.1371/journal.pone.0053540","29","1","2023-01-11 expression of concern","–"
"2016","article","Public Library of Science (PLoS)","PLOS ONE","Essential Contribution of CD4+ T Cells to Antigen-Induced Nasal Hyperresponsiveness in Experimental Allergic Rhinitis","10.1371/journal.pone.0146686","29","0","2023-01-11 expression of concern","–"
"2017","article","Public Library of Science (PLoS)","PLOS ONE","Prognostic value of circulating plasma cells in patients with multiple myeloma: A meta-analysis","10.1371/journal.pone.0181447","28","8","2023-02-21 expression of concern","–"
"2014","article","Public Library of Science (PLoS)","PLOS ONE","Autophagosome-Mediated EGFR Down-Regulation Induced by the CK2 Inhibitor Enhances the Efficacy of EGFR-TKI on EGFR-Mutant Lung Cancer Cells with Resistance by T790M","10.1371/journal.pone.0114000","28","7","2019-03-14 expression of concern","Tabebuia Rosea, Dasya Kristeniae"
"2014","article","Public Library of Science (PLoS)","PLOS ONE","CD117 Expression in Fibroblasts-Like Stromal Cells Indicates Unfavorable Clinical Outcomes in Ovarian Carcinoma Patients","10.1371/journal.pone.0112209","28","2","2025-12-18 expression of concern","Haemanthus Pumilio, Okanagana Lurida"
"2015","article","Public Library of Science (PLoS)","PLOS ONE","Hcn1 Is a Tremorgenic Genetic Component in a Rat Model of Essential Tremor","10.1371/journal.pone.0123529","28","2","2023-01-11 expression of concern","–"
"2014","article","Public Library of Science (PLoS)","PLOS ONE","The In Vitro and In Vivo Antitumor Effects of Clotrimazole on Oral Squamous Cell Carcinoma","10.1371/journal.pone.0098885","28","1","2020-04-14 expression of concern","Elisabeth M Bik, Peer 1"
"2021","article","Public Library of Science (PLoS)","PLOS Neglected Tropical Diseases","Tick-borne relapsing fever Borreliosis, a major public health problem overlooked in Senegal","10.1371/journal.pntd.0009184","28","1","2022-12-13 expression of concern","Elisabeth M Bik, Philippe Parola"
"2013","article","Public Library of Science (PLoS)","PLOS ONE","Sustained Oxidative Stress Causes Late Acute Renal Failure via Duplex Regulation on p38 MAPK and Akt Phosphorylation in Severely Burned Rats","10.1371/journal.pone.0054593","28","0","2024-02-01 expression of concern","Elisabeth M Bik"
"2012","article","Public Library of Science (PLoS)","PLOS ONE","Accumulating Microglia Phagocytose Injured Neurons in Hippocampal Slice Cultures: Involvement of p38 MAP Kinase","10.1371/journal.pone.0040813","28","0","2023-01-11 expression of concern","–"
"2020","article","Public Library of Science (PLoS)","PLOS ONE","Susceptibility mapping and zoning of highway landslide disasters in China","10.1371/journal.pone.0235780","27","3","2026-05-11 expression of concern","–"
"2019","article","Public Library of Science (PLoS)","PLOS ONE","STAT6 knockdown using multiple siRNA sequences inhibits proliferation and induces apoptosis of human colorectal and breast cancer cell lines","10.1371/journal.pone.0207558","27","2","2021-01-28 expression of concern","Leonid Schneider, Hoya Camphorifolia, Actinopolyspora Biskrensis, Selenops Annulatus, Lee Chapman, Aleurodiscus Aurantius, Neil Evans, Hydrangea Preslii, Parabagrotis Sulinaris, Nosocomiicoccus Massiliensis, Xylochloris Irregularis"
"2013","article","Public Library of Science (PLoS)","PLOS ONE","Reduction in ATP Levels Triggers Immunoproteasome Activation by the 11S (PA28) Regulator during Early Antiviral Response Mediated by IFNβ in Mouse Pancreatic β-Cells","10.1371/journal.pone.0052408","27","2","2020-02-18 expression of concern","Peer 1, Peer 2, Cephalotes Trichophorus"
"2014","article","Public Library of Science (PLoS)","PLOS ONE","Imbalance of Circulating Monocyte Subsets and PD-1 Dysregulation in Q Fever Endocarditis: The Role of IL-10 in PD-1 Modulation","10.1371/journal.pone.0107533","27","1","2022-12-13 expression of concern","Elisabeth M Bik, Hoya Camphorifolia"
"2016","article","Public Library of Science (PLoS)","PLOS ONE","Alcohol Dehydrogenase Protects against Endoplasmic Reticulum Stress-Induced Myocardial Contractile Dysfunction via Attenuation of Oxidative Stress and Autophagy: Role of PTEN-Akt-mTOR Signaling","10.1371/journal.pone.0147322","27","1","2026-07-15 expression of concern","Hoya Camphorifolia, Guillaume Cabanac"
"2023","article","Public Library of Science (PLoS)","PLOS ONE","The impact of digital economy on high-quality economic development: Research based on the consumption expansion","10.1371/journal.pone.0292925","27","1","2025-09-02 expression of concern","Hoya Camphorifolia, M Ángeles Oviedo-García"
"2014","article","Public Library of Science (PLoS)","PLOS ONE","Adipose-Derived Stromal Cell Therapy Affects Lung Inflammation and Tracheal Responsiveness in Guinea Pig Model of COPD","10.1371/journal.pone.0108974","27","0","2025-07-16 expression of concern","Actinopolyspora Biskrensis, Ellisembia Leonensis, Ahmad Ghorbani"
"2025","article","Public Library of Science (PLoS)","PLOS ONE","Dual-hybrid intrusion detection system to detect False Data Injection in smart grids","10.1371/journal.pone.0316536","27","0","2026-03-05 expression of concern","–"
"2021","article","Public Library of Science (PLoS)","PLOS ONE","Identification of stable heat tolerance QTLs using inter-specific recombinant inbred line population derived from GPF 2 and ILWC 292","10.1371/journal.pone.0254957","26","5","2026-06-01 expression of concern","–"
"2013","article","Public Library of Science (PLoS)","PLOS ONE","Recombinant M2e Protein-Based ELISA: A Novel and Inexpensive Approach for Differentiating Avian Influenza Infected Chickens from Vaccinated Ones","10.1371/journal.pone.0056801","26","0","2021-04-15 expression of concern","Elisabeth M Bik"
"2015","article","Public Library of Science (PLoS)","PLOS ONE","Genetic Polymorphisms of Dihydropyrimidinase in a Japanese Patient with Capecitabine-Induced Toxicity","10.1371/journal.pone.0124818","26","0","2023-01-11 expression of concern","–"
"2018","article","Public Library of Science (PLoS)","PLOS ONE","Magnitude and risk factors for hypertension among public servants in Tigray, Ethiopia: A cross-sectional study","10.1371/journal.pone.0204879","26","0","2023-01-05 expression of concern","–"
"2014","article","Public Library of Science (PLoS)","PLOS ONE","Glucose Deprivation Induces G2/M Transition-Arrest and Cell Death in N-GlcNAc2-Modified Protein-Producing Renal Carcinoma Cells","10.1371/journal.pone.0096168","26","0","2023-01-11 expression of concern","–"
"2023","article","Public Library of Science (PLoS)","PLOS ONE","Servant leadership and employee prosocial rule-breaking: The underlying effects of psychological safety and compassion at work","10.1371/journal.pone.0282832","26","0","2025-07-30 expression of concern","–"
"2015","article","Public Library of Science (PLoS)","PLOS ONE","Chaperone-Mediated Autophagy Targets IFNAR1 for Lysosomal Degradation in Free Fatty Acid Treated HCV Cell Culture","10.1371/journal.pone.0125962","25","8","2025-02-07 expression of concern","Hoya Camphorifolia"
"2013","article","Public Library of Science (PLoS)","PLOS ONE","Novel Split-Luciferase-Based Genetically Encoded Biosensors for Noninvasive Visualization of Rho GTPases","10.1371/journal.pone.0062230","25","7","2023-06-23 expression of concern","Elisabeth M Bik"
"2013","article","Public Library of Science (PLoS)","PLOS ONE","Binding of Thrombin-Activated Platelets to a Fibrin Scaffold through αIIbβ3 Evokes Phosphatidylserine Exposure on Their Cell Surface","10.1371/journal.pone.0055466","25","4","2023-01-11 expression of concern","–"
"2017","article","Public Library of Science (PLoS)","PLOS ONE","MiRNAs Predict the Prognosis of Patients with Triple Negative Breast Cancer: A Meta-Analysis","10.1371/journal.pone.0170088","25","2","2023-05-25 expression of concern","Gerris Caucasicus"
"2015","article","Public Library of Science (PLoS)","PLOS ONE","ING5 Is Phosphorylated by CDK2 and Controls Cell Proliferation Independently of p53","10.1371/journal.pone.0123736","25","1","2026-06-09 expression of concern","Lemna Ecuadoriensis"
"2017","article","Public Library of Science (PLoS)","PLOS ONE","The prognostic and clinicopathologic characteristics of CD147 and esophagus cancer: A meta-analysis","10.1371/journal.pone.0180271","25","1","2023-02-22 expression of concern","–"
"2015","article","Public Library of Science (PLoS)","PLOS ONE","IL-22/STAT3-Induced Increases in SLURP1 Expression within Psoriatic Lesions Exerts Antimicrobial Effects against Staphylococcus aureus","10.1371/journal.pone.0140750","25","1","2023-01-11 expression of concern","–"
"2016","article","Public Library of Science (PLoS)","PLOS ONE","Inhibition in the Human Auditory Cortex","10.1371/journal.pone.0155972","25","1","2023-01-11 expression of concern","–"
"2014","article","Public Library of Science (PLoS)","PLOS ONE","The HBx Oncoprotein of Hepatitis B Virus Deregulates the Cell Cycle by Promoting the Intracellular Accumulation and Re-Compartmentalization of the Cellular Deubiquitinase USP37","10.1371/journal.pone.0111256","25","0","2023-10-12 expression of concern","Actinopolyspora Biskrensis, Illex Illecebrosus"
"2013","article","Public Library of Science (PLoS)","PLOS ONE","HSV-2 Regulates Monocyte Inflammatory Response via the Fas/FasL Pathway","10.1371/journal.pone.0070308","25","0","2026-03-11 expression of concern","Aneurus Inconstans"
"2010","article","Public Library of Science (PLoS)","PLOS ONE","Stress-Induced Sphingolipid Signaling: Role of Type-2 Neutral Sphingomyelinase in Murine Cell Apoptosis and Proliferation","10.1371/journal.pone.0009826","25","0","2018-12-10 expression of concern","Leontopodium Andersonii"
"2021","article","Public Library of Science (PLoS)","PLOS ONE","Uterine leiomyoma is associated with the risk of developing endometriosis: A nationwide cohort study involving 156,195 women","10.1371/journal.pone.0256772","25","0","2025-12-18 expression of concern","–"
"2016","article","Public Library of Science (PLoS)","PLOS ONE","Compensatory Increase of Transglutaminase 2 Is Responsible for Resistance to mTOR Inhibitor Treatment","10.1371/journal.pone.0149388","24","7","2020-01-15 expression of concern","Cirratulus Cirratus"
"2013","article","Public Library of Science (PLoS)","PLOS ONE","Proprotein Convertase 1/3 (PC1/3) in the Rat Alveolar Macrophage Cell Line NR8383: Localization, Trafficking and Effects on Cytokine Secretion","10.1371/journal.pone.0061557","24","6","2024-10-02 expression of concern","Elisabeth M Bik, Actinopolyspora Biskrensis, Hugo Gagnon, Illex Illecebrosus"
"2023","article","Public Library of Science (PLoS)","PLOS Pathogens","Effects of Capsular Polysaccharide amount on Pneumococcal-Host interactions","10.1371/journal.ppat.1011509","24","5","2026-02-17 expression of concern","–"
"2018","article","Public Library of Science (PLoS)","PLOS Genetics","Complexin in ivermectin resistance in body lice","10.1371/journal.pgen.1007569","24","4","2022-12-13 expression of concern","Elisabeth M Bik, Pinanga Disticha, Osbornellus Alatus"
"2013","article","Public Library of Science (PLoS)","PLOS ONE","RNAi Mediated Tiam1 Gene Knockdown Inhibits Invasion of Retinoblastoma","10.1371/journal.pone.0070422","24","1","2021-05-26 expression of concern","Elisabeth M Bik, Doratifera Oxleyi, Subramanian Krishnakumar, Huttonina Glabra"
"2015","article","Public Library of Science (PLoS)","PLOS ONE","Prediction Formulas for Individual Opioid Analgesic Requirements Based on Genetic Polymorphism Analyses","10.1371/journal.pone.0116885","24","1","2023-01-11 expression of concern","–"
"2012","article","Public Library of Science (PLoS)","PLOS ONE","MAML1 Acts Cooperatively with EGR1 to Activate EGR1-Regulated Promoters: Implications for Nephrogenesis and the Development of Renal Cancer","10.1371/journal.pone.0046001","24","0","2026-03-16 expression of concern","Blechnum Subcordatum, Chilina Iguazuensis"
"2017","article","Public Library of Science (PLoS)","PLOS Pathogens","Nuclear Localization and Cleavage of STAT6 Is Induced by Kaposi’s Sarcoma-Associated Herpesvirus for Viral Latency","10.1371/journal.ppat.1006124","23","9","2021-12-15 expression of concern","Elisabeth M Bik"
"2014","article","Public Library of Science (PLoS)","PLOS ONE","Zinc Regulates Meiotic Resumption in Porcine Oocytes via a Protein Kinase C-Related Pathway","10.1371/journal.pone.0102097","23","3","2019-08-13 expression of concern","Elisabeth M Bik, Xanthorrhoea Gracilis"
"2018","article","Public Library of Science (PLoS)","PLOS ONE","T-type calcium channel enhancer SAK3 promotes dopamine and serotonin releases in the hippocampus in naive and amyloid precursor protein knock-in mice","10.1371/journal.pone.0206986","23","2","2023-01-11 expression of concern","–"
"2014","article","Public Library of Science (PLoS)","PLOS ONE","Sialidase NEU3 Dynamically Associates to Different Membrane Domains Specifically Modifying Their Ganglioside Pattern and Triggering Akt Phosphorylation","10.1371/journal.pone.0099405","23","1","2025-01-15 expression of concern","Elisabeth M Bik, Peer 1, Peer 2, Unregistered Submission, Eleocharis Nudipes"
"2021","article","Public Library of Science (PLoS)","PLOS ONE","Menstrual hygiene practice among female adolescents and its association with knowledge in Ethiopia: A systematic review and meta-analysis","10.1371/journal.pone.0254092","23","0","2025-08-04 expression of concern","–"
"2017","article","Public Library of Science (PLoS)","PLOS ONE","The link between bond forfeiture and pretrial release mechanism: The case of Dallas County, Texas","10.1371/journal.pone.0182772","22","19","2020-07-13 expression of concern","Canthium Medium"
"2018","article","Public Library of Science (PLoS)","PLOS ONE","Local vs. systemic administration of bisphosphonates in rat cleft bone graft: A comparative study","10.1371/journal.pone.0190901","22","14","2026-03-13 expression of concern","Leonid Schneider"
"2017","article","Public Library of Science (PLoS)","PLOS ONE","Overexpression of transmembrane protein 168 in the mouse nucleus accumbens induces anxiety and sensorimotor gating deficit","10.1371/journal.pone.0189006","22","10","2023-01-11 expression of concern","–"
"2013","article","Public Library of Science (PLoS)","PLOS ONE","Adult Bone Marrow Neural Crest Stem Cells and Mesenchymal Stem Cells Are Not Able to Replace Lost Neurons in Acute MPTP-Lesioned Mice","10.1371/journal.pone.0064723","22","6","2021-10-28 expression of concern","Elisabeth M Bik, Guillaume Cabanac, Soletellina Virescens"
"2023","article","Public Library of Science (PLoS)","PLOS Genetics","PHYTOCHROME C regulation of photoperiodic flowering via PHOTOPERIOD1 is mediated by EARLY FLOWERING 3 in Brachypodium distachyon","10.1371/journal.pgen.1010706","22","2","2023-09-19 expression of concern","Gerris Pingreensis"
"2014","article","Public Library of Science (PLoS)","PLOS ONE","Viral Communities Associated with Human Pericardial Fluids in Idiopathic Pericarditis","10.1371/journal.pone.0093367","22","1","2022-12-13 expression of concern","Elisabeth M Bik"
"2019","article","Public Library of Science (PLoS)","PLOS Neglected Tropical Diseases","DNA plasmid coding for Phlebotomus sergenti salivary protein PsSP9, a member of the SP15 family of proteins, protects against Leishmania tropica","10.1371/journal.pntd.0007067","22","1","2024-05-30 expression of concern","Elisabeth M Bik, Actinopolyspora Biskrensis, Sima Rafati"
"2023","article","Public Library of Science (PLoS)","PLOS ONE","Emodin alleviates chronic constriction injury-induced neuropathic pain and inflammation via modulating PPAR-gamma pathway","10.1371/journal.pone.0287517","22","1","2025-07-17 expression of concern","Hoya Camphorifolia, Luzula Sylvatica"
"2016","article","Public Library of Science (PLoS)","PLOS ONE","Epidural Co-Administration of Dexmedetomidine and Levobupivacaine Improves the Gastrointestinal Motility Function after Colonic Resection in Comparison to Co-Administration of Morphine and Levobupivacaine","10.1371/journal.pone.0146215","22","1","2022-12-21 expression of concern","John A Loadsman"
"2023","article","Public Library of Science (PLoS)","PLOS ONE","BlockTicket: A framework for electronic tickets based on smart contract","10.1371/journal.pone.0284166","22","1","2026-05-27 expression of concern","–"
"2013","article","Public Library of Science (PLoS)","PLOS ONE","TSHZ3 and SOX9 Regulate the Timing of Smooth Muscle Cell Differentiation in the Ureter by Reducing Myocardin Activity","10.1371/journal.pone.0063721","22","0","2019-02-11 expression of concern","Elisabeth M Bik, Eukoenenia Bonadonai"
"2011","article","Public Library of Science (PLoS)","PLOS ONE","Potential Tumor Suppressor NESG1 as an Unfavorable Prognosis Factor in Nasopharyngeal Carcinoma","10.1371/journal.pone.0027887","22","0","2020-04-13 expression of concern","Hysterangium Nephriticum"
"2014","article","Public Library of Science (PLoS)","PLOS ONE","Regulation of PKC Mediated Signaling by Calcium during Visceral Leishmaniasis","10.1371/journal.pone.0110843","22","0","2026-06-02 expression of concern","–"
"2020","article","Public Library of Science (PLoS)","PLOS ONE","Priorities for intervention of childhood stunting in northeastern Ethiopia: A matched case-control study","10.1371/journal.pone.0239255","21","1","2025-08-06 expression of concern","–"
"2016","article","Public Library of Science (PLoS)","PLOS ONE","RETRACTED > Ramentaceone, a Naphthoquinone Derived from Drosera sp., Induces Apoptosis by Suppressing PI3K/Akt Signaling in Breast Cancer Cells","10.1371/journal.pone.0147718","20","25","2019-01-29 expression of concern","Elisabeth M Bik, Hoya Camphorifolia, Allothereua Maculata, Kedrostis Capensis"
"2008","article","Public Library of Science (PLoS)","PLOS ONE","RETRACTED > Akt Regulates Drug-Induced Cell Death through Bcl-w Downregulation","10.1371/journal.pone.0004070","20","21","2019-03-19 expression of concern","Unregistered Submission, Peer 1, Eriobotrya Bengalensis, Bulbophyllum Melleum, Paepalanthus Lamarckii, Cloacina Hydriformis"
"2013","article","Public Library of Science (PLoS)","PLOS ONE","Snord 3A: A Molecular Marker and Modulator of Prion Disease Progression","10.1371/journal.pone.0054433","20","4","2024-12-18 expression of concern","Thaxteriella Inthanonensis"
"2015","article","Public Library of Science (PLoS)","PLOS ONE","Modeling the Interaction between Quinolinate and the Receptor for Advanced Glycation End Products (RAGE): Relevance for Early Neuropathological Processes","10.1371/journal.pone.0120221","20","4","2023-02-14 expression of concern","–"
"2010","article","Public Library of Science (PLoS)","PLOS ONE","Detection of Plant DNA in the Bronchoalveolar Lavage of Patients with Ventilator-Associated Pneumonia","10.1371/journal.pone.0011298","20","2","2026-04-28 expression of concern","Elisabeth M Bik, Encoelia Furfuracea"
"2017","article","Public Library of Science (PLoS)","PLOS ONE","Methamphetamine induces Shati/Nat8L expression in the mouse nucleus accumbens via CREB- and dopamine D1 receptor-dependent mechanism","10.1371/journal.pone.0174196","20","1","2023-01-11 expression of concern","–"
"2016","article","Public Library of Science (PLoS)","PLOS ONE","Dual Inhibition of Topoisomerase II and Tyrosine Kinases by the Novel Bis-Fluoroquinolone Chalcone-Like Derivative HMNE3 in Human Pancreatic Cancer Cells","10.1371/journal.pone.0162821","20","1","2023-11-15 expression of concern","–"
"2014","article","Public Library of Science (PLoS)","PLOS ONE","A Palindromic CpG-Containing Phosphodiester Oligodeoxynucleotide as a Mucosal Adjuvant Stimulates Plasmacytoid Dendritic Cell-Mediated TH1 Immunity","10.1371/journal.pone.0088846","20","1","2023-01-11 expression of concern","–"
"2025","article","Public Library of Science (PLoS)","PLOS ONE","Deep CNN-based detection of cardiac rhythm disorders using PPG signals from wearable devices","10.1371/journal.pone.0314154","20","0","2026-07-28 expression of concern","–"
"2015","article","Public Library of Science (PLoS)","PLOS ONE","bFGF-Regulating MAPKs Are Involved in High Glucose-Mediated ROS Production and Delay of Vascular Endothelial Cell Migration","10.1371/journal.pone.0144495","20","0","2023-03-02 expression of concern","–"
"2013","article","Public Library of Science (PLoS)","PLOS ONE","Interferon and Ribavirin Combination Treatment Synergistically Inhibit HCV Internal Ribosome Entry Site Mediated Translation at the Level of Polyribosome Formation","10.1371/journal.pone.0072791","19","25","2022-03-31 expression of concern","Elisabeth M Bik, Hoya Camphorifolia, Actinopolyspora Biskrensis"
"2009","article","Public Library of Science (PLoS)","PLOS ONE","Deletion of the Mitochondrial Flavoprotein Apoptosis Inducing Factor (AIF) Induces β-Cell Apoptosis and Impairs β-Cell Mass","10.1371/journal.pone.0004394","19","14","2022-08-25 expression of concern","Unregistered Submission, Peer 1, Peer 3, Hoya Camphorifolia"
"2013","article","Public Library of Science (PLoS)","PLOS ONE","The Coordination of Cell Growth during Fission Yeast Mating Requires Ras1-GTP Hydrolysis","10.1371/journal.pone.0077487","19","5","2019-10-10 expression of concern","Azteca Beltii"
"2021","article","Public Library of Science (PLoS)","PLOS ONE","Urban-rural disparities in institutional delivery among women in East Africa: A decomposition analysis","10.1371/journal.pone.0255094","19","5","2025-07-23 expression of concern","–"
"2017","article","Public Library of Science (PLoS)","PLOS ONE","Prognostic value of long non-coding RNA CCAT1 expression in patients with cancer: A meta-analysis","10.1371/journal.pone.0179346","19","4","2023-04-20 expression of concern","–"
"2012","article","Public Library of Science (PLoS)","PLOS ONE","DNA Persistence and Relapses Questions on the Treatment Strategies of Enterococcus Infections of Prosthetic Valves","10.1371/journal.pone.0053335","19","1","2022-12-13 expression of concern","Elisabeth M Bik, Hedyotis Alexanderae, Evodianthus Funifer"
"2016","article","Public Library of Science (PLoS)","PLOS ONE","A Histopathological Feature of EGFR-Mutated Lung Adenocarcinomas with Highly Malignant Potential – An Implication of Micropapillary Element -","10.1371/journal.pone.0166795","19","1","2023-01-11 expression of concern","–"
"2017","article","Public Library of Science (PLoS)","PLOS ONE","Potential DNA barcodes for Melilotus species based on five single loci and their combinations","10.1371/journal.pone.0182693","19","0","2020-04-20 expression of concern","Xylorycta Apheles"
"2022","article","Public Library of Science (PLoS)","PLOS ONE","Characterization of intracellular calcium mobilization induced by remimazolam, a newly approved intravenous anesthetic","10.1371/journal.pone.0263395","19","0","2023-01-11 expression of concern","–"
"2023","article","Public Library of Science (PLoS)","PLOS ONE","How innovation funding leads enterprises to engage in research and development: Small and medium enterprises’ perspective","10.1371/journal.pone.0289166","19","0","2026-06-30 expression of concern","–"
"2022","article","Public Library of Science (PLoS)","PLOS ONE","Predicting young Chinese consumers’ intentions to purchase Western brands: Structural model analysis","10.1371/journal.pone.0267563","19","0","2025-06-23 expression of concern","–"
"2020","article","Public Library of Science (PLoS)","PLOS ONE","Lung ultrasound score in establishing the timing of intubation in COVID-19 interstitial pneumonia: A preliminary retrospective observational study","10.1371/journal.pone.0238679","18","20","2020-11-30 expression of concern","John A Loadsman"
"2020","article","Public Library of Science (PLoS)","PLOS ONE","An integrated view on society readiness and initial reaction to COVID–19: A study across European countries","10.1371/journal.pone.0242838","18","11","2023-11-09 expression of concern","–"
"2017","article","Public Library of Science (PLoS)","PLOS ONE","Evaluation of fusion protein cleavage site sequences of Newcastle disease virus in genotype matched vaccines","10.1371/journal.pone.0173965","18","4","2020-12-09 expression of concern","Thereva Niveipennis"
"2025","article","Public Library of Science (PLoS)","PLOS ONE","Multi-convolutional neural networks for cotton disease detection using synergistic deep learning paradigm","10.1371/journal.pone.0324293","18","1","2026-02-17 expression of concern","Hoya Camphorifolia"
"2013","article","Public Library of Science (PLoS)","PLOS ONE","Synthesized Multiple Antigenic Polypeptide Vaccine Based on B-Cell Epitopes of Human Heparanase Could Elicit a Potent Antimetastatic Effect on Human Hepatocellular Carcinoma In Vivo","10.1371/journal.pone.0052940","18","1","2019-12-02 expression of concern","Lotus Azoricus, Deronectes Aubei"
"2015","article","Public Library of Science (PLoS)","PLOS ONE","Chemopreventive Activity of Ferulago angulate against Breast Tumor in Rats and the Apoptotic Effect of Polycerasoidin in MCF7 Cells: A Bioassay-Guided Approach","10.1371/journal.pone.0127434","18","0","2026-04-16 expression of concern","Indigofera Tanganyikensis, Illex Illecebrosus, Reese Richardson, Archasia Belfragei"
"2020","article","Public Library of Science (PLoS)","PLOS ONE","Assessment of time management practice and associated factors among primary hospitals employees in north Gondar, northwest Ethiopia","10.1371/journal.pone.0227989","18","0","2025-06-23 expression of concern","–"
"2014","article","Public Library of Science (PLoS)","PLOS ONE","Factors that Affect Intravenous Patient-Controlled Analgesia for Postoperative Pain Following Orthognathic Surgery for Mandibular Prognathism","10.1371/journal.pone.0098548","18","0","2023-01-11 expression of concern","–"
"2020","article","Public Library of Science (PLoS)","PLOS ONE","Custom-made artificial eyes using 3D printing for dogs: A preliminary study","10.1371/journal.pone.0242274","17","131","2021-01-06 expression of concern","Fumiglobus Pieridicola"
"2015","article","Public Library of Science (PLoS)","PLOS ONE","Exploring Regional Variation in Roost Selection by Bats: Evidence from a Meta-Analysis","10.1371/journal.pone.0139126","17","5","2024-12-18 expression of concern","–"
"2016","article","Public Library of Science (PLoS)","PLOS ONE","A Multi-Faceted Approach to Analyse the Effects of Environmental Variables on Geographic Range and Genetic Structure of a Perennial Psammophilous Geophyte: The Case of the Sea Daffodil Pancratium maritimum L. in the Mediterranean Basin","10.1371/journal.pone.0164816","17","2","2022-05-10 expression of concern","–"
"2024","article","Public Library of Science (PLoS)","PLOS ONE","ChainAgile: A framework for the improvement of Scrum Agile distributed software development based on blockchain","10.1371/journal.pone.0299324","17","1","2025-09-02 expression of concern","Hoya Camphorifolia, M Ángeles Oviedo-García"
"2016","article","Public Library of Science (PLoS)","PLOS ONE","Deciphering Transcriptional Programming during Pod and Seed Development Using RNA-Seq in Pigeonpea (Cajanus cajan)","10.1371/journal.pone.0164959","17","1","2026-06-01 expression of concern","–"
"2014","article","Public Library of Science (PLoS)","PLOS ONE","TGFβ Activated Kinase 1 (TAK1) at the Crossroad of B Cell Receptor and Toll-Like Receptor 9 Signaling Pathways in Human B Cells","10.1371/journal.pone.0096381","17","0","2022-03-03 expression of concern","Elisabeth M Bik"
"2010","article","Public Library of Science (PLoS)","PLOS Neglected Tropical Diseases","Characterization of a Subunit of the Outer Dynein Arm Docking Complex Necessary for Correct Flagellar Assembly in Leishmania donovani","10.1371/journal.pntd.0000586","17","0","2022-12-09 expression of concern","Elisabeth M Bik, Actinopolyspora Biskrensis, Iris Bruchhaus, Poa Gymnantha"
"2021","article","Public Library of Science (PLoS)","PLOS ONE","Modified Liu estimators in the linear regression model: An application to Tobacco data","10.1371/journal.pone.0259991","17","0","2026-03-02 expression of concern","–"
"2021","article","Public Library of Science (PLoS)","PLOS ONE","Comparison of clinical and radiographic signs of hip osteoarthritis in contralateral hip joints of fifty working dogs","10.1371/journal.pone.0248767","17","0","2022-10-07 expression of concern","–"
"2023","article","Public Library of Science (PLoS)","PLOS ONE","Evaluating the compressive strength of glass powder-based cement mortar subjected to the acidic environment using testing and modeling approaches","10.1371/journal.pone.0284761","17","0","2026-06-02 expression of concern","–"
"2021","article","Public Library of Science (PLoS)","PLOS ONE","Prevalence and associated factors of acute respiratory infection among street sweepers and door-to-door waste collectors in Dessie City, Ethiopia: A comparative cross-sectional study","10.1371/journal.pone.0251621","17","0","2025-08-04 expression of concern","–"
"2013","article","Public Library of Science (PLoS)","PLOS ONE","Unliganded Estrogen Receptor Alpha Promotes PC12 Survival during Serum Starvation","10.1371/journal.pone.0069081","16","2","2024-01-11 expression of concern","Elisabeth M Bik, Peer 1"
"2014","article","Public Library of Science (PLoS)","PLOS Neglected Tropical Diseases","A Cytoplasmic New Catalytic Subunit of Calcineurin in Trypanosoma cruzi and Its Molecular and Functional Characterization","10.1371/journal.pntd.0002676","16","1","2025-06-04 expression of concern","Elisabeth M Bik"
"2013","article","Public Library of Science (PLoS)","PLOS ONE","Divergent Roles of Amino Acid Residues Inside and Outside the BB Loop Affect Human Toll-Like Receptor (TLR)2/2, TLR2/1 and TLR2/6 Responsiveness","10.1371/journal.pone.0061508","16","0","2024-06-21 expression of concern","Elisabeth M Bik"
"2022","article","Public Library of Science (PLoS)","PLOS ONE","Histone acetyltransferase inhibition reverses opacity in rat galactose-induced cataract","10.1371/journal.pone.0273868","15","9","2025-07-31 expression of concern","–"
"2022","article","Public Library of Science (PLoS)","PLOS ONE","Genetic diversity and population structure of pigeonpea (Cajanus cajan [L.] Millspaugh) landraces grown in Benin revealed by Genotyping-By-Sequencing","10.1371/journal.pone.0271565","15","3","2026-06-01 expression of concern","Desmococcus Antarctica"
"2016","article","Public Library of Science (PLoS)","PLOS Neglected Tropical Diseases","Implementation of Syndromic Surveillance Systems in Two Rural Villages in Senegal","10.1371/journal.pntd.0005212","15","2","2022-12-13 expression of concern","Elisabeth M Bik"
"2024","article","Public Library of Science (PLoS)","PLOS ONE","A modified fractional short circuit current MPPT and multicellular converter for improving power quality and efficiency in PV chain","10.1371/journal.pone.0309460","15","1","2026-06-09 expression of concern","–"
"2016","article","Public Library of Science (PLoS)","PLOS ONE","Corticosteroids Mediate Heart Failure-Induced Depression through Reduced σ1-Receptor Expression","10.1371/journal.pone.0163992","15","1","2023-01-11 expression of concern","–"
"2022","article","Public Library of Science (PLoS)","PLOS Global Public Health","Level of satisfaction and associated factors among patients attending outpatient departments of south Wollo health facilities, Ethiopia","10.1371/journal.pgph.0000761","15","0","2025-07-07 expression of concern","–"
"2021","article","Public Library of Science (PLoS)","PLOS ONE","Effects of Importin α1/KPNA1 deletion and adolescent social isolation stress on psychiatric disorder-associated behaviors in mice","10.1371/journal.pone.0258364","15","0","2023-01-11 expression of concern","–"
"2017","article","Public Library of Science (PLoS)","PLOS ONE","Electrical Study of Trapped Charges in Copper-Doped Zinc Oxide Films by Scanning Probe Microscopy for Nonvolatile Memory Applications","10.1371/journal.pone.0171050","15","0","2023-06-29 expression of concern","–"
"2024","article","Public Library of Science (PLoS)","PLOS ONE","Survivability and behavior of probiotic bacteria encapsulated by internal gelation in non-dairy matrix and In Vitro GIT conditions","10.1371/journal.pone.0303091","15","0","2025-07-01 expression of concern","–"
"2016","article","Public Library of Science (PLoS)","PLOS ONE","Synchronous Multiple Lung Adenocarcinomas: Estrogen Concentration in Peripheral Lung","10.1371/journal.pone.0160910","14","29","2023-01-11 expression of concern","–"
"2010","article","Public Library of Science (PLoS)","PLOS ONE","SH2 Modified STAT1 Induces HLA-I Expression and Improves IFN-γ Signaling in IFN-α Resistant HCV Replicon Cells","10.1371/journal.pone.0013117","14","14","2022-03-31 expression of concern","Elisabeth M Bik, Hoya Camphorifolia"
"2022","article","Public Library of Science (PLoS)","PLOS ONE","Analysis of cataract-regulated genes using chemical DNA damage induction in a rat ex vivo model","10.1371/journal.pone.0273456","14","5","2025-07-31 expression of concern","–"
"2019","article","Public Library of Science (PLoS)","PLOS ONE","A transcriptional signature associated with non-Hodgkin lymphoma in the blood of patients with Q fever","10.1371/journal.pone.0217542","14","4","2022-12-13 expression of concern","Elisabeth M Bik, Hoya Camphorifolia"
"2024","article","Public Library of Science (PLoS)","PLOS ONE","Molecular prevalence, phylogeny and hematological impact of Toxoplasma gondii and Plasmodium spp. in common quails from Punjab, Pakistan","10.1371/journal.pone.0304179","14","1","2026-07-23 expression of concern","–"
"2014","article","Public Library of Science (PLoS)","PLOS ONE","Identification of 17 HrpX-Regulated Proteins Including Two Novel Type III Effectors, XOC_3956 and XOC_1550, in Xanthomonas oryzae pv. oryzicola","10.1371/journal.pone.0093205","14","0","2022-07-18 expression of concern","Gerris Caucasicus"
"2021","article","Public Library of Science (PLoS)","PLOS ONE","Seroepidemiology and associated risk factors of hepatitis B and C virus infections among pregnant women attending maternity wards at two hospitals in Swabi, Khyber Pakhtunkhwa, Pakistan","10.1371/journal.pone.0255189","14","0","2026-03-19 expression of concern","–"
"2010","article","Public Library of Science (PLoS)","PLOS ONE","Immune Protection Induced on Day 10 Following Administration of the 2009 A/H1N1 Pandemic Influenza Vaccine","10.1371/journal.pone.0014270","14","0","	- expression of concern","–"
"2015","article","Public Library of Science (PLoS)","PLOS ONE","High Cell Density Upregulates Calcium Oscillation by Increasing Calcium Store Content via Basal Mitogen-Activated Protein Kinase Activity","10.1371/journal.pone.0137610","14","0","2023-01-11 expression of concern","–"
"2019","article","Public Library of Science (PLoS)","PLOS Biology","RETRACTED > Response to: “Questioning the evidence for BCI-based communication in the complete locked-in state”","10.1371/journal.pbio.3000063","13","60","2019-10-16 expression of concern","Akanthomyces Koratensis"
"2021","article","Public Library of Science (PLoS)","PLOS ONE","Morphometric study of Yemeni (Apis mellifera jemenitica) and Carniolan (A. m. carnica) honeybee workers in Saudi Arabia","10.1371/journal.pone.0247262","13","8","2023-04-19 expression of concern","–"
"2014","article","Public Library of Science (PLoS)","PLOS ONE","First Identification of Resident and Circulating Fibrocytes in Dupuytren’s Disease Shown to Be Inhibited by Serum Amyloid P and Xiapex","10.1371/journal.pone.0099967","13","5","2025-12-17 expression of concern","Epistaurus Meridionalis, Cyrtosperma Cuspidispathum"
"2022","article","Public Library of Science (PLoS)","PLOS ONE","Atm inhibition decreases lens opacity in a rat model of galactose-induced cataract","10.1371/journal.pone.0274735","13","5","2025-07-31 expression of concern","–"
"2016","article","Public Library of Science (PLoS)","PLOS ONE","Prognostic Role of Mucin Antigen MUC4 for Cholangiocarcinoma: A Meta-Analysis","10.1371/journal.pone.0157878","13","1","2023-04-28 expression of concern","–"
"2024","article","Public Library of Science (PLoS)","PLOS ONE","Does financial inclusion and information communication technology affect environmental degradation in oil-producing countries?","10.1371/journal.pone.0298545","13","0","2025-05-01 expression of concern","Hoya Camphorifolia"
"2020","article","Public Library of Science (PLoS)","PLOS ONE","Prevalence, injury-, and non-injury-related factors associated with anxiety and depression in polytrauma patients – A retrospective 20 year follow-up study","10.1371/journal.pone.0232678","13","0","2026-04-29 expression of concern","–"
"2021","article","Public Library of Science (PLoS)","PLOS ONE","Prognostic value of the postoperative neutrophil-lymphocyte ratio in solid tumors: A meta-analysis","10.1371/journal.pone.0250091","13","0","2023-02-16 expression of concern","–"
"2011","article","Public Library of Science (PLoS)","PLOS ONE","Novel Allelic Variants in the Canine Cyclooxgenase-2 (Cox-2) Promoter Are Associated with Renal Dysplasia in Dogs","10.1371/journal.pone.0016684","12","25","	- expression of concern","–"
"2013","article","Public Library of Science (PLoS)","PLOS ONE","Adenoviral Gene Transfer of PLD1-D4 Enhances Insulin Sensitivity in Mice by Disrupting Phospholipase D1 Interaction with PED/PEA-15","10.1371/journal.pone.0060555","12","6","2022-02-08 expression of concern","Unregistered Submission, Peer 2, Actinopolyspora Biskrensis, Melicope Ovata"
"2018","article","Public Library of Science (PLoS)","PLOS Neglected Tropical Diseases","Asymptomatic carriage of Streptococcus pneumoniae detected by qPCR on the palm of hands of populations in rural Senegal","10.1371/journal.pntd.0006945","12","3","2022-12-13 expression of concern","Elisabeth M Bik, Pterocarpus Officinalis"
"2020","article","Public Library of Science (PLoS)","PLOS ONE","Risk factors of progression to endometrial cancer in women with endometrial hyperplasia: A retrospective cohort study","10.1371/journal.pone.0243064","12","3","2026-04-22 expression of concern","–"
"2014","article","Public Library of Science (PLoS)","PLOS ONE","Ubiquitination and Degradation of Ribonucleotide Reductase M1 by the Polycomb Group Proteins RNF2 and Bmi1 and Cellular Response to Gemcitabine","10.1371/journal.pone.0091186","12","1","2025-11-04 expression of concern","Elisabeth M Bik"
"2020","article","Public Library of Science (PLoS)","PLOS ONE","Low-dose chest CT for diagnosing and assessing the extent of lung involvement of SARS-CoV-2 pneumonia using a semi quantitative score","10.1371/journal.pone.0241407","12","1","2022-12-13 expression of concern","Elisabeth M Bik, Thomas Kesteman, Rhyacophila Accola"
"2024","article","Public Library of Science (PLoS)","PLOS ONE","Economic policy uncertainty, intra-industry trade, and China’s mechanical and electrical product exports","10.1371/journal.pone.0290866","12","1","2026-05-28 expression of concern","M Ángeles Oviedo-García"
"2009","article","Public Library of Science (PLoS)","PLOS ONE","Fyn Mediates Leptin Actions in the Thymus of Rodents","10.1371/journal.pone.0007707","12","1","2023-01-31 expression of concern","Unregistered Submission, Perideridia Americana, Caeruleuptychia Helios, Nitrosospira Multiformis"
"2021","article","Public Library of Science (PLoS)","PLOS ONE","The intra-articular administration of triamcinolone hexacetonide in the treatment of osteoarthritis. Its effects in a naturally occurring canine osteoarthritis model","10.1371/journal.pone.0245553","12","1","2022-10-07 expression of concern","–"
"2018","article","Public Library of Science (PLoS)","PLOS ONE","The prognostic significance of long noncoding RNAs in bladder cancer: A meta-analysis","10.1371/journal.pone.0198602","12","0","2023-04-24 expression of concern","–"
"2022","article","Public Library of Science (PLoS)","PLOS ONE","Barriers to cleaning of shared latrines in slums of Addis Ababa, Ethiopia","10.1371/journal.pone.0263363","12","0","2025-07-29 expression of concern","–"
"2023","article","Public Library of Science (PLoS)","PLOS ONE","Multiobjective intuitionistic fuzzy programming under pessimistic and optimistic applications in multivariate stratified sample allocation problems","10.1371/journal.pone.0284784","12","0","2026-07-16 expression of concern","–"
"2021","article","Public Library of Science (PLoS)","PLOS ONE","Hemorrhagic and thrombotic manifestations in the central nervous system in COVID-19: A large observational study in the Brazilian Amazon with a complete autopsy series","10.1371/journal.pone.0255950","11","24","2026-04-28 expression of concern","–"
"2014","article","Public Library of Science (PLoS)","PLOS ONE","An Integrated SNP Mining and Utilization (ISMU) Pipeline for Next Generation Sequencing Data","10.1371/journal.pone.0101754","11","9","2026-06-01 expression of concern","–"
"2012","article","Public Library of Science (PLoS)","PLOS ONE","Multiple In Vitro and In Vivo Regulatory Effects of Budesonide in CD4+ T Lymphocyte Subpopulations of Allergic Asthmatics","10.1371/journal.pone.0048816","11","5","2024-10-18 expression of concern","Aneurus Inconstans"
"2013","article","Public Library of Science (PLoS)","PLOS ONE","Specific Inhibition of Tumor Cells by Oncogenic EGFR Specific Silencing by RNA interference","10.1371/journal.pone.0073214","11","4","2024-12-13 expression of concern","Elisabeth M Bik, Illex Illecebrosus"
"2018","article","Public Library of Science (PLoS)","PLOS ONE","A novel potential role of pituitary gonadotropins in the pathogenesis of human colorectal cancer","10.1371/journal.pone.0189337","11","1","2021-10-21 expression of concern","Elisabeth M Bik, Wojciech Marlicz"
"2015","article","Public Library of Science (PLoS)","PLOS ONE","The Host-Protective Effect of Arabinosylated Lipoarabinomannan against Leishmania donovani Infection Is Associated with Restoration of IFN-γ Responsiveness","10.1371/journal.pone.0117247","11","1","2026-06-02 expression of concern","–"
"2014","article","Public Library of Science (PLoS)","PLOS ONE","Enhanced Expression of WD Repeat-Containing Protein 35 via CaMKK/AMPK Activation in Bupivacaine-Treated Neuro2a Cells","10.1371/journal.pone.0098185","11","0","2019-02-22 expression of concern","Elisabeth M Bik, Cecidophyes Hirsutes"
"2025","article","Public Library of Science (PLoS)","PLOS ONE","Quality of information in gestational diabetes mellitus videos on TikTok: Cross-sectional study","10.1371/journal.pone.0316242","11","0","2026-01-05 expression of concern","–"
"2023","article","Public Library of Science (PLoS)","PLOS ONE","Economic policy uncertainty and stock market in G7 Countries: A panel threshold effect perspective","10.1371/journal.pone.0288883","11","0","2025-10-03 expression of concern","–"
"2017","article","Public Library of Science (PLoS)","PLOS ONE","Cytokine-induced killer cell delivery enhances the antitumor activity of oncolytic reovirus","10.1371/journal.pone.0184816","10","2","2024-02-15 expression of concern","Actinopolyspora Biskrensis"
"2025","article","Public Library of Science (PLoS)","PLOS ONE","Shifting temporal trends and disparities in sarcoidosis mortality in the United States: A retrospective analysis from 1999 to 2020","10.1371/journal.pone.0317237","10","1","2026-04-06 expression of concern","–"
"2025","article","Public Library of Science (PLoS)","PLOS ONE","Mortality trends and disparities for coexisting chronic obstructive pulmonary disease and cardiovascular disease: A retrospective analysis of deaths in the United States from 1999–2020","10.1371/journal.pone.0317592","10","1","2026-04-06 expression of concern","–"
"2022","article","Public Library of Science (PLoS)","PLOS ONE","COVID-19 infection prevention practices among a sample of food handlers of food and drink establishments in Ethiopia","10.1371/journal.pone.0259851","10","1","2025-07-29 expression of concern","–"
"2025","article","Public Library of Science (PLoS)","PLOS ONE","Strategic planning as a catalyst for sustainability: A mediated model of strategic intent and formulation in manufacturing SMEs","10.1371/journal.pone.0325887","10","0","2026-07-22 expression of concern","Hoya Camphorifolia"
"2021","article","Public Library of Science (PLoS)","PLOS ONE","Metabolic engineering of Bacillus subtilis with an endopolygalacturonase gene isolated from Pectobacterium. carotovorum; a plant pathogenic bacterial strain","10.1371/journal.pone.0256562","10","0","2026-06-17 expression of concern","–"
"2024","article","Public Library of Science (PLoS)","PLOS ONE","Development of innovative alkali activated paste reinforced with polyethylene fibers for concrete crack repair","10.1371/journal.pone.0305143","10","0","2026-05-27 expression of concern","–"
"2014","article","Public Library of Science (PLoS)","PLOS ONE","Functional Improvement of Regulatory T Cells from Rheumatoid Arthritis Subjects Induced by Capsular Polysaccharide Glucuronoxylomannogalactan","10.1371/journal.pone.0111163","9","5","2021-02-25 expression of concern","Allobaccha Nitidithorax, Anna Vecchiarelli, Conospermum Wycherleyi, Jumellea Maxillarioides"
"2024","article","Public Library of Science (PLoS)","PLOS ONE","HIF-1 inhibition reverses opacity in a rat model of galactose-induced cataract","10.1371/journal.pone.0299145","9","5","2025-07-31 expression of concern","–"
"2021","article","Public Library of Science (PLoS)","PLOS ONE","Facemask-wearing behavior to prevent COVID-19 and associated factors among public and private bank workers in Ethiopia","10.1371/journal.pone.0259659","9","2","2025-07-08 expression of concern","–"
"2013","article","Public Library of Science (PLoS)","PLOS ONE","Molecular Markers for Granulovacuolar Degeneration Are Present in Rimmed Vacuoles","10.1371/journal.pone.0080995","9","1","2023-01-11 expression of concern","–"
"2013","article","Public Library of Science (PLoS)","PLOS ONE","Impairment of FOS mRNA Stabilization Following Translation Arrest in Granulocytes from Myelodysplastic Syndrome Patients","10.1371/journal.pone.0061107","9","1","2023-01-11 expression of concern","–"
"2024","article","Public Library of Science (PLoS)","PLOS ONE","Enhancing speaker identification through reverberation modeling and cancelable techniques using ANNs","10.1371/journal.pone.0294235","9","1","2026-05-13 expression of concern","–"
"2025","article","Public Library of Science (PLoS)","PLOS ONE","A practical approach for colorectal cancer diagnosis based on machine learning","10.1371/journal.pone.0321009","9","0","2026-02-26 expression of concern","Hoya Camphorifolia"
"2013","article","Public Library of Science (PLoS)","PLOS ONE","Mdm20 Stimulates PolyQ Aggregation via Inhibiting Autophagy Through Akt-Ser473 Phosphorylation","10.1371/journal.pone.0082523","9","0","2023-01-11 expression of concern","–"
"2025","article","Public Library of Science (PLoS)","PLOS ONE","Emerging trends and disparities in cardiovascular, kidney, and diabetes-related mortality: A retrospective analysis of the wide-ranging online data for epidemiologic research database","10.1371/journal.pone.0320670","9","0","2026-04-06 expression of concern","–"
"2014","article","Public Library of Science (PLoS)","PLOS ONE","Predictive Significance of Kidney Myeloid-Related Protein 8 Expression in Patients with Obesity- or Type 2 Diabetes-Associated Kidney Diseases","10.1371/journal.pone.0088942","9","0","2023-01-11 expression of concern","–"
"2023","article","Public Library of Science (PLoS)","PLOS ONE","Housing investment and family entrepreneurship: Evidence from China","10.1371/journal.pone.0285699","9","0","2026-02-25 expression of concern","–"
"2025","article","Public Library of Science (PLoS)","PLOS ONE","Enhanced surface plasmon resonance biosensor with graphene-black phosphorus heterostructure for ultra-high sensitivity refractive index detection with machine learning for behaviour prediction","10.1371/journal.pone.0332356","9","0","2026-03-19 expression of concern","–"
"2018","article","Public Library of Science (PLoS)","PLOS ONE","SIMPLE binds specifically to PI4P through SIMPLE-like domain and participates in protein trafficking in the trans-Golgi network and/or recycling endosomes","10.1371/journal.pone.0199829","9","0","2023-01-11 expression of concern","–"
"2015","article","Public Library of Science (PLoS)","PLOS ONE","Peptides of Presenilin-1 Bind the Amyloid Precursor Protein Ectodomain and Offer a Novel and Specific Therapeutic Approach to Reduce ß-Amyloid in Alzheimer’s Disease","10.1371/journal.pone.0122451","8","42","2025-02-27 expression of concern","Dysdera Arabisenen, Gerris Pingreensis"
"2019","article","Public Library of Science (PLoS)","PLOS ONE","Middle-term prognosis in patients with ulcerative colitis who achieved clinical and endoscopic remission by budesonide rectal foam","10.1371/journal.pone.0220413","8","14","2023-01-11 expression of concern","–"
"2015","article","Public Library of Science (PLoS)","PLOS ONE","Toll-Like Receptor 2 Targeted Rectification of Impaired CD8+ T Cell Functions in Experimental Leishmania donovani Infection Reinstates Host Protection","10.1371/journal.pone.0142800","8","2","2026-04-22 expression of concern","Curvularia Ellisii, Arge Metallica, Mirafra Microptera"
"2021","article","Public Library of Science (PLoS)","PLOS Neglected Tropical Diseases","Sunbathing, a possible risk factor of murine typhus infection in Greece","10.1371/journal.pntd.0009186","8","1","2022-12-13 expression of concern","Elisabeth M Bik"
"2020","article","Public Library of Science (PLoS)","PLOS ONE","Ezrin interacts with the tumor suppressor CHL1 and promotes neuronal differentiation of human neuroblastoma","10.1371/journal.pone.0244069","8","0","2026-03-17 expression of concern","Drepanosiphum Oregonense"
"2016","article","Public Library of Science (PLoS)","PLOS ONE","Platoon Interactions and Real-World Traffic Simulation and Validation Based on the LWR-IM","10.1371/journal.pone.0144798","8","0","2024-07-09 expression of concern","Elisabeth M Bik"
"2024","article","Public Library of Science (PLoS)","PLOS ONE","Optimal sizing and power losses reduction of photovoltaic systems using PSO and LCL filters","10.1371/journal.pone.0301516","8","0","2026-06-11 expression of concern","Hoya Camphorifolia"
"2021","article","Public Library of Science (PLoS)","PLOS ONE","Management equity incentives and stock price crash risk: “Golden handcuffs” or “gold watch”","10.1371/journal.pone.0249900","8","0","2023-11-16 expression of concern","–"
"2024","article","Public Library of Science (PLoS)","PLOS ONE","Can digital transformation promote green innovation in enterprises? the moderating effect of heterogeneous environmental regulations","10.1371/journal.pone.0298191","8","0","2025-11-21 expression of concern","–"
"2024","article","Public Library of Science (PLoS)","PLOS ONE","Identification and In-Silico study of non-synonymous functional SNPs in the human SCN9A gene","10.1371/journal.pone.0297367","8","0","2026-03-20 expression of concern","–"
"2023","article","Public Library of Science (PLoS)","PLOS ONE","Ensemble learning approach for advanced metering infrastructure in future smart grids","10.1371/journal.pone.0289672","8","0","2026-03-18 expression of concern","–"
"2025","article","Public Library of Science (PLoS)","PLOS ONE","Demographics and regional trends of ischemic heart disease-related mortality in older adults in the United States, 1999–2020","10.1371/journal.pone.0318073","7","1","2026-04-06 expression of concern","–"
"2021","article","Public Library of Science (PLoS)","PLOS ONE","l-Menthol increases extracellular dopamine and c-Fos-like immunoreactivity in the dorsal striatum, and promotes ambulatory activity in mice","10.1371/journal.pone.0260713","7","1","2023-01-11 expression of concern","–"
"2024","article","Public Library of Science (PLoS)","PLOS ONE","Revealing the dynamics of saffron growth: Optimizing corm size and planting depth for increased yield synergies.","10.1371/journal.pone.0303264","7","1","2024-12-13 expression of concern","–"
"2015","article","Public Library of Science (PLoS)","PLOS ONE","Maternal Smoking History Enhances the Expression of Placental Growth Factor in Invasive Trophoblasts at Early Gestation Despite Cessation of Smoking","10.1371/journal.pone.0134181","7","1","2023-01-11 expression of concern","–"
"2017","article","Public Library of Science (PLoS)","PLOS ONE","Identification of low-overpressure interval and its implication to hydrocarbon migration: Case study in the Yanan sag of the Qiongdongnan Basin, South China Sea","10.1371/journal.pone.0183676","7","0","2026-05-12 expression of concern","–"
"2022","article","Public Library of Science (PLoS)","PLOS ONE","A study on the temperature profile of bifurcation tunnel fire under natural ventilation","10.1371/journal.pone.0262546","7","0","2026-06-04 expression of concern","–"
"2024","article","Public Library of Science (PLoS)","PLOS ONE","The hidden costs of inflation: A critical analysis of industrial development and environmental consequences","10.1371/journal.pone.0297413","7","0","2026-03-09 expression of concern","–"
"2022","article","Public Library of Science (PLoS)","PLOS ONE","Analysis of antidiabetic, antiulcer and analgesic potential of traditional ethnomedicinal plant Emex spinosa (L.) Campd. from Azad Jammu and Kashmir","10.1371/journal.pone.0274706","7","0","2026-06-15 expression of concern","–"
"2025","article","Public Library of Science (PLoS)","PLOS ONE","Comparative efficacy of different antihypertensive drug classes for stroke prevention: A network meta-analysis of randomized controlled trials","10.1371/journal.pone.0313309","6","5","2026-02-17 expression of concern","Hoya Camphorifolia"
"2017","article","Public Library of Science (PLoS)","PLOS ONE","Influence of nicotine on choline-deficient, L-amino acid-defined diet-induced non-alcoholic steatohepatitis in rats","10.1371/journal.pone.0180475","6","4","2023-01-11 expression of concern","–"
"2021","article","Public Library of Science (PLoS)","PLOS ONE","Dysregulation of erythropoiesis and altered erythroblastic NMDA receptor-mediated calcium influx in Lrfn2-deficient mice","10.1371/journal.pone.0245624","6","2","2023-01-11 expression of concern","–"
"2022","article","Public Library of Science (PLoS)","PLOS ONE","Paroxetine treatment in an animal model of depression improves sperm quality","10.1371/journal.pone.0271217","6","1","2025-04-24 expression of concern","Dysdera Arabisenen, Illex Illecebrosus, Mazdak Razi, Mohammad Hossein Nasr-Esfahani"
"2025","article","Public Library of Science (PLoS)","PLOS ONE","A comparative analysis of microplastic contamination in hermit crab Clibanarius rhabdodactylus Forest, 1953, inhabiting intertidal and subtidal Coastal habitat of Gujarat state","10.1371/journal.pone.0325324","6","1","2026-07-21 expression of concern","Hoya Camphorifolia"
"2023","article","Public Library of Science (PLoS)","PLOS ONE","Escalating spread of SARS-CoV-2 infection after school reopening among students in hotspot districts of Oromia Region in Ethiopia: Longitudinal study","10.1371/journal.pone.0280801","6","1","2025-12-19 expression of concern","Parashorea Tomentella"
"2023","article","Public Library of Science (PLoS)","PLOS ONE","Exploring Chinese and Ethiopian higher VET adolescent learning motivation through the lens of self‑determination theory","10.1371/journal.pone.0285439","6","1","2023-09-28 expression of concern","–"
"2023","article","Public Library of Science (PLoS)","PLOS ONE","TMEM41A overexpression correlates with poor prognosis and immune alterations in patients with endometrial carcinoma","10.1371/journal.pone.0285817","6","0","2026-04-29 expression of concern","Hoya Camphorifolia"
"2017","article","Public Library of Science (PLoS)","PLOS ONE","Integrating running water monitoring tools with the Micro Biological Survey (MBS) method to improve water quality assessment","10.1371/journal.pone.0185156","6","0","2025-07-16 expression of concern","Thomas Kesteman"
"2025","article","Public Library of Science (PLoS)","PLOS ONE","How does social support influence autonomous physical learning in adolescents? Evidence from a chain mediation and latent profile analysis","10.1371/journal.pone.0327020","6","0","2026-07-23 expression of concern","–"
"2023","article","Public Library of Science (PLoS)","PLOS ONE","Early intervention with ColdZyme mouth spray after self-diagnosis of common cold: A randomized, double-blind, placebo-controlled study","10.1371/journal.pone.0279204","5","12","2026-06-16 expression of concern","–"
"2014","article","Public Library of Science (PLoS)","PLOS ONE","Arsenic Sulfide Promotes Apoptosis in Retinoid Acid Resistant Human Acute Promyelocytic Leukemic NB4-R1 Cells through Downregulation of SET Protein","10.1371/journal.pone.0083184","5","9","2014-06-20 expression of concern","Unregistered Submission"
"2018","article","Public Library of Science (PLoS)","PLOS ONE","Effects of Ramadan fasting on aspirin resistance in type 2 diabetic patients","10.1371/journal.pone.0192590","5","4","2026-02-03 expression of concern","–"
"2023","article","Public Library of Science (PLoS)","PLOS ONE","Research on performance variations of classifiers with the influence of pre-processing methods for Chinese short text classification","10.1371/journal.pone.0292582","5","1","2026-02-18 expression of concern","Cristian Consonni"
"2020","article","Public Library of Science (PLoS)","PLOS ONE","Unraveling candidate genomic regions responsible for delayed leaf senescence in rice","10.1371/journal.pone.0240591","5","1","2026-06-01 expression of concern","Desmococcus Antarctica"
"2025","article","Public Library of Science (PLoS)","PLOS Digital Health","Impact of digital wound care solution on healing time: A descriptive study in home health settings","10.1371/journal.pdig.0000855","5","1","2025-09-30 expression of concern","–"
"2025","article","Public Library of Science (PLoS)","PLOS ONE","Targeting NLRP3 and AIM2 signaling pathways by Viscosol alleviates metabolic dysregulations induced inflammatory responses in diabetic neuro- and nephropathy: An in silico and in vivo study","10.1371/journal.pone.0313816","5","0","2026-02-12 expression of concern","Hoya Camphorifolia"
"2025","article","Public Library of Science (PLoS)","PLOS ONE","Targeting necroptosis in MCF-7 breast cancer cells: In Silico insights into 8,12-dimethoxysanguinarine from Eomecon Chionantha through molecular docking, dynamics, DFT, and MEP studies","10.1371/journal.pone.0313094","5","0","2026-04-13 expression of concern","Hoya Camphorifolia"
"2021","article","Public Library of Science (PLoS)","PLOS ONE","Risk assessment of shoulder dystocia via the difference between transverse abdominal and biparietal diameters: A retrospective observational cohort study","10.1371/journal.pone.0247077","5","0","2025-12-18 expression of concern","–"
"2024","article","Public Library of Science (PLoS)","PLOS ONE","Evaluation of the urban industrial coupling strategy based on the global production networks theory: A case study of the smart phone industry in the Guangdong-Hong Kong-Macao Greater Bay Area","10.1371/journal.pone.0300588","5","0","2026-06-25 expression of concern","–"
"2024","article","Public Library of Science (PLoS)","PLOS ONE","An Improved Migratory Birds Optimization Algorithm for Closed- Loop Supply Chain Network Planning in a Fuzzy Environment","10.1371/journal.pone.0306294","5","0","2025-08-06 expression of concern","–"
"2024","article","Public Library of Science (PLoS)","PLOS ONE","Do high house prices promote the development of China’s real economy? Empirical evidence based on the decomposition of real estate price","10.1371/journal.pone.0295311","5","0","2025-10-13 expression of concern","–"
"2024","article","Public Library of Science (PLoS)","PLOS ONE","Optimizing load scheduling and data distribution in heterogeneous cloud environments using fuzzy-logic based two-level framework","10.1371/journal.pone.0310726","5","0","2026-03-18 expression of concern","–"
"2025","article","Public Library of Science (PLoS)","PLOS ONE","Spatiotemporal variation in fish species distribution and abundance in the Vaishav stream, Kashmir Himalaya–India","10.1371/journal.pone.0316280","5","0","2026-07-22 expression of concern","–"
"2013","article","Public Library of Science (PLoS)","PLOS ONE","The Role of the RACK1 Ortholog Cpc2p in Modulating Pheromone-Induced Cell Cycle Arrest in Fission Yeast","10.1371/journal.pone.0065927","4","8","2019-11-25 expression of concern","Opharus Rema"
"2014","article","Public Library of Science (PLoS)","PLOS ONE","Characterization of Stem-Like Cells in Mucoepidermoid Tracheal Paediatric Tumor","10.1371/journal.pone.0107712","4","1","2024-10-28 expression of concern","Aplocera Simpliciata, Crinum Natans"
"2023","article","Public Library of Science (PLoS)","PLOS ONE","Contribution of labor related gene subtype classification on heterogeneity of polycystic ovary syndrome","10.1371/journal.pone.0282292","4","1","2025-12-18 expression of concern","Hoya Camphorifolia"
"2022","article","Public Library of Science (PLoS)","PLOS ONE","In vitro osteoblast activity is decreased by residues of chemicals used in the cleaning and viral inactivation process of bone allografts","10.1371/journal.pone.0275480","4","1","2024-02-01 expression of concern","Treubia Tasmanica"
"2021","article","Public Library of Science (PLoS)","PLOS ONE","Observations of linear aggregation behavior in rotifers (Brachionus calyciflorus)","10.1371/journal.pone.0256387","4","1","2025-06-10 expression of concern","–"
"2023","article","Public Library of Science (PLoS)","PLOS ONE","Governance and competitiveness evaluation of China’s financial asset management corporations","10.1371/journal.pone.0291695","4","1","2025-12-15 expression of concern","–"
"2025","article","Public Library of Science (PLoS)","PLOS ONE","Investigations on segmentation-based fractal texture for texture classification in the presence of Gaussian noise","10.1371/journal.pone.0315135","4","0","2026-07-02 expression of concern","Guillaume Cabanac"
"2024","article","Public Library of Science (PLoS)","PLOS ONE","Assessment of the hazard risks on HVDC transmission networks due to lightning strikes and faults","10.1371/journal.pone.0313229","4","0","2026-06-11 expression of concern","–"
"2022","article","Public Library of Science (PLoS)","PLOS Global Public Health","Time-to-recovery after cesarean section delivery among women who gave birth through cesarean section at Hawassa University Comprehensive Specialized Hospital, South Ethiopia: A prospective cohort study","10.1371/journal.pgph.0000696","4","0","2025-07-28 expression of concern","–"
"2024","article","Public Library of Science (PLoS)","PLOS ONE","Digital boundaries: A study on WeChat parent-child relationships among Chinese college students and their association with family factors","10.1371/journal.pone.0311494","4","0","2026-05-11 expression of concern","–"
"2021","article","Public Library of Science (PLoS)","PLOS ONE","Expression of Concern: Custom-made artificial eyes using 3D printing for dogs: A preliminary study","10.1371/journal.pone.0245080","3","8","2022-01-13 expression of concern","–"
"2014","article","Public Library of Science (PLoS)","PLOS ONE","A Space Efficient Flexible Pivot Selection Approach to Evaluate Determinant and Inverse of a Matrix","10.1371/journal.pone.0087219","3","5","2016-07-25 expression of concern","–"
"2025","article","Public Library of Science (PLoS)","PLOS ONE","HCAP: Hybrid cyber attack prediction model for securing healthcare applications","10.1371/journal.pone.0321941","3","1","2026-02-13 expression of concern","Pestalotiopsis Conigena"
"2013","article","Public Library of Science (PLoS)","PLOS ONE","Evidence that Vpu Modulates HIV-1 Gag-Envelope Interaction towards Envelope Incorporation and Infectivity in a Cell Type Dependent Manner","10.1371/journal.pone.0061388","3","0","2024-03-26 expression of concern","Elisabeth M Bik"
"2024","article","Public Library of Science (PLoS)","PLOS ONE","Source tracing and contagion measurement of carbon emission trading price fluctuation in China from the perspective of major emergencies","10.1371/journal.pone.0298811","3","0","2025-11-24 expression of concern","Gerris Caucasicus"
"2025","article","Public Library of Science (PLoS)","PLOS ONE","Differential microRNA profiling of the Marshallese population in Arkansas reveals a higher association with chronic diseases","10.1371/journal.pone.0329321","3","0","2026-06-30 expression of concern","Hoya Camphorifolia"
"2025","article","Public Library of Science (PLoS)","PLOS ONE","Research on the aesthetic sensitivity evaluation of tourism mascots based on semantic differential method","10.1371/journal.pone.0318715","3","0","2026-02-17 expression of concern","Hoya Camphorifolia"
"2025","article","Public Library of Science (PLoS)","PLOS ONE","Trends and disparities in dilated cardiomyopathy related mortality among adults in the United States: A CDC WONDER analysis (1999–2023)","10.1371/journal.pone.0333525","3","0","2026-04-07 expression of concern","–"
"2025","article","Public Library of Science (PLoS)","PLOS ONE","Signatures of tumor microenvironment-related genes and long noncoding RNAs predict poor prognosis in osteosarcoma","10.1371/journal.pone.0326876","3","0","2026-07-27 expression of concern","–"
"2021","article","Public Library of Science (PLoS)","PLOS ONE","Determinants of change in timely first antenatal booking among pregnant women in Ethiopia: A decomposition analysis","10.1371/journal.pone.0251847","3","0","2025-07-29 expression of concern","–"
"2025","article","Public Library of Science (PLoS)","PLOS ONE","Trends, gender, and racial disparities in patients with mortality due to paroxysmal tachycardia: A nationwide analysis from 1999–2020","10.1371/journal.pone.0314715","2","1","2026-04-06 expression of concern","–"
"2025","article","Public Library of Science (PLoS)","PLOS ONE","Digital financial inclusion, population structure, and consumption upgrades: Evidence from China","10.1371/journal.pone.0316823","2","0","2026-02-12 expression of concern","Hoya Camphorifolia"
"2025","article","Public Library of Science (PLoS)","PLOS ONE","Targeting tumor-associated genes, immune response, and circulating tumor cells in intrahepatic cholangiocarcinoma: Therapeutic potential of Atractylodes lancea (Thunb.) DC","10.1371/journal.pone.0323732","2","0","2026-07-02 expression of concern","Hoya Camphorifolia"
"2020","article","Public Library of Science (PLoS)","PLOS ONE","Expression of Concern: Potential Tumor Suppressor NESG1 as an Unfavorable Prognosis Factor in Nasopharyngeal Carcinoma","10.1371/journal.pone.0231298","2","0","	- expression of concern","–"
"2024","article","Public Library of Science (PLoS)","PLOS ONE","Reports on sexual violence published in an online Chinese newspaper: A new frame research","10.1371/journal.pone.0299578","2","0","2026-05-11 expression of concern","–"
"2024","article","Public Library of Science (PLoS)","PLOS ONE","Effect of daily physical activity on ambulatory blood pressure in pregnant women with chronic hypertension: A prospective cohort study protocol","10.1371/journal.pone.0296023","2","0","2026-03-09 expression of concern","–"
"2024","article","Public Library of Science (PLoS)","PLOS ONE","Will advancement in technologies bring fear and damage human employment? Evidence from China’s manufacturing industry","10.1371/journal.pone.0295942","2","0","2026-02-26 expression of concern","–"
"2025","article","Public Library of Science (PLoS)","PLOS ONE","Trends and disparities in Non-Hodgkin Lymphoma related mortality in the United States, 1999–2020","10.1371/journal.pone.0327809","2","0","2026-04-07 expression of concern","–"
"2022","article","Public Library of Science (PLoS)","PLOS ONE","An international consensus for mitigation of the detrimental effects of the COVID-19 pandemic on laparoscopic training","10.1371/journal.pone.0272446","1","8","2025-12-18 expression of concern","–"
"2020","article","Public Library of Science (PLoS)","PLOS ONE","Expression of Concern: MiR-23a Facilitates the Replication of HSV-1 through the Suppression of Interferon Regulatory Factor 1","10.1371/journal.pone.0234092","1","7","	- expression of concern","Hoya Camphorifolia, Actinopolyspora Biskrensis"
"2025","article","Public Library of Science (PLoS)","PLOS ONE","Computational modeling and analysis of medical resource shortages in hospital alliance: A simulation-driven approach","10.1371/journal.pone.0330871","1","2","2026-06-09 expression of concern","Hoya Camphorifolia"
"2026","article","Public Library of Science (PLoS)","PLOS ONE","Expression of Concern: Signaling Networks Associated with AKT Activation in Non-Small Cell Lung Cancer (NSCLC): New Insights on the Role of Phosphatydil-Inositol-3 kinase","10.1371/journal.pone.0349359","1","1","	- expression of concern","–"
"2025","article","Public Library of Science (PLoS)","PLOS ONE","Molecular epidemiology and phylogenetics of camel anaplasmosis","10.1371/journal.pone.0331833","1","1","2026-07-22 expression of concern","–"
"2024","article","Public Library of Science (PLoS)","PLOS ONE","First molecular report of Moniezia expansa in small ruminants of Pakistan with epidemiological insight","10.1371/journal.pone.0314343","1","1","2026-07-23 expression of concern","–"
"2020","article","Public Library of Science (PLoS)","PLOS ONE","Expression of concern: Reduced CTGF expression promotes cell growth, migration, and invasion in nasopharyngeal carcinoma","10.1371/journal.pone.0231520","1","0","	- expression of concern","–"
"2021","article","Public Library of Science (PLoS)","PLOS ONE","Expression of Concern: Functional Improvement of Regulatory T Cells from Rheumatoid Arthritis Subjects Induced by Capsular Polysaccharide Glucuronoxylomannogalactan","10.1371/journal.pone.0247971","1","0","	- expression of concern","–"
"2022","article","Public Library of Science (PLoS)","PLOS ONE","Expression of Concern: Epidural Co-Administration of Dexmedetomidine and Levobupivacaine Improves the Gastrointestinal Motility Function after Colonic Resection in Comparison to Co-Administration of Morphine and Levobupivacaine","10.1371/journal.pone.0279703","1","0","	- expression of concern","–"
"2016","article","Public Library of Science (PLoS)","PLOS ONE","Correction: Who Lives Where and Does It Matter? Changes in the Health Profiles of Older People Living in Long Term Care and the Community over Two Decades in a High Income Country","10.1371/journal.pone.0164935","1","0","2017-03-14 expression of concern","–"
"2025","article","Public Library of Science (PLoS)","PLOS ONE","Creating a novel algorithm for studying the strong convergence to a sequence with applications","10.1371/journal.pone.0319047","1","0","2026-02-19 expression of concern","–"
"2024","article","Public Library of Science (PLoS)","PLOS ONE","Assessing clinical and morphological features of megalotrichosis induced by Tyrosine kinase inhibitors versus Prostaglandins analogues","10.1371/journal.pone.0313326","1","0","2025-03-07 expression of concern","–"
"2025","article","Public Library of Science (PLoS)","PLOS ONE","The effects of learning experience on college students’ deep english learning: a study of the chain mediation effect of motivation and strategy","10.1371/journal.pone.0325491","1","0","2026-07-28 expression of concern","–"
"2019","article","Public Library of Science (PLoS)","PLOS ONE","Expression of Concern: The Coordination of Cell Growth during Fission Yeast Mating Requires Ras1-GTP Hydrolysis","10.1371/journal.pone.0223817","0","0","2019-10-10 expression of concern","–"
"2023","article","Public Library of Science (PLoS)","PLOS ONE","Expression of Concern: 2-aminoethoxydiphenyl borate provides an anti-oxidative effect and mediates cardioprotection during ischemia reperfusion in mice","10.1371/journal.pone.0280118","0","0","2023-01-11 expression of concern","–"
